{
  "display_name": "mirror_5000",
  "empty_samples": 0,
  "gen_ppl": 1476.4114782138793,
  "max_tokens": 1024,
  "mean_tokens": 1024.0,
  "method": "mirror_5000",
  "min_tokens": 1024,
  "nfe": 0,
  "num_samples": 128,
  "rank_wasserstein": 3.508259676681206,
  "rep_1": 0.7141189575195312,
  "rep_2": 0.054618768328445706,
  "rep_3": 0.005931996086105693,
  "temperature": "",
  "temperature_label": "",
  "unigram_entropy": 5.153420232486925,
  "unique_1gram_corpus": 0.0359954833984375,
  "unique_1gram_sample": 0.28588104248046875,
  "unique_2gram_corpus": 0.6546768084066471,
  "unique_2gram_sample": 0.9453812316715546,
  "unique_3gram_corpus": 0.9602724437377691,
  "unique_3gram_sample": 0.9940680039138944,
  "unique_4gram_corpus": 0.9990282198824681,
  "unique_4gram_sample": 0.9998928746327131
}
