{
  "display_name": "periodic_400",
  "empty_samples": 0,
  "gen_ppl": 21.797587788899477,
  "max_tokens": 1024,
  "mean_tokens": 1024.0,
  "method": "periodic_400",
  "min_tokens": 1024,
  "nfe": 0,
  "num_samples": 128,
  "rank_wasserstein": 1.0921635440049469,
  "rep_1": 0.609375,
  "rep_2": 0.6089931573802544,
  "rep_3": 0.6086105675146755,
  "temperature": "",
  "temperature_label": "",
  "unigram_entropy": 5.972238147843534,
  "unique_1gram_corpus": 0.0030517578125,
  "unique_1gram_sample": 0.390625,
  "unique_2gram_corpus": 0.0030547409579667643,
  "unique_2gram_sample": 0.39100684261974555,
  "unique_3gram_corpus": 0.003057729941291585,
  "unique_3gram_sample": 0.39138943248532376,
  "unique_4gram_corpus": 0.0030607247796278158,
  "unique_4gram_sample": 0.391772771792361
}
