{
  "display_name": "phrase_bank_5000",
  "empty_samples": 0,
  "gen_ppl": 122.93901859820878,
  "max_tokens": 1024,
  "mean_tokens": 1024.0,
  "method": "phrase_bank_5000",
  "min_tokens": 1024,
  "nfe": 0,
  "num_samples": 128,
  "rank_wasserstein": 1.4347434619392456,
  "rep_1": 0.598297119140625,
  "rep_2": 0.277492668621701,
  "rep_3": 0.1347159368884539,
  "temperature": "",
  "temperature_label": "",
  "unigram_entropy": 4.969752494772346,
  "unique_1gram_corpus": 0.01645660400390625,
  "unique_1gram_sample": 0.401702880859375,
  "unique_2gram_corpus": 0.1547608137829912,
  "unique_2gram_sample": 0.7225073313782987,
  "unique_3gram_corpus": 0.34579103473581213,
  "unique_3gram_sample": 0.8652840631115473,
  "unique_4gram_corpus": 0.5434622918707149,
  "unique_4gram_sample": 0.9595219147894222
}
