{
  "display_name": "top_k_iid_64",
  "empty_samples": 0,
  "gen_ppl": 146.04465151487994,
  "max_tokens": 1024,
  "mean_tokens": 1024.0,
  "method": "top_k_iid_64",
  "min_tokens": 1024,
  "nfe": 0,
  "num_samples": 128,
  "rank_wasserstein": 1.4235409400057257,
  "rep_1": 0.937774658203125,
  "rep_2": 0.3814913245356796,
  "rep_3": 0.03838215508806262,
  "temperature": "",
  "temperature_label": "",
  "unigram_entropy": 3.5611426334462135,
  "unique_1gram_corpus": 0.00048828125,
  "unique_1gram_sample": 0.062225341796875,
  "unique_2gram_corpus": 0.03082997311827957,
  "unique_2gram_sample": 0.6185086754643209,
  "unique_3gram_corpus": 0.4010518590998043,
  "unique_3gram_sample": 0.9616178449119382,
  "unique_4gram_corpus": 0.8709368878550441,
  "unique_4gram_sample": 0.9981100024485812
}
