{
  "metadata": {
    "batch_size": 2,
    "cache_dir": "/kaggle/tmp/huggingface_cache/owt",
    "created_utc": "2026-07-12T18:35:23.668552+00:00",
    "device": "cuda",
    "limit_samples": null,
    "max_length": 1024,
    "num_reference": 128,
    "rank_position_chunk": 64,
    "reference_split": "train[-100000:]",
    "scorer_model": "Qwen/Qwen3.5-4B",
    "sweeps": {
      "ar": "cache/generated_texts/gpt2"
    }
  },
  "metrics": [
    {
      "empty_samples": 1,
      "gen_ppl": 2.082044578370017,
      "max_tokens": 1476,
      "mean_tokens": 784.703125,
      "method": "ar",
      "min_tokens": 0,
      "nfe": 64,
      "num_samples": 256,
      "rank_wasserstein": 0.966394849795267,
      "rep_1": 0.8052558442564919,
      "rep_2": 0.6621757557249136,
      "rep_3": 0.5987677441446384,
      "source_entropy": null,
      "source_file": "/kaggle/working/ranking_divergence/cache/generated_texts/gpt2/samples_steps64_temp0.600.json",
      "source_gen_ppl": null,
      "temperature": 0.6,
      "temperature_label": "0.600",
      "unigram_entropy": 3.734203397888877,
      "unique_1gram_corpus": 0.03167001851814978,
      "unique_1gram_sample": 0.19474415574350837,
      "unique_2gram_corpus": 0.1382751247327156,
      "unique_2gram_sample": 0.3378242442750864,
      "unique_3gram_corpus": 0.24576042799964068,
      "unique_3gram_sample": 0.40123225585536154,
      "unique_4gram_corpus": 0.31450287079187883,
      "unique_4gram_sample": 0.43760799380756815
    },
    {
      "empty_samples": 1,
      "gen_ppl": 2.4329701529627674,
      "max_tokens": 1484,
      "mean_tokens": 767.0625,
      "method": "ar",
      "min_tokens": 0,
      "nfe": 64,
      "num_samples": 256,
      "rank_wasserstein": 0.8935116318094997,
      "rep_1": 0.7732938495336441,
      "rep_2": 0.6075406949503495,
      "rep_3": 0.5345337365588685,
      "source_entropy": null,
      "source_file": "/kaggle/working/ranking_divergence/cache/generated_texts/gpt2/samples_steps64_temp0.625.json",
      "source_gen_ppl": null,
      "temperature": 0.625,
      "temperature_label": "0.625",
      "unigram_entropy": 3.8609261276345754,
      "unique_1gram_corpus": 0.03824452049213721,
      "unique_1gram_sample": 0.22670615046635653,
      "unique_2gram_corpus": 0.16870885662857638,
      "unique_2gram_sample": 0.39245930504965054,
      "unique_3gram_corpus": 0.2992116737636451,
      "unique_3gram_sample": 0.46546626344113157,
      "unique_4gram_corpus": 0.3795902925824246,
      "unique_4gram_sample": 0.5045987456770754
    },
    {
      "empty_samples": 1,
      "gen_ppl": 2.749656702853403,
      "max_tokens": 1460,
      "mean_tokens": 751.078125,
      "method": "ar",
      "min_tokens": 0,
      "nfe": 64,
      "num_samples": 256,
      "rank_wasserstein": 0.8341538046901781,
      "rep_1": 0.7534539200712016,
      "rep_2": 0.5723263619509129,
      "rep_3": 0.49315530612092867,
      "source_entropy": null,
      "source_file": "/kaggle/working/ranking_divergence/cache/generated_texts/gpt2/samples_steps64_temp0.650.json",
      "source_gen_ppl": null,
      "temperature": 0.65,
      "temperature_label": "0.650",
      "unigram_entropy": 3.9883629189844507,
      "unique_1gram_corpus": 0.043754810792818656,
      "unique_1gram_sample": 0.24654607992879826,
      "unique_2gram_corpus": 0.19002088313257404,
      "unique_2gram_sample": 0.4276736380490872,
      "unique_3gram_corpus": 0.3347047964706987,
      "unique_3gram_sample": 0.5068446938790713,
      "unique_4gram_corpus": 0.42046148785187276,
      "unique_4gram_sample": 0.5484031816017143
    },
    {
      "empty_samples": 1,
      "gen_ppl": 3.376040831360227,
      "max_tokens": 1338,
      "mean_tokens": 698.609375,
      "method": "ar",
      "min_tokens": 0,
      "nfe": 64,
      "num_samples": 256,
      "rank_wasserstein": 0.7419453069001437,
      "rep_1": 0.7118106044910495,
      "rep_2": 0.49529439964449834,
      "rep_3": 0.40558343560155946,
      "source_entropy": null,
      "source_file": "/kaggle/working/ranking_divergence/cache/generated_texts/gpt2/samples_steps64_temp0.675.json",
      "source_gen_ppl": null,
      "temperature": 0.675,
      "temperature_label": "0.675",
      "unigram_entropy": 4.109389337739256,
      "unique_1gram_corpus": 0.048584241014515445,
      "unique_1gram_sample": 0.28818939550895056,
      "unique_2gram_corpus": 0.21969438207280403,
      "unique_2gram_sample": 0.5047056003555016,
      "unique_3gram_corpus": 0.3913050792333487,
      "unique_3gram_sample": 0.5944165643984407,
      "unique_4gram_corpus": 0.49389315977740217,
      "unique_4gram_sample": 0.6395479940262242
    },
    {
      "empty_samples": 1,
      "gen_ppl": 4.062807829460212,
      "max_tokens": 1457,
      "mean_tokens": 688.265625,
      "method": "ar",
      "min_tokens": 0,
      "nfe": 64,
      "num_samples": 256,
      "rank_wasserstein": 0.6496412830352778,
      "rep_1": 0.6874873030174234,
      "rep_2": 0.4461133180060111,
      "rep_3": 0.3476447362573787,
      "source_entropy": null,
      "source_file": "/kaggle/working/ranking_divergence/cache/generated_texts/gpt2/samples_steps64_temp0.700.json",
      "source_gen_ppl": null,
      "temperature": 0.7,
      "temperature_label": "0.700",
      "unigram_entropy": 4.208143148508009,
      "unique_1gram_corpus": 0.05280483098367727,
      "unique_1gram_sample": 0.312512696982576,
      "unique_2gram_corpus": 0.24849807605958815,
      "unique_2gram_sample": 0.553886681993989,
      "unique_3gram_corpus": 0.44586364309051374,
      "unique_3gram_sample": 0.6523552637426213,
      "unique_4gram_corpus": 0.5608928866619924,
      "unique_4gram_sample": 0.6992705814493858
    },
    {
      "empty_samples": 1,
      "gen_ppl": 5.179783918184172,
      "max_tokens": 1457,
      "mean_tokens": 667.8671875,
      "method": "ar",
      "min_tokens": 0,
      "nfe": 64,
      "num_samples": 256,
      "rank_wasserstein": 0.5253359159081282,
      "rep_1": 0.6507174446082348,
      "rep_2": 0.38648998723661615,
      "rep_3": 0.28443170849263943,
      "source_entropy": null,
      "source_file": "/kaggle/working/ranking_divergence/cache/generated_texts/gpt2/samples_steps64_temp0.725.json",
      "source_gen_ppl": null,
      "temperature": 0.725,
      "temperature_label": "0.725",
      "unigram_entropy": 4.330585811242909,
      "unique_1gram_corpus": 0.061243229964789966,
      "unique_1gram_sample": 0.349282555391765,
      "unique_2gram_corpus": 0.2919475863846438,
      "unique_2gram_sample": 0.6135100127633842,
      "unique_3gram_corpus": 0.5164257555847569,
      "unique_3gram_sample": 0.7155682915073607,
      "unique_4gram_corpus": 0.6390085130633515,
      "unique_4gram_sample": 0.7606222340942508
    },
    {
      "empty_samples": 1,
      "gen_ppl": 6.3127488228403905,
      "max_tokens": 1401,
      "mean_tokens": 678.51171875,
      "method": "ar",
      "min_tokens": 0,
      "nfe": 64,
      "num_samples": 256,
      "rank_wasserstein": 0.4190955379441435,
      "rep_1": 0.621422769253528,
      "rep_2": 0.3447048091885132,
      "rep_3": 0.2415304552785143,
      "source_entropy": null,
      "source_file": "/kaggle/working/ranking_divergence/cache/generated_texts/gpt2/samples_steps64_temp0.750.json",
      "source_gen_ppl": null,
      "temperature": 0.75,
      "temperature_label": "0.750",
      "unigram_entropy": 4.415734794567027,
      "unique_1gram_corpus": 0.06693187640688777,
      "unique_1gram_sample": 0.37857723074647137,
      "unique_2gram_corpus": 0.31948640483383683,
      "unique_2gram_sample": 0.6552951908114861,
      "unique_3gram_corpus": 0.5594754863184151,
      "unique_3gram_sample": 0.7584695447214859,
      "unique_4gram_corpus": 0.6880428371517457,
      "unique_4gram_sample": 0.8023608551715626
    },
    {
      "empty_samples": 1,
      "gen_ppl": 7.793870613499447,
      "max_tokens": 1435,
      "mean_tokens": 620.3671875,
      "method": "ar",
      "min_tokens": 0,