{
  "metadata": {
    "seed": 13,
    "sample_length": 1024,
    "num_samples": 2,
    "num_reference": 2,
    "num_sampler_source": 8,
    "scorer_model": "gpt2-large",
    "generator_model": "gpt2",
    "temperature": 1.0,
    "top_p": 1.0,
    "generator_top_k": 0,
    "generator_do_sample": true,
    "generator_eos_token_id": 50256,
    "generator_stops_at_eos": true,
    "sampler_parameters": {
      "top_k": 64,
      "mirror_k": 5000,
      "periodic_k": 400,
      "phrase_bank_m": 5000,
      "phrase_bank_n": 5
    },
    "splits": {
      "sampler_source_split": "train[:-100000]",
      "heldout_split": "train[-100000:]",
      "scratch_dir": "/home/patrick/.cache/discrete_diffusion",
      "cache_dir": "/home/patrick/.cache/discrete_diffusion/owt",
      "reference_split": "train[-100000:]"
    }
  },
  "metrics": [
    {
      "name": "gpt2",
      "unigram_entropy": 5.23188120596901,
      "gen_ppl": 100.10596466064453,
      "rank_wasserstein": 1.4156341236664356,
      "unique_1gram_sample": 0.6703933206415569,
      "unique_1gram_corpus": 0.5926352128883774,
      "unique_2gram_sample": 0.9435495977881476,
      "unique_2gram_corpus": 0.9319492502883506,
      "unique_3gram_sample": 0.9903930817610063,
      "unique_3gram_corpus": 0.9884393063583815,
      "unique_4gram_sample": 1.0,
      "unique_4gram_corpus": 1.0,
      "rep_1": 0.3296066793584431,
      "rep_2": 0.056450402211852435,
      "rep_3": 0.009606918238993734
    },
    {
      "name": "top_k_iid_64",
      "unigram_entropy": 3.6401756258789497,
      "gen_ppl": 139.38668823242188,
      "rank_wasserstein": 1.5352508901920812,
      "unique_1gram_sample": 0.0625,
      "unique_1gram_corpus": 0.03125,
      "unique_2gram_sample": 0.6573802541544477,
      "unique_2gram_corpus": 0.5210166177908113,
      "unique_3gram_sample": 0.9745596868884541,
      "unique_3gram_corpus": 0.9500978473581213,
      "unique_4gram_sample": 0.9990205680705191,
      "unique_4gram_corpus": 0.9985308521057786,
      "rep_1": 0.9375,
      "rep_2": 0.3426197458455523,
      "rep_3": 0.025440313111545987
    },
    {
      "name": "mirror_5000",
      "unigram_entropy": 5.335400914611807,
      "gen_ppl": 2992.899169921875,
      "rank_wasserstein": 4.2442377999895005,
      "unique_1gram_sample": 0.30859375,
      "unique_1gram_corpus": 0.263671875,
      "unique_2gram_sample": 0.9716520039100685,
      "unique_2gram_corpus": 0.9525904203323559,
      "unique_3gram_sample": 0.99559686888454,
      "unique_3gram_corpus": 0.9955968688845401,
      "unique_4gram_sample": 1.0,
      "unique_4gram_corpus": 1.0,
      "rep_1": 0.69140625,
      "rep_2": 0.02834799608993155,
      "rep_3": 0.004403131115459924
    },
    {
      "name": "periodic_400",
      "unigram_entropy": 5.972238147843526,
      "gen_ppl": 27.92310333251953,
      "rank_wasserstein": 1.3014623179341942,
      "unique_1gram_sample": 0.390625,
      "unique_1gram_corpus": 0.1953125,
      "unique_2gram_sample": 0.39100684261974583,
      "unique_2gram_corpus": 0.19550342130987292,
      "unique_3gram_sample": 0.3913894324853229,
      "unique_3gram_corpus": 0.19569471624266144,
      "unique_4gram_sample": 0.3917727717923604,
      "unique_4gram_corpus": 0.1958863858961802,
      "rep_1": 0.609375,
      "rep_2": 0.6089931573802542,
      "rep_3": 0.6086105675146771
    },
    {
      "name": "phrase_bank_5000",
      "unigram_entropy": 5.537827457492668,
      "gen_ppl": 308.58697509765625,
      "rank_wasserstein": 2.1905937573501726,
      "unique_1gram_sample": 0.47607421875,
      "unique_1gram_corpus": 0.376953125,
      "unique_2gram_sample": 0.8641251221896383,
      "unique_2gram_corpus": 0.7986314760508308,
      "unique_3gram_sample": 0.9452054794520548,
      "unique_3gram_corpus": 0.9129158512720157,
      "unique_4gram_sample": 0.9813907933398629,
      "unique_4gram_corpus": 0.9657198824681684,
      "rep_1": 0.52392578125,
      "rep_2": 0.13587487781036167,
      "rep_3": 0.05479452054794526
    }
  ]
}
