{
  "empty_samples": 0,
  "gen_ppl": 1242.940442241504,
  "max_tokens": 1031,
  "mean_tokens": 1021.4609375,
  "method": "candi",
  "min_tokens": 1012,
  "nfe": 64,
  "num_samples": 256,
  "rank_wasserstein": 3.4382067595076586,
  "rep_1": 0.26888738540872137,
  "rep_2": 0.030458711217590487,
  "rep_3": 0.007332337276369917,
  "source_entropy": 6.308475494384766,
  "source_file": "/data/remote_cache/patrick/discrete_diffusion/gen-sample-candi-proj/candi-orig-50k/samples_steps64_temp1.148.json",
  "source_gen_ppl": 1242.8568115234375,
  "temperature": 1.1482758522033691,
  "temperature_label": "1.148",
  "unigram_entropy": 6.309200185474184,
  "unique_1gram_corpus": 0.10373469372146206,
  "unique_1gram_sample": 0.7311126145912783,
  "unique_2gram_corpus": 0.4323337339896952,
  "unique_2gram_sample": 0.9695412887824091,
  "unique_3gram_corpus": 0.4878727268547256,
  "unique_3gram_sample": 0.9926676627236294,
  "unique_4gram_corpus": 0.49749161955462823,
  "unique_4gram_sample": 0.9989725171261294
}
