{
  "empty_samples": 0,
  "gen_ppl": 27662.71711781378,
  "max_tokens": 1053,
  "mean_tokens": 1037.21875,
  "method": "candi",
  "min_tokens": 1023,
  "nfe": 64,
  "num_samples": 256,
  "rank_wasserstein": 6.625530958795459,
  "rep_1": 0.04638352790536908,
  "rep_2": 0.0004225046097183754,
  "rep_3": 0.0,
  "source_entropy": 6.869775295257568,
  "source_file": "/data/remote_cache/patrick/discrete_diffusion/gen-sample-candi-proj/candi-orig-50k/samples_steps64_temp1.541.json",
  "source_gen_ppl": 27662.599609375,
  "temperature": 1.5413793325424194,
  "temperature_label": "1.541",
  "unigram_entropy": 6.8754878321325394,
  "unique_1gram_corpus": 0.1447154349070531,
  "unique_1gram_sample": 0.9536164720946305,
  "unique_2gram_corpus": 0.49786257124762506,
  "unique_2gram_sample": 0.9995774953902816,
  "unique_3gram_corpus": 0.49996603978627707,
  "unique_3gram_sample": 1.0,
  "unique_4gram_corpus": 0.5,
  "unique_4gram_sample": 1.0
}
