{
  "empty_samples": 0,
  "gen_ppl": 35.55231125159441,
  "max_tokens": 1024,
  "mean_tokens": 1020.1875,
  "method": "candi",
  "min_tokens": 1011,
  "nfe": 16,
  "num_samples": 256,
  "rank_wasserstein": 0.5689568095114891,
  "rep_1": 0.667629279841921,
  "rep_2": 0.2689166389502399,
  "rep_3": 0.10723198977046468,
  "source_entropy": 4.827908515930176,
  "source_file": "/data/remote_cache/patrick/discrete_diffusion/gen-sample-candi-proj/candi-orig-50k/samples_steps16_temp0.755.json",
  "source_gen_ppl": 35.54806900024414,
  "temperature": 0.7551723718643188,
  "temperature_label": "0.755",
  "unigram_entropy": 4.850811960281685,
  "unique_1gram_corpus": 0.03373307602769099,
  "unique_1gram_sample": 0.33237072015807917,
  "unique_2gram_corpus": 0.18512371987490034,
  "unique_2gram_sample": 0.7310833610497602,
  "unique_3gram_corpus": 0.3447724203547971,
  "unique_3gram_sample": 0.8927680102295354,
  "unique_4gram_corpus": 0.42967357910906295,
  "unique_4gram_sample": 0.9602559214583581
}
