{
  "empty_samples": 0,
  "gen_ppl": 6.531302378733203,
  "max_tokens": 1025,
  "mean_tokens": 1022.1640625,
  "method": "candi",
  "min_tokens": 913,
  "nfe": 128,
  "num_samples": 256,
  "rank_wasserstein": 0.522344697094514,
  "rep_1": 0.8746986350332966,
  "rep_2": 0.6702207563597052,
  "rep_3": 0.49309640056566784,
  "source_entropy": 3.6226963996887207,
  "source_file": "/data/remote_cache/patrick/discrete_diffusion/gen-sample-candi-proj/candi-orig-50k/samples_steps128_temp0.493.json",
  "source_gen_ppl": 6.530155658721924,
  "temperature": 0.4931034445762634,
  "temperature_label": "0.493",
  "unigram_entropy": 3.6304852088691466,
  "unique_1gram_corpus": 0.010203535697088744,
  "unique_1gram_sample": 0.1253013649667038,
  "unique_2gram_corpus": 0.060768577527178694,
  "unique_2gram_sample": 0.3297792436402948,
  "unique_3gram_corpus": 0.14958914390301806,
  "unique_3gram_sample": 0.5069035994343323,
  "unique_4gram_corpus": 0.23924708515710638,
  "unique_4gram_sample": 0.6477154291318207
}
