{
  "empty_samples": 0,
  "gen_ppl": 268.9313492421357,
  "max_tokens": 1028,
  "mean_tokens": 1021.6640625,
  "method": "candi",
  "min_tokens": 1015,
  "nfe": 32,
  "num_samples": 256,
  "rank_wasserstein": 2.119418081875227,
  "rep_1": 0.40640574897433324,
  "rep_2": 0.07561760083318451,
  "rep_3": 0.022896480703615565,
  "source_entropy": 5.864887714385986,
  "source_file": "/data/remote_cache/patrick/discrete_diffusion/gen-sample-candi-proj/candi-orig-50k/samples_steps32_temp1.017.json",
  "source_gen_ppl": 268.89776611328125,
  "temperature": 1.017241358757019,
  "temperature_label": "1.017",
  "unigram_entropy": 5.867589254549639,
  "unique_1gram_corpus": 0.08041032934933053,
  "unique_1gram_sample": 0.593594251025667,
  "unique_2gram_corpus": 0.3569137739676222,
  "unique_2gram_sample": 0.9243823991668159,
  "unique_3gram_corpus": 0.4624761525318541,
  "unique_3gram_sample": 0.9771035192963846,
  "unique_4gram_corpus": 0.48792076018682556,
  "unique_4gram_sample": 0.9955307067901122
}
