{
  "empty_samples": 0,
  "gen_ppl": 4.2185744521524065,
  "max_tokens": 1024,
  "mean_tokens": 1022.71875,
  "method": "candi",
  "min_tokens": 954,
  "nfe": 128,
  "num_samples": 256,
  "rank_wasserstein": 0.7563453594585673,
  "rep_1": 0.9354516928048798,
  "rep_2": 0.8249695646655619,
  "rep_3": 0.7052338187924041,
  "source_entropy": 2.9493424892425537,
  "source_file": "/data/remote_cache/patrick/discrete_diffusion/gen-sample-candi-proj/candi-orig-50k/samples_steps128_temp0.100.json",
  "source_gen_ppl": 4.217846870422363,
  "temperature": 0.10000000149011612,
  "temperature_label": "0.100",
  "unigram_entropy": 2.955366338100839,
  "unique_1gram_corpus": 0.004594829956916307,
  "unique_1gram_sample": 0.06454830719511959,
  "unique_2gram_corpus": 0.026643982260284447,
  "unique_2gram_sample": 0.17503043533443838,
  "unique_3gram_corpus": 0.07215733398646787,
  "unique_3gram_sample": 0.29476618120759635,
  "unique_4gram_corpus": 0.13130918451778983,
  "unique_4gram_sample": 0.4167018346432276
}
