{
  "empty_samples": 0,
  "gen_ppl": 48323.93137783899,
  "max_tokens": 1064,
  "mean_tokens": 1046.4453125,
  "method": "candi",
  "min_tokens": 1031,
  "nfe": 16,
  "num_samples": 256,
  "rank_wasserstein": 7.253909349725498,
  "rep_1": 0.027292253840085635,
  "rep_2": 5.97806239008335e-05,
  "rep_3": 0.0,
  "source_entropy": 6.901232719421387,
  "source_file": "/data/remote_cache/patrick/discrete_diffusion/gen-sample-candi-proj/candi-orig-50k/samples_steps16_temp1.869.json",
  "source_gen_ppl": 48323.67578125,
  "temperature": 1.86896550655365,
  "temperature_label": "1.869",
  "unigram_entropy": 6.913730634048286,
  "unique_1gram_corpus": 0.1534585090895517,
  "unique_1gram_sample": 0.9727077461599138,
  "unique_2gram_corpus": 0.4989612680003288,
  "unique_2gram_sample": 0.9999402193760994,
  "unique_3gram_corpus": 0.49995885974163917,
  "unique_3gram_sample": 1.0,
  "unique_4gram_corpus": 0.4999962563922103,
  "unique_4gram_sample": 1.0
}
