{
  "empty_samples": 0,
  "gen_ppl": 5.398541851081291,
  "max_tokens": 1024,
  "mean_tokens": 1022.921875,
  "method": "candi",
  "min_tokens": 1013,
  "nfe": 64,
  "num_samples": 256,
  "rank_wasserstein": 0.6308980395196231,
  "rep_1": 0.9131108380563698,
  "rep_2": 0.7604425399891923,
  "rep_3": 0.6059226473900979,
  "source_entropy": 3.26343035697937,
  "source_file": "/data/remote_cache/patrick/discrete_diffusion/gen-sample-candi-proj/candi-orig-50k/samples_steps64_temp0.362.json",
  "source_gen_ppl": 5.397581100463867,
  "temperature": 0.36206895112991333,
  "temperature_label": "0.362",
  "unigram_entropy": 3.2713405192217717,
  "unique_1gram_corpus": 0.006644569019506011,
  "unique_1gram_sample": 0.08688916194363004,
  "unique_2gram_corpus": 0.04085057260370319,
  "unique_2gram_sample": 0.23955746001080747,
  "unique_3gram_corpus": 0.10832351275654663,
  "unique_3gram_sample": 0.39407735260990223,
  "unique_4gram_corpus": 0.18878973573343547,
  "unique_4gram_sample": 0.5380693025720049
}
