{
  "empty_samples": 0,
  "gen_ppl": 53277.93871965093,
  "max_tokens": 1069,
  "mean_tokens": 1047.546875,
  "method": "candi",
  "min_tokens": 1029,
  "nfe": 32,
  "num_samples": 256,
  "rank_wasserstein": 7.359583482628004,
  "rep_1": 0.024892632239681554,
  "rep_2": 4.474309823601207e-05,
  "rep_3": 0.0,
  "source_entropy": 6.90563440322876,
  "source_file": "/data/remote_cache/patrick/discrete_diffusion/gen-sample-candi-proj/candi-orig-50k/samples_steps32_temp2.000.json",
  "source_gen_ppl": 53277.80078125,
  "temperature": 2.0,
  "temperature_label": "2.000",
  "unigram_entropy": 6.918372850212128,
  "unique_1gram_corpus": 0.1556314604060081,
  "unique_1gram_sample": 0.9751073677603183,
  "unique_2gram_corpus": 0.49908553427193597,
  "unique_2gram_sample": 0.9999552569017638,
  "unique_3gram_corpus": 0.49998505566763807,
  "unique_3gram_sample": 1.0,
  "unique_4gram_corpus": 0.5,
  "unique_4gram_sample": 1.0
}
