{
  "empty_samples": 0,
  "gen_ppl": 7453.0600442435425,
  "max_tokens": 1036,
  "mean_tokens": 1026.3671875,
  "method": "candi",
  "min_tokens": 1014,
  "nfe": 32,
  "num_samples": 256,
  "rank_wasserstein": 5.189693250373741,
  "rep_1": 0.13060051793756502,
  "rep_2": 0.007641815145138635,
  "rep_3": 0.0012224340435998647,
  "source_entropy": 6.687177658081055,
  "source_file": "/data/remote_cache/patrick/discrete_diffusion/gen-sample-candi-proj/candi-orig-50k/samples_steps32_temp1.279.json",
  "source_gen_ppl": 7452.93896484375,
  "temperature": 1.2793103456497192,
  "temperature_label": "1.279",
  "unigram_entropy": 6.691034180358352,
  "unique_1gram_corpus": 0.12515318744053283,
  "unique_1gram_sample": 0.8693994820624349,
  "unique_2gram_corpus": 0.4820986384450692,
  "unique_2gram_sample": 0.9923581848548615,
  "unique_3gram_corpus": 0.4977348820537069,
  "unique_3gram_sample": 0.9987775659564001,
  "unique_4gram_corpus": 0.49969845256544343,
  "unique_4gram_sample": 0.9998395201275065
}
