{
  "empty_samples": 0,
  "gen_ppl": 19885.93442626348,
  "max_tokens": 1045,
  "mean_tokens": 1033.375,
  "method": "candi",
  "min_tokens": 1022,
  "nfe": 16,
  "num_samples": 256,
  "rank_wasserstein": 6.258555654679097,
  "rep_1": 0.06570904381660847,
  "rep_2": 0.0015285299369961931,
  "rep_3": 0.00011355612049029559,
  "source_entropy": 6.8320088386535645,
  "source_file": "/data/remote_cache/patrick/discrete_diffusion/gen-sample-candi-proj/candi-orig-50k/samples_steps16_temp1.410.json",
  "source_gen_ppl": 19885.83984375,
  "temperature": 1.4103448390960693,
  "temperature_label": "1.410",
  "unigram_entropy": 6.837890680268678,
  "unique_1gram_corpus": 0.13719834885690094,
  "unique_1gram_sample": 0.9342909561833913,
  "unique_2gram_corpus": 0.49537625620535175,
  "unique_2gram_sample": 0.9984714700630035,
  "unique_3gram_corpus": 0.4997045812628772,
  "unique_3gram_sample": 0.9998864438795099,
  "unique_4gram_corpus": 0.4999848356181002,
  "unique_4gram_sample": 0.9999924443907157
}
