{
  "empty_samples": 0,
  "gen_ppl": 6.4396283751276915,
  "max_tokens": 1024,
  "mean_tokens": 1020.7578125,
  "method": "candi",
  "min_tokens": 996,
  "nfe": 32,
  "num_samples": 256,
  "rank_wasserstein": 0.5423785354572256,
  "rep_1": 0.9075350545361778,
  "rep_2": 0.7364958949880075,
  "rep_3": 0.5605426751270531,
  "source_entropy": 3.2968969345092773,
  "source_file": "/data/remote_cache/patrick/discrete_diffusion/gen-sample-candi-proj/candi-orig-50k/samples_steps32_temp0.428.json",
  "source_gen_ppl": 6.438425540924072,
  "temperature": 0.4275861978530884,
  "temperature_label": "0.428",
  "unigram_entropy": 3.316386223874709,
  "unique_1gram_corpus": 0.0065974268504557735,
  "unique_1gram_sample": 0.09246494546382121,
  "unique_2gram_corpus": 0.042584406530349575,
  "unique_2gram_sample": 0.2635041050119919,
  "unique_3gram_corpus": 0.11859955061694312,
  "unique_3gram_sample": 0.4394573248729467,
  "unique_4gram_corpus": 0.21099920935266708,
  "unique_4gram_sample": 0.5981993547768583
}
