{
  "empty_samples": 0,
  "gen_ppl": 53.76920525467895,
  "max_tokens": 1027,
  "mean_tokens": 1022.375,
  "method": "candi",
  "min_tokens": 1014,
  "nfe": 128,
  "num_samples": 256,
  "rank_wasserstein": 0.8808031557112116,
  "rep_1": 0.565428919042895,
  "rep_2": 0.177763333025084,
  "rep_3": 0.06669193235940081,
  "source_entropy": 5.3140869140625,
  "source_file": "/data/remote_cache/patrick/discrete_diffusion/gen-sample-candi-proj/candi-orig-50k/samples_steps128_temp0.886.json",
  "source_gen_ppl": 53.75987243652344,
  "temperature": 0.886206865310669,
  "temperature_label": "0.886",
  "unigram_entropy": 5.3142715986375615,
  "unique_1gram_corpus": 0.05297102335248808,
  "unique_1gram_sample": 0.4345710809571049,
  "unique_2gram_corpus": 0.25897610451597114,
  "unique_2gram_sample": 0.8222366669749165,
  "unique_3gram_corpus": 0.4062614847482543,
  "unique_3gram_sample": 0.9333080676405996,
  "unique_4gram_corpus": 0.46019696505211527,
  "unique_4gram_sample": 0.9754012755353999
}
