{
  "empty_samples": 0,
  "gen_ppl": 18358.974335360483,
  "max_tokens": 1050,
  "mean_tokens": 1032.234375,
  "method": "candi",
  "min_tokens": 1021,
  "nfe": 32,
  "num_samples": 256,
  "rank_wasserstein": 6.163459927774496,
  "rep_1": 0.06752093449314653,
  "rep_2": 0.001698148218654343,
  "rep_3": 9.862196452124425e-05,
  "source_entropy": 6.827266693115234,
  "source_file": "/data/remote_cache/patrick/discrete_diffusion/gen-sample-candi-proj/candi-orig-50k/samples_steps32_temp1.410.json",
  "source_gen_ppl": 18358.873046875,
  "temperature": 1.4103448390960693,
  "temperature_label": "1.410",
  "unigram_entropy": 6.832831738604205,
  "unique_1gram_corpus": 0.13786839834703238,
  "unique_1gram_sample": 0.932479065506853,
  "unique_2gram_corpus": 0.4952272004121275,
  "unique_2gram_sample": 0.9983018517813453,
  "unique_3gram_corpus": 0.4996815045120194,
  "unique_3gram_sample": 0.9999013780354791,
  "unique_4gram_corpus": 0.49998481881252754,
  "unique_4gram_sample": 0.9999924076773568
}
