{
  "empty_samples": 0,
  "gen_ppl": 15.172240617299202,
  "max_tokens": 1022,
  "mean_tokens": 1004.7734375,
  "method": "candi",
  "min_tokens": 859,
  "nfe": 8,
  "num_samples": 256,
  "rank_wasserstein": 0.2675137245330451,
  "rep_1": 0.8904777811320191,
  "rep_2": 0.6333663395187652,
  "rep_3": 0.37595708856430793,
  "source_entropy": 3.325636386871338,
  "source_file": "/data/remote_cache/patrick/discrete_diffusion/gen-sample-candi-proj/candi-orig-50k/samples_steps8_temp0.559.json",
  "source_gen_ppl": 15.169678688049316,
  "temperature": 0.5586206912994385,
  "temperature_label": "0.559",
  "unigram_entropy": 3.4252654426855695,
  "unique_1gram_corpus": 0.007172792373902699,
  "unique_1gram_sample": 0.10952221886798008,
  "unique_2gram_corpus": 0.05647050582567344,
  "unique_2gram_sample": 0.3666336604812353,
  "unique_3gram_corpus": 0.17024658174593899,
  "unique_3gram_sample": 0.6240429114356923,
  "unique_4gram_corpus": 0.30210486091072863,
  "unique_4gram_sample": 0.8098705348770638
}
