{
  "empty_samples": 0,
  "gen_ppl": 6.055255323567572,
  "max_tokens": 1024,
  "mean_tokens": 1013.3046875,
  "method": "candi",
  "min_tokens": 969,
  "nfe": 16,
  "num_samples": 256,
  "rank_wasserstein": 0.5916824592222829,
  "rep_1": 0.947258843454945,
  "rep_2": 0.82512764048682,
  "rep_3": 0.668736208960127,
  "source_entropy": 2.746661424636841,
  "source_file": "/data/remote_cache/patrick/discrete_diffusion/gen-sample-candi-proj/candi-orig-50k/samples_steps16_temp0.231.json",
  "source_gen_ppl": 6.054046630859375,
  "temperature": 0.23103448748588562,
  "temperature_label": "0.231",
  "unigram_entropy": 2.800432611030334,
  "unique_1gram_corpus": 0.002632938328334734,
  "unique_1gram_sample": 0.05274115654505511,
  "unique_2gram_corpus": 0.021030291337063477,
  "unique_2gram_sample": 0.17487235951318,
  "unique_3gram_corpus": 0.07004411071712748,
  "unique_3gram_sample": 0.33126379103987263,
  "unique_4gram_corpus": 0.1468113734254054,
  "unique_4gram_sample": 0.5010858836831972
}
