{
  "empty_samples": 0,
  "gen_ppl": 1834.8208133350788,
  "max_tokens": 1031,
  "mean_tokens": 1021.328125,
  "method": "candi",
  "min_tokens": 1011,
  "nfe": 8,
  "num_samples": 256,
  "rank_wasserstein": 3.781364393296987,
  "rep_1": 0.2771124379369988,
  "rep_2": 0.0286230825276684,
  "rep_3": 0.005395881478621902,
  "source_entropy": 6.275797367095947,
  "source_file": "/data/remote_cache/patrick/discrete_diffusion/gen-sample-candi-proj/candi-orig-50k/samples_steps8_temp1.083.json",
  "source_gen_ppl": 1834.74951171875,
  "temperature": 1.0827586650848389,
  "temperature_label": "1.083",
  "unigram_entropy": 6.286487682308867,
  "unique_1gram_corpus": 0.09848542798133558,
  "unique_1gram_sample": 0.7228875620630013,
  "unique_2gram_corpus": 0.4298862192003185,
  "unique_2gram_sample": 0.9713769174723315,
  "unique_3gram_corpus": 0.48861075769885187,
  "unique_3gram_sample": 0.9946041185213774,
  "unique_4gram_corpus": 0.4980781918892793,
  "unique_4gram_sample": 0.9996394916346922
}
