{
  "empty_samples": 0,
  "gen_ppl": 47117.52926739654,
  "max_tokens": 1058,
  "mean_tokens": 1045.484375,
  "method": "candi",
  "min_tokens": 1033,
  "nfe": 32,
  "num_samples": 256,
  "rank_wasserstein": 7.226430124064647,
  "rep_1": 0.027164394045335633,
  "rep_2": 3.7466782990114474e-05,
  "rep_3": 0.0,
  "source_entropy": 6.90138578414917,
  "source_file": "/data/remote_cache/patrick/discrete_diffusion/gen-sample-candi-proj/candi-orig-50k/samples_steps32_temp1.869.json",
  "source_gen_ppl": 47117.4609375,
  "temperature": 1.86896550655365,
  "temperature_label": "1.869",
  "unigram_entropy": 6.913447431632705,
  "unique_1gram_corpus": 0.15347625950889987,
  "unique_1gram_sample": 0.9728356059546646,
  "unique_2gram_corpus": 0.49915478630305027,
  "unique_2gram_sample": 0.99996253321701,
  "unique_3gram_corpus": 0.49998128266175523,
  "unique_3gram_sample": 1.0,
  "unique_4gram_corpus": 0.5,
  "unique_4gram_sample": 1.0
}
