{
  "empty_samples": 0,
  "gen_ppl": 22.64401328434126,
  "max_tokens": 1026,
  "mean_tokens": 1019.9453125,
  "method": "candi",
  "min_tokens": 1006,
  "nfe": 16,
  "num_samples": 256,
  "rank_wasserstein": 0.2524181495583943,
  "rep_1": 0.7409283862112812,
  "rep_2": 0.370089720184317,
  "rep_3": 0.17121338700769237,
  "source_entropy": 4.455141544342041,
  "source_file": "/data/remote_cache/patrick/discrete_diffusion/gen-sample-candi-proj/candi-orig-50k/samples_steps16_temp0.690.json",
  "source_gen_ppl": 22.63984489440918,
  "temperature": 0.6896551847457886,
  "temperature_label": "0.690",
  "unigram_entropy": 4.481746519735683,
  "unique_1gram_corpus": 0.024170260354032462,
  "unique_1gram_sample": 0.25907161378871835,
  "unique_2gram_corpus": 0.14022618363043896,
  "unique_2gram_sample": 0.6299102798156833,
  "unique_3gram_corpus": 0.29203665471960216,
  "unique_3gram_sample": 0.8287866129923075,
  "unique_4gram_corpus": 0.39336170670436127,
  "unique_4gram_sample": 0.9250899183758325
}
