{
  "empty_samples": 0,
  "gen_ppl": 4.477688821120247,
  "max_tokens": 1024,
  "mean_tokens": 1020.546875,
  "method": "candi",
  "min_tokens": 889,
  "nfe": 64,
  "num_samples": 256,
  "rank_wasserstein": 0.7279622648745132,
  "rep_1": 0.9338403191246317,
  "rep_2": 0.817310710527495,
  "rep_3": 0.6907528073749964,
  "source_entropy": 2.9360320568084717,
  "source_file": "/data/remote_cache/patrick/discrete_diffusion/gen-sample-candi-proj/candi-orig-50k/samples_steps64_temp0.166.json",
  "source_gen_ppl": 4.476892471313477,
  "temperature": 0.16551724076271057,
  "temperature_label": "0.166",
  "unigram_entropy": 2.950607470086202,
  "unique_1gram_corpus": 0.00494526525300467,
  "unique_1gram_sample": 0.06615968087536847,
  "unique_2gram_corpus": 0.029647055217544557,
  "unique_2gram_sample": 0.18268928947250448,
  "unique_3gram_corpus": 0.0803649500667311,
  "unique_3gram_sample": 0.3092471926250045,
  "unique_4gram_corpus": 0.14517912258341906,
  "unique_4gram_sample": 0.43781709900493077
}
