{
  "empty_samples": 0,
  "gen_ppl": 13035.184187490931,
  "max_tokens": 1043,
  "mean_tokens": 1029.078125,
  "method": "candi",
  "min_tokens": 1018,
  "nfe": 32,
  "num_samples": 256,
  "rank_wasserstein": 5.788891980836045,
  "rep_1": 0.08932834646165513,
  "rep_2": 0.003335903462599106,
  "rep_3": 0.00028858270779346523,
  "source_entropy": 6.78026008605957,
  "source_file": "/data/remote_cache/patrick/discrete_diffusion/gen-sample-candi-proj/candi-orig-50k/samples_steps32_temp1.345.json",
  "source_gen_ppl": 13035.0498046875,
  "temperature": 1.344827651977539,
  "temperature_label": "1.345",
  "unigram_entropy": 6.784966954882511,
  "unique_1gram_corpus": 0.13282139657764078,
  "unique_1gram_sample": 0.9106716535383444,
  "unique_2gram_corpus": 0.4914129823548186,
  "unique_2gram_sample": 0.996664096537401,
  "unique_3gram_corpus": 0.4992051176730105,
  "unique_3gram_sample": 0.9997114172922064,
  "unique_4gram_corpus": 0.4999428954301116,
  "unique_4gram_sample": 0.9999773621337219
}
