{
  "empty_samples": 0,
  "gen_ppl": 496.1204987966747,
  "max_tokens": 1027,
  "mean_tokens": 1021.1875,
  "method": "candi",
  "min_tokens": 1014,
  "nfe": 64,
  "num_samples": 256,
  "rank_wasserstein": 2.6330514575474626,
  "rep_1": 0.34441068574988937,
  "rep_2": 0.05071159976129777,
  "rep_3": 0.013974703757140857,
  "source_entropy": 6.066382884979248,
  "source_file": "/data/remote_cache/patrick/discrete_diffusion/gen-sample-candi-proj/candi-orig-50k/samples_steps64_temp1.083.json",
  "source_gen_ppl": 496.0694885253906,
  "temperature": 1.0827586650848389,
  "temperature_label": "1.083",
  "unigram_entropy": 6.0671431276893095,
  "unique_1gram_corpus": 0.09240544096945957,
  "unique_1gram_sample": 0.6555893142501097,
  "unique_2gram_corpus": 0.39523984561661457,
  "unique_2gram_sample": 0.9492884002387019,
  "unique_3gram_corpus": 0.47785076960814377,
  "unique_3gram_sample": 0.9860252962428598,
  "unique_4gram_corpus": 0.4941110122153336,
  "unique_4gram_sample": 0.9976663254977557
}
