{
  "empty_samples": 0,
  "gen_ppl": 40421.60058301482,
  "max_tokens": 1058,
  "mean_tokens": 1043.0234375,
  "method": "candi",
  "min_tokens": 1030,
  "nfe": 64,
  "num_samples": 256,
  "rank_wasserstein": 7.048762224752083,
  "rep_1": 0.032349371143442426,
  "rep_2": 5.999573692485119e-05,
  "rep_3": 0.0,
  "source_entropy": 6.893974304199219,
  "source_file": "/data/remote_cache/patrick/discrete_diffusion/gen-sample-candi-proj/candi-orig-50k/samples_steps64_temp1.738.json",
  "source_gen_ppl": 40421.3671875,
  "temperature": 1.7379310131072998,
  "temperature_label": "1.738",
  "unigram_entropy": 6.903269078254632,
  "unique_1gram_corpus": 0.1503366864658782,
  "unique_1gram_sample": 0.9676506288565572,
  "unique_2gram_corpus": 0.4988566416002519,
  "unique_2gram_sample": 0.9999400042630755,
  "unique_3gram_corpus": 0.4999812384147211,
  "unique_3gram_sample": 1.0,
  "unique_4gram_corpus": 0.5,
  "unique_4gram_sample": 1.0
}
