{
  "empty_samples": 0,
  "gen_ppl": 20.967947400416822,
  "max_tokens": 1024,
  "mean_tokens": 1008.7421875,
  "method": "candi",
  "min_tokens": 973,
  "nfe": 8,
  "num_samples": 256,
  "rank_wasserstein": 0.24104395871405657,
  "rep_1": 0.8371253035253047,
  "rep_2": 0.5156277926386365,
  "rep_3": 0.2623671798106267,
  "source_entropy": 3.732022762298584,
  "source_file": "/data/remote_cache/patrick/discrete_diffusion/gen-sample-candi-proj/candi-orig-50k/samples_steps8_temp0.624.json",
  "source_gen_ppl": 20.966712951660156,
  "temperature": 0.6241379380226135,
  "temperature_label": "0.624",
  "unigram_entropy": 3.8208944426916336,
  "unique_1gram_corpus": 0.012186432670637164,
  "unique_1gram_sample": 0.16287469647469546,
  "unique_2gram_corpus": 0.08407950942313805,
  "unique_2gram_sample": 0.4843722073613637,
  "unique_3gram_corpus": 0.22000108642511815,
  "unique_3gram_sample": 0.7376328201893728,
  "unique_4gram_corpus": 0.3485493455548219,
  "unique_4gram_sample": 0.8864849636418091
}
