{
  "empty_samples": 0,
  "gen_ppl": 75.09260393730465,
  "max_tokens": 1025,
  "mean_tokens": 1021.8125,
  "method": "candi",
  "min_tokens": 1011,
  "nfe": 32,
  "num_samples": 256,
  "rank_wasserstein": 1.1232378866390038,
  "rep_1": 0.5388927025554665,
  "rep_2": 0.15106214972942505,
  "rep_3": 0.052324496268341535,
  "source_entropy": 5.407078742980957,
  "source_file": "/data/remote_cache/patrick/discrete_diffusion/gen-sample-candi-proj/candi-orig-50k/samples_steps32_temp0.886.json",
  "source_gen_ppl": 75.08015441894531,
  "temperature": 0.886206865310669,
  "temperature_label": "0.886",
  "unigram_entropy": 5.41109683832987,
  "unique_1gram_corpus": 0.05535506758823169,
  "unique_1gram_sample": 0.4611072974445336,
  "unique_2gram_corpus": 0.27291373293332516,
  "unique_2gram_sample": 0.8489378502705751,
  "unique_3gram_corpus": 0.41710332781761356,
  "unique_3gram_sample": 0.9476755037316585,
  "unique_4gram_corpus": 0.46631725047543093,
  "unique_4gram_sample": 0.9843328819904565
}
