{
  "empty_samples": 0,
  "gen_ppl": 4082.911066197153,
  "max_tokens": 1034,
  "mean_tokens": 1023.2265625,
  "method": "candi",
  "min_tokens": 1013,
  "nfe": 8,
  "num_samples": 256,
  "rank_wasserstein": 4.560840540186863,
  "rep_1": 0.2043479416320494,
  "rep_2": 0.015310548791772622,
  "rep_3": 0.0020197023664237073,
  "source_entropy": 6.489616870880127,
  "source_file": "/data/remote_cache/patrick/discrete_diffusion/gen-sample-candi-proj/candi-orig-50k/samples_steps8_temp1.148.json",
  "source_gen_ppl": 4082.736328125,
  "temperature": 1.1482758522033691,
  "temperature_label": "1.148",
  "unigram_entropy": 6.499183430708531,
  "unique_1gram_corpus": 0.10979362158612845,
  "unique_1gram_sample": 0.7956520583679506,
  "unique_2gram_corpus": 0.46099583476632655,
  "unique_2gram_sample": 0.9846894512082274,
  "unique_3gram_corpus": 0.49451869305446117,
  "unique_3gram_sample": 0.9979802976335762,
  "unique_4gram_corpus": 0.4992150946863825,
  "unique_4gram_sample": 0.9998469554797358
}
