{
  "empty_samples": 0,
  "gen_ppl": 36345.69852364709,
  "max_tokens": 1059,
  "mean_tokens": 1041.2265625,
  "method": "candi",
  "min_tokens": 1027,
  "nfe": 64,
  "num_samples": 256,
  "rank_wasserstein": 6.927236865408227,
  "rep_1": 0.03609594557301387,
  "rep_2": 0.00012777977717725545,
  "rep_3": 0.0,
  "source_entropy": 6.886876583099365,
  "source_file": "/data/remote_cache/patrick/discrete_diffusion/gen-sample-candi-proj/candi-orig-50k/samples_steps64_temp1.672.json",
  "source_gen_ppl": 36345.578125,
  "temperature": 1.6724138259887695,
  "temperature_label": "1.672",
  "unigram_entropy": 6.896038655988833,
  "unique_1gram_corpus": 0.1493055816082295,
  "unique_1gram_sample": 0.963904054426986,
  "unique_2gram_corpus": 0.498666906998926,
  "unique_2gram_sample": 0.9998722202228231,
  "unique_3gram_corpus": 0.4999774471699957,
  "unique_3gram_sample": 1.0,
  "unique_4gram_corpus": 0.5,
  "unique_4gram_sample": 1.0
}
