{
  "empty_samples": 0,
  "gen_ppl": 1048.3600925307508,
  "max_tokens": 1033,
  "mean_tokens": 1022.09375,
  "method": "candi",
  "min_tokens": 1014,
  "nfe": 128,
  "num_samples": 256,
  "rank_wasserstein": 3.2897515592195172,
  "rep_1": 0.2812169970285139,
  "rep_2": 0.033965387657021104,
  "rep_3": 0.00925245763189437,
  "source_entropy": 6.268970489501953,
  "source_file": "/data/remote_cache/patrick/discrete_diffusion/gen-sample-candi-proj/candi-orig-50k/samples_steps128_temp1.148.json",
  "source_gen_ppl": 1048.281494140625,
  "temperature": 1.1482758522033691,
  "temperature_label": "1.148",
  "unigram_entropy": 6.270257124538609,
  "unique_1gram_corpus": 0.10286788760815728,
  "unique_1gram_sample": 0.7187830029714857,
  "unique_2gram_corpus": 0.428504208110176,
  "unique_2gram_sample": 0.9660346123429788,
  "unique_3gram_corpus": 0.4863944796740496,
  "unique_3gram_sample": 0.9907475423681052,
  "unique_4gram_corpus": 0.4966077397197265,
  "unique_4gram_sample": 0.9985430969153843
}
