{
  "empty_samples": 0,
  "gen_ppl": 34304.68714439489,
  "max_tokens": 1061,
  "mean_tokens": 1039.484375,
  "method": "candi",
  "min_tokens": 1025,
  "nfe": 16,
  "num_samples": 256,
  "rank_wasserstein": 6.86992999061654,
  "rep_1": 0.03951864803947856,
  "rep_2": 0.0003085110451271243,
  "rep_3": 3.774919906135779e-05,
  "source_entropy": 6.881678581237793,
  "source_file": "/data/remote_cache/patrick/discrete_diffusion/gen-sample-candi-proj/candi-orig-50k/samples_steps16_temp1.607.json",
  "source_gen_ppl": 34304.515625,
  "temperature": 1.6068965196609497,
  "temperature_label": "1.607",
  "unigram_entropy": 6.888993430332038,
  "unique_1gram_corpus": 0.1467111097749786,
  "unique_1gram_sample": 0.9604813519605214,
  "unique_2gram_corpus": 0.4982960444156899,
  "unique_2gram_sample": 0.9996914889548733,
  "unique_3gram_corpus": 0.49993975812888747,
  "unique_3gram_sample": 0.9999622508009387,
  "unique_4gram_corpus": 0.4999924625009422,
  "unique_4gram_sample": 0.999992458976834
}
