{
  "empty_samples": 0,
  "gen_ppl": 8.350726367534062,
  "max_tokens": 1025,
  "mean_tokens": 1022.5,
  "method": "candi",
  "min_tokens": 911,
  "nfe": 128,
  "num_samples": 256,
  "rank_wasserstein": 0.37493903439102483,
  "rep_1": 0.8374373081681479,
  "rep_2": 0.5835756116662142,
  "rep_3": 0.38870547660103255,
  "source_entropy": 3.9499974250793457,
  "source_file": "/data/remote_cache/patrick/discrete_diffusion/gen-sample-candi-proj/candi-orig-50k/samples_steps128_temp0.559.json",
  "source_gen_ppl": 8.349251747131348,
  "temperature": 0.5586206912994385,
  "temperature_label": "0.559",
  "unigram_entropy": 3.956498986931516,
  "unique_1gram_corpus": 0.01436812347188264,
  "unique_1gram_sample": 0.16256269183185226,
  "unique_2gram_corpus": 0.08166223078805677,
  "unique_2gram_sample": 0.4164243883337855,
  "unique_3gram_corpus": 0.18954020700636942,
  "unique_3gram_sample": 0.6112945233989672,
  "unique_4gram_corpus": 0.28599727194703284,
  "unique_4gram_sample": 0.7478895501987687
}
