{
  "empty_samples": 0,
  "gen_ppl": 31885.29060645718,
  "max_tokens": 1050,
  "mean_tokens": 1038.3125,
  "method": "candi",
  "min_tokens": 1025,
  "nfe": 8,
  "num_samples": 256,
  "rank_wasserstein": 6.7922761641392855,
  "rep_1": 0.043502364561886324,
  "rep_2": 0.0004067135008925171,
  "rep_3": 7.577594568380572e-06,
  "source_entropy": 6.8726701736450195,
  "source_file": "/data/remote_cache/patrick/discrete_diffusion/gen-sample-candi-proj/candi-orig-50k/samples_steps8_temp1.541.json",
  "source_gen_ppl": 31885.126953125,
  "temperature": 1.5413793325424194,
  "temperature_label": "1.541",
  "unigram_entropy": 6.880950789551943,
  "unique_1gram_corpus": 0.14396481670980557,
  "unique_1gram_sample": 0.9564976354381138,
  "unique_2gram_corpus": 0.4980681749713804,
  "unique_2gram_sample": 0.9995932864991081,
  "unique_3gram_corpus": 0.49994722875580483,
  "unique_3gram_sample": 0.9999924224054315,
  "unique_4gram_corpus": 0.5,
  "unique_4gram_sample": 1.0
}
