{
  "empty_samples": 0,
  "gen_ppl": 12183.41203938388,
  "max_tokens": 1041,
  "mean_tokens": 1028.9375,
  "method": "candi",
  "min_tokens": 1019,
  "nfe": 8,
  "num_samples": 256,
  "rank_wasserstein": 5.700713805458919,
  "rep_1": 0.10963506754699905,
  "rep_2": 0.004271828497127933,
  "rep_3": 0.0002511856118653077,
  "source_entropy": 6.734785556793213,
  "source_file": "/data/remote_cache/patrick/discrete_diffusion/gen-sample-candi-proj/candi-orig-50k/samples_steps8_temp1.279.json",
  "source_gen_ppl": 12183.267578125,
  "temperature": 1.2793103456497192,
  "temperature_label": "1.279",
  "unigram_entropy": 6.742560961738225,
  "unique_1gram_corpus": 0.126465407276924,
  "unique_1gram_sample": 0.8903649324530002,
  "unique_2gram_corpus": 0.4879309296528242,
  "unique_2gram_sample": 0.9957281715028717,
  "unique_3gram_corpus": 0.4989615665510316,
  "unique_3gram_sample": 0.9997488143881346,
  "unique_4gram_corpus": 0.49992004264392326,
  "unique_4gram_sample": 1.0
}
