{
  "empty_samples": 0,
  "gen_ppl": 54863.745612129176,
  "max_tokens": 1068,
  "mean_tokens": 1047.6953125,
  "method": "candi",
  "min_tokens": 1030,
  "nfe": 8,
  "num_samples": 256,
  "rank_wasserstein": 7.39521266522954,
  "rep_1": 0.02539901609975949,
  "rep_2": 2.2385481999801816e-05,
  "rep_3": 0.0,
  "source_entropy": 6.9042439460754395,
  "source_file": "/data/remote_cache/patrick/discrete_diffusion/gen-sample-candi-proj/candi-orig-50k/samples_steps8_temp2.000.json",
  "source_gen_ppl": 54863.69921875,
  "temperature": 2.0,
  "temperature_label": "2.000",
  "unigram_entropy": 6.917576656622012,
  "unique_1gram_corpus": 0.15550501472726594,
  "unique_1gram_sample": 0.9746009839002395,
  "unique_2gram_corpus": 0.4991005918926383,
  "unique_2gram_sample": 0.9999776145180002,
  "unique_3gram_corpus": 0.49996638002525234,
  "unique_3gram_sample": 1.0,
  "unique_4gram_corpus": 0.5,
  "unique_4gram_sample": 1.0
}
