{
  "empty_samples": 0,
  "gen_ppl": 23078.15376124139,
  "max_tokens": 1049,
  "mean_tokens": 1035.40625,
  "method": "candi",
  "min_tokens": 1023,
  "nfe": 64,
  "num_samples": 256,
  "rank_wasserstein": 6.4175738448797865,
  "rep_1": 0.053797690597217514,
  "rep_2": 0.0007936045477494593,
  "rep_3": 0.0,
  "source_entropy": 6.854914665222168,
  "source_file": "/data/remote_cache/patrick/discrete_diffusion/gen-sample-candi-proj/candi-orig-50k/samples_steps64_temp1.476.json",
  "source_gen_ppl": 23078.080078125,
  "temperature": 1.4758620262145996,
  "temperature_label": "1.476",
  "unigram_entropy": 6.860836153326084,
  "unique_1gram_corpus": 0.14181480699000995,
  "unique_1gram_sample": 0.9462023094027829,
  "unique_2gram_corpus": 0.4969638379505151,
  "unique_2gram_sample": 0.9992063954522518,
  "unique_3gram_corpus": 0.49992440049593273,
  "unique_3gram_sample": 1.0,
  "unique_4gram_corpus": 0.49999621636347125,
  "unique_4gram_sample": 1.0
}
