{
  "empty_samples": 0,
  "gen_ppl": 27.324941933686222,
  "max_tokens": 1027,
  "mean_tokens": 1022.3203125,
  "method": "candi",
  "min_tokens": 1014,
  "nfe": 32,
  "num_samples": 256,
  "rank_wasserstein": 0.39088594385132336,
  "rep_1": 0.6703413923968126,
  "rep_2": 0.28139097740395247,
  "rep_3": 0.12029585229519757,
  "source_entropy": 4.875227451324463,
  "source_file": "/data/remote_cache/patrick/discrete_diffusion/gen-sample-candi-proj/candi-orig-50k/samples_steps32_temp0.755.json",
  "source_gen_ppl": 27.31999397277832,
  "temperature": 0.7551723718643188,
  "temperature_label": "0.755",
  "unigram_entropy": 4.884205816539969,
  "unique_1gram_corpus": 0.03399512444882582,
  "unique_1gram_sample": 0.32965860760318666,
  "unique_2gram_corpus": 0.18266031255498014,
  "unique_2gram_sample": 0.718609022596047,
  "unique_3gram_corpus": 0.3387952619045796,
  "unique_3gram_sample": 0.8797041477048025,
  "unique_4gram_corpus": 0.42052378653054656,
  "unique_4gram_sample": 0.9498918339108524
}
