{
  "empty_samples": 0,
  "gen_ppl": 4.5965763207936225,
  "max_tokens": 1024,
  "mean_tokens": 1021.265625,
  "method": "candi",
  "min_tokens": 828,
  "nfe": 128,
  "num_samples": 256,
  "rank_wasserstein": 0.7148391868764812,
  "rep_1": 0.9237692309422777,
  "rep_2": 0.7948092913030053,
  "rep_3": 0.6590617367166051,
  "source_entropy": 3.126969337463379,
  "source_file": "/data/remote_cache/patrick/discrete_diffusion/gen-sample-candi-proj/candi-orig-50k/samples_steps128_temp0.231.json",
  "source_gen_ppl": 4.595798015594482,
  "temperature": 0.23103448748588562,
  "temperature_label": "0.231",
  "unigram_entropy": 3.13828295216491,
  "unique_1gram_corpus": 0.0056264439038570405,
  "unique_1gram_sample": 0.07623076905772193,
  "unique_2gram_corpus": 0.03206502595831355,
  "unique_2gram_sample": 0.20519070869699485,
  "unique_3gram_corpus": 0.0857541428418132,
  "unique_3gram_sample": 0.34093826328339477,
  "unique_4gram_corpus": 0.1527605149687735,
  "unique_4gram_sample": 0.4719226052561579
}
