{
  "empty_samples": 0,
  "gen_ppl": 28594.54344812924,
  "max_tokens": 1055,
  "mean_tokens": 1037.8046875,
  "method": "candi",
  "min_tokens": 1026,
  "nfe": 32,
  "num_samples": 256,
  "rank_wasserstein": 6.6669158301724725,
  "rep_1": 0.04486278815645275,
  "rep_2": 0.00041486103243037423,
  "rep_3": 4.550283582820981e-05,
  "source_entropy": 6.871598720550537,
  "source_file": "/data/remote_cache/patrick/discrete_diffusion/gen-sample-candi-proj/candi-orig-50k/samples_steps32_temp1.541.json",
  "source_gen_ppl": 28594.376953125,
  "temperature": 1.5413793325424194,
  "temperature_label": "1.541",
  "unigram_entropy": 6.878773300692308,
  "unique_1gram_corpus": 0.14444553180918254,
  "unique_1gram_sample": 0.9551372118435479,
  "unique_2gram_corpus": 0.4978487088485506,
  "unique_2gram_sample": 0.9995851389675703,
  "unique_3gram_corpus": 0.49995474532934087,
  "unique_3gram_sample": 0.9999544971641718,
  "unique_4gram_corpus": 0.4999886753991922,
  "unique_4gram_sample": 0.9999771786757546
}
