{
  "empty_samples": 0,
  "gen_ppl": 12.235628608411517,
  "max_tokens": 1021,
  "mean_tokens": 1004.2421875,
  "method": "candi",
  "min_tokens": 965,
  "nfe": 8,
  "num_samples": 256,
  "rank_wasserstein": 0.32958084471074667,
  "rep_1": 0.9170619275445249,
  "rep_2": 0.7011176219068895,
  "rep_3": 0.4515146210696911,
  "source_entropy": 3.0793445110321045,
  "source_file": "/data/remote_cache/patrick/discrete_diffusion/gen-sample-candi-proj/candi-orig-50k/samples_steps8_temp0.493.json",
  "source_gen_ppl": 12.233619689941406,
  "temperature": 0.4931034445762634,
  "temperature_label": "0.493",
  "unigram_entropy": 3.1838242520041242,
  "unique_1gram_corpus": 0.0042476058595178265,
  "unique_1gram_sample": 0.08293807245547438,
  "unique_2gram_corpus": 0.03728925748549624,
  "unique_2gram_sample": 0.2988823780931108,
  "unique_3gram_corpus": 0.12637679577821603,
  "unique_3gram_sample": 0.548485378930309,
  "unique_4gram_corpus": 0.24986150016776035,
  "unique_4gram_sample": 0.7512776269648062
}
