{
  "empty_samples": 0,
  "gen_ppl": 53.680793629512586,
  "max_tokens": 1024,
  "mean_tokens": 1015.359375,
  "method": "candi",
  "min_tokens": 1002,
  "nfe": 8,
  "num_samples": 256,
  "rank_wasserstein": 0.8471447891542041,
  "rep_1": 0.677417437556934,
  "rep_2": 0.2623558406326236,
  "rep_3": 0.0910125128713205,
  "source_entropy": 4.668262958526611,
  "source_file": "/data/remote_cache/patrick/discrete_diffusion/gen-sample-candi-proj/candi-orig-50k/samples_steps8_temp0.755.json",
  "source_gen_ppl": 53.67526626586914,
  "temperature": 0.7551723718643188,
  "temperature_label": "0.755",
  "unigram_entropy": 4.72305406336909,
  "unique_1gram_corpus": 0.031619808257544284,
  "unique_1gram_sample": 0.32258256244306605,
  "unique_2gram_corpus": 0.17940048367966235,
  "unique_2gram_sample": 0.7376441593673767,
  "unique_3gram_corpus": 0.34713591858761855,
  "unique_3gram_sample": 0.9089874871286785,
  "unique_4gram_corpus": 0.4384443827074748,
  "unique_4gram_sample": 0.9742693340400784
}
