{
  "empty_samples": 0,
  "gen_ppl": 25118.027337633524,
  "max_tokens": 1050,
  "mean_tokens": 1035.4453125,
  "method": "candi",
  "min_tokens": 1021,
  "nfe": 16,
  "num_samples": 256,
  "rank_wasserstein": 6.5200256101172895,
  "rep_1": 0.05231175842221834,
  "rep_2": 0.0007179140769595308,
  "rep_3": 7.584951456311023e-06,
  "source_entropy": 6.857004165649414,
  "source_file": "/data/remote_cache/patrick/discrete_diffusion/gen-sample-candi-proj/candi-orig-50k/samples_steps16_temp1.476.json",
  "source_gen_ppl": 25117.42578125,
  "temperature": 1.4758620262145996,
  "temperature_label": "1.476",
  "unigram_entropy": 6.863704481203796,
  "unique_1gram_corpus": 0.1411983068878879,
  "unique_1gram_sample": 0.9476882415777821,
  "unique_2gram_corpus": 0.4971754185893708,
  "unique_2gram_sample": 0.9992820859230414,
  "unique_3gram_corpus": 0.49989416469485415,
  "unique_3gram_sample": 0.9999924150485437,
  "unique_4gram_corpus": 0.5,
  "unique_4gram_sample": 1.0
}
