{
  "empty_samples": 0,
  "gen_ppl": 37863.718675788514,
  "max_tokens": 1056,
  "mean_tokens": 1042.296875,
  "method": "candi",
  "min_tokens": 1029,
  "nfe": 16,
  "num_samples": 256,
  "rank_wasserstein": 6.978625754632314,
  "rep_1": 0.03471073872942383,
  "rep_2": 0.0001719763525508261,
  "rep_3": 7.476076555023789e-06,
  "source_entropy": 6.888681411743164,
  "source_file": "/data/remote_cache/patrick/discrete_diffusion/gen-sample-candi-proj/candi-orig-50k/samples_steps16_temp1.672.json",
  "source_gen_ppl": 37863.625,
  "temperature": 1.6724138259887695,
  "temperature_label": "1.672",
  "unigram_entropy": 6.898924148198044,
  "unique_1gram_corpus": 0.14867255310537125,
  "unique_1gram_sample": 0.9652892612705755,
  "unique_2gram_corpus": 0.4986045045991327,
  "unique_2gram_sample": 0.9998280236474493,
  "unique_3gram_corpus": 0.4999549407470824,
  "unique_3gram_sample": 0.999992523923445,
  "unique_4gram_corpus": 0.5,
  "unique_4gram_sample": 1.0
}
