{
  "empty_samples": 0,
  "gen_ppl": 33391.63938921777,
  "max_tokens": 1055,
  "mean_tokens": 1039.015625,
  "method": "candi",
  "min_tokens": 1027,
  "nfe": 32,
  "num_samples": 256,
  "rank_wasserstein": 6.837929012986369,
  "rep_1": 0.03879140231991374,
  "rep_2": 0.00023319810619184048,
  "rep_3": 3.785125968992255e-05,
  "source_entropy": 6.881982326507568,
  "source_file": "/data/remote_cache/patrick/discrete_diffusion/gen-sample-candi-proj/candi-orig-50k/samples_steps32_temp1.607.json",
  "source_gen_ppl": 33391.5,
  "temperature": 1.6068965196609497,
  "temperature_label": "1.607",
  "unigram_entropy": 6.8896948230599975,
  "unique_1gram_corpus": 0.14676225995157677,
  "unique_1gram_sample": 0.9612085976800867,
  "unique_2gram_corpus": 0.4984044074481056,
  "unique_2gram_sample": 0.9997668018938086,
  "unique_3gram_corpus": 0.4999510313550001,
  "unique_3gram_sample": 0.9999621487403101,
  "unique_4gram_corpus": 0.49998491818113266,
  "unique_4gram_sample": 0.9999696896217265
}
