{
  "empty_samples": 0,
  "gen_ppl": 9.22351754807527,
  "max_tokens": 1024,
  "mean_tokens": 1017.6171875,
  "method": "candi",
  "min_tokens": 989,
  "nfe": 16,
  "num_samples": 256,
  "rank_wasserstein": 0.3547585585662079,
  "rep_1": 0.8966920803122121,
  "rep_2": 0.6848659318501256,
  "rep_3": 0.46759236139336385,
  "source_entropy": 3.3666043281555176,
  "source_file": "/data/remote_cache/patrick/discrete_diffusion/gen-sample-candi-proj/candi-orig-50k/samples_steps16_temp0.493.json",
  "source_gen_ppl": 9.222151756286621,
  "temperature": 0.4931034445762634,
  "temperature_label": "0.493",
  "unigram_entropy": 3.40500146585769,
  "unique_1gram_corpus": 0.007235806686883421,
  "unique_1gram_sample": 0.10330791968778782,
  "unique_2gram_corpus": 0.05171486317213184,
  "unique_2gram_sample": 0.3151340681498744,
  "unique_3gram_corpus": 0.1491703782336787,
  "unique_3gram_sample": 0.5324076386066363,
  "unique_4gram_corpus": 0.265047624180918,
  "unique_4gram_sample": 0.7112852934872865
}
