{
  "empty_samples": 0,
  "gen_ppl": 5.0968634969243345,
  "max_tokens": 1024,
  "mean_tokens": 1022.2421875,
  "method": "candi",
  "min_tokens": 996,
  "nfe": 64,
  "num_samples": 256,
  "rank_wasserstein": 0.6638152169419462,
  "rep_1": 0.91945067004383,
  "rep_2": 0.7774807670260161,
  "rep_3": 0.6282888636512143,
  "source_entropy": 3.2111692428588867,
  "source_file": "/data/remote_cache/patrick/discrete_diffusion/gen-sample-candi-proj/candi-orig-50k/samples_steps64_temp0.297.json",
  "source_gen_ppl": 5.096468448638916,
  "temperature": 0.2965517044067383,
  "temperature_label": "0.297",
  "unigram_entropy": 3.221342709680844,
  "unique_1gram_corpus": 0.005655460193967,
  "unique_1gram_sample": 0.08054932995616948,
  "unique_2gram_corpus": 0.035652812521515614,
  "unique_2gram_sample": 0.2225192329739841,
  "unique_3gram_corpus": 0.09736122703708525,
  "unique_3gram_sample": 0.37171113634878566,
  "unique_4gram_corpus": 0.17383855959160835,
  "unique_4gram_sample": 0.5145822725037796
}
