{
  "empty_samples": 0,
  "gen_ppl": 52159.52289763237,
  "max_tokens": 1066,
  "mean_tokens": 1048.3359375,
  "method": "candi",
  "min_tokens": 1035,
  "nfe": 64,
  "num_samples": 256,
  "rank_wasserstein": 7.33437707658664,
  "rep_1": 0.025278286503620143,
  "rep_2": 4.4721585128160504e-05,
  "rep_3": 0.0,
  "source_entropy": 6.905516147613525,
  "source_file": "/data/remote_cache/patrick/discrete_diffusion/gen-sample-candi-proj/candi-orig-50k/samples_steps64_temp2.000.json",
  "source_gen_ppl": 52159.49609375,
  "temperature": 2.0,
  "temperature_label": "2.000",
  "unigram_entropy": 6.9183312916259645,
  "unique_1gram_corpus": 0.15578260189139037,
  "unique_1gram_sample": 0.9747217134963793,
  "unique_2gram_corpus": 0.499030277713544,
  "unique_2gram_sample": 0.999955278414872,
  "unique_3gram_corpus": 0.49996640060926895,
  "unique_3gram_sample": 1.0,
  "unique_4gram_corpus": 0.4999962631630083,
  "unique_4gram_sample": 1.0
}
