{
  "empty_samples": 0,
  "gen_ppl": 2202.771626816888,
  "max_tokens": 1032,
  "mean_tokens": 1022.375,
  "method": "candi",
  "min_tokens": 1014,
  "nfe": 16,
  "num_samples": 256,
  "rank_wasserstein": 3.9598800058600765,
  "rep_1": 0.23846955162118785,
  "rep_2": 0.02235751011455142,
  "rep_3": 0.004134127575364325,
  "source_entropy": 6.393113613128662,
  "source_file": "/data/remote_cache/patrick/discrete_diffusion/gen-sample-candi-proj/candi-orig-50k/samples_steps16_temp1.148.json",
  "source_gen_ppl": 2202.662353515625,
  "temperature": 1.1482758522033691,
  "temperature_label": "1.148",
  "unigram_entropy": 6.398059220820256,
  "unique_1gram_corpus": 0.10686284998166035,
  "unique_1gram_sample": 0.761530448378812,
  "unique_2gram_corpus": 0.44549320768571776,
  "unique_2gram_sample": 0.977642489885448,
  "unique_3gram_corpus": 0.49160464902609335,
  "unique_3gram_sample": 0.9958658724246361,
  "unique_4gram_corpus": 0.4984442060085837,
  "unique_4gram_sample": 0.999685830199778
}
