{
  "empty_samples": 0,
  "gen_ppl": 17799.02052927457,
  "max_tokens": 1043,
  "mean_tokens": 1032.96875,
  "method": "candi",
  "min_tokens": 1019,
  "nfe": 64,
  "num_samples": 256,
  "rank_wasserstein": 6.134736293660379,
  "rep_1": 0.06926096582604466,
  "rep_2": 0.0021426620582000394,
  "rep_3": 0.00018983234025246598,
  "source_entropy": 6.8238139152526855,
  "source_file": "/data/remote_cache/patrick/discrete_diffusion/gen-sample-candi-proj/candi-orig-50k/samples_steps64_temp1.410.json",
  "source_gen_ppl": 17798.8671875,
  "temperature": 1.4103448390960693,
  "temperature_label": "1.410",
  "unigram_entropy": 6.829255472197358,
  "unique_1gram_corpus": 0.13850022689456964,
  "unique_1gram_sample": 0.9307390341739558,
  "unique_2gram_corpus": 0.494886139963056,
  "unique_2gram_sample": 0.9978573379418006,
  "unique_3gram_corpus": 0.49964005334788275,
  "unique_3gram_sample": 0.9998101676597475,
  "unique_4gram_corpus": 0.499939318547286,
  "unique_4gram_sample": 0.9999315313532815
}
