{
  "empty_samples": 0,
  "gen_ppl": 17185.673380078762,
  "max_tokens": 1046,
  "mean_tokens": 1032.671875,
  "method": "candi",
  "min_tokens": 1021,
  "nfe": 128,
  "num_samples": 256,
  "rank_wasserstein": 6.098868421925905,
  "rep_1": 0.06997002290317261,
  "rep_2": 0.0017890457214627701,
  "rep_3": 0.0001215022124834101,
  "source_entropy": 6.823933124542236,
  "source_file": "/data/remote_cache/patrick/discrete_diffusion/gen-sample-candi-proj/candi-orig-50k/samples_steps128_temp1.410.json",
  "source_gen_ppl": 17185.388671875,
  "temperature": 1.4103448390960693,
  "temperature_label": "1.410",
  "unigram_entropy": 6.828928525563493,
  "unique_1gram_corpus": 0.13816177694391066,
  "unique_1gram_sample": 0.930029977096828,
  "unique_2gram_corpus": 0.49494903600042406,
  "unique_2gram_sample": 0.9982109542785382,
  "unique_3gram_corpus": 0.4997271197489502,
  "unique_3gram_sample": 0.9998784977875166,
  "unique_4gram_corpus": 0.49999241263145117,
  "unique_4gram_sample": 0.9999923706054688
}
