{
  "empty_samples": 0,
  "gen_ppl": 49864.7624458599,
  "max_tokens": 1066,
  "mean_tokens": 1044.8515625,
  "method": "candi",
  "min_tokens": 1030,
  "nfe": 8,
  "num_samples": 256,
  "rank_wasserstein": 7.287782717663692,
  "rep_1": 0.027296052417059968,
  "rep_2": 4.502251326557547e-05,
  "rep_3": 0.0,
  "source_entropy": 6.900794982910156,
  "source_file": "/data/remote_cache/patrick/discrete_diffusion/gen-sample-candi-proj/candi-orig-50k/samples_steps8_temp1.869.json",
  "source_gen_ppl": 49864.671875,
  "temperature": 1.86896550655365,
  "temperature_label": "1.869",
  "unigram_entropy": 6.912346463613418,
  "unique_1gram_corpus": 0.15350191788606335,
  "unique_1gram_sample": 0.9727039475829397,
  "unique_2gram_corpus": 0.49907943089370044,
  "unique_2gram_sample": 0.9999549774867347,
  "unique_3gram_corpus": 0.4999662883470053,
  "unique_3gram_sample": 1.0,
  "unique_4gram_corpus": 0.5,
  "unique_4gram_sample": 1.0
}
