{
  "empty_samples": 0,
  "gen_ppl": 42.014790275203424,
  "max_tokens": 1025,
  "mean_tokens": 1022.28125,
  "method": "candi",
  "min_tokens": 1016,
  "nfe": 32,
  "num_samples": 256,
  "rank_wasserstein": 0.6970594280329085,
  "rep_1": 0.6135599175212225,
  "rep_2": 0.2158543180242659,
  "rep_3": 0.08252930354397169,
  "source_entropy": 5.124907493591309,
  "source_file": "/data/remote_cache/patrick/discrete_diffusion/gen-sample-candi-proj/candi-orig-50k/samples_steps32_temp0.821.json",
  "source_gen_ppl": 42.00740432739258,
  "temperature": 0.8206896185874939,
  "temperature_label": "0.821",
  "unigram_entropy": 5.131424715317147,
  "unique_1gram_corpus": 0.04247928957906642,
  "unique_1gram_sample": 0.3864400824787773,
  "unique_2gram_corpus": 0.22088522383036016,
  "unique_2gram_sample": 0.7841456819757334,
  "unique_3gram_corpus": 0.3774426475542896,
  "unique_3gram_sample": 0.9174706964560282,
  "unique_4gram_corpus": 0.445132139681761,
  "unique_4gram_sample": 0.9693857209026658
}
