{
  "empty_samples": 0,
  "gen_ppl": 5.159024053206087,
  "max_tokens": 1024,
  "mean_tokens": 1020.765625,
  "method": "candi",
  "min_tokens": 991,
  "nfe": 32,
  "num_samples": 256,
  "rank_wasserstein": 0.6645700226136666,
  "rep_1": 0.9390266826292811,
  "rep_2": 0.818264345258544,
  "rep_3": 0.6763515076977316,
  "source_entropy": 2.933225154876709,
  "source_file": "/data/remote_cache/patrick/discrete_diffusion/gen-sample-candi-proj/candi-orig-50k/samples_steps32_temp0.231.json",
  "source_gen_ppl": 5.158449649810791,
  "temperature": 0.23103448748588562,
  "temperature_label": "0.231",
  "unigram_entropy": 2.953669267022762,
  "unique_1gram_corpus": 0.0038765326271640466,
  "unique_1gram_sample": 0.06097331737071884,
  "unique_2gram_corpus": 0.02658009652953344,
  "unique_2gram_sample": 0.18173565474145603,
  "unique_3gram_corpus": 0.07948497722427571,
  "unique_3gram_sample": 0.32364849230226855,
  "unique_4gram_corpus": 0.15382194451694123,
  "unique_4gram_sample": 0.47228010244797336
}
