{
  "empty_samples": 0,
  "gen_ppl": 40274.56246072986,
  "max_tokens": 1060,
  "mean_tokens": 1042.5390625,
  "method": "candi",
  "min_tokens": 1028,
  "nfe": 8,
  "num_samples": 256,
  "rank_wasserstein": 7.046448492889583,
  "rep_1": 0.035335223081937,
  "rep_2": 0.0001795212186327397,
  "rep_3": 1.4909568346372151e-05,
  "source_entropy": 6.888404846191406,
  "source_file": "/data/remote_cache/patrick/discrete_diffusion/gen-sample-candi-proj/candi-orig-50k/samples_steps8_temp1.672.json",
  "source_gen_ppl": 40274.49609375,
  "temperature": 1.6724138259887695,
  "temperature_label": "1.672",
  "unigram_entropy": 6.898197578961523,
  "unique_1gram_corpus": 0.1485106223537787,
  "unique_1gram_sample": 0.9646647769180621,
  "unique_2gram_corpus": 0.49866108598303294,
  "unique_2gram_sample": 0.9998204787813673,
  "unique_3gram_corpus": 0.49996245936225964,
  "unique_3gram_sample": 0.9999850904316536,
  "unique_4gram_corpus": 0.5,
  "unique_4gram_sample": 1.0
}
