{
  "empty_samples": 0,
  "gen_ppl": 58.53278162674405,
  "max_tokens": 1025,
  "mean_tokens": 1020.9375,
  "method": "candi",
  "min_tokens": 1014,
  "nfe": 16,
  "num_samples": 256,
  "rank_wasserstein": 0.9338893755170098,
  "rep_1": 0.5977886739432051,
  "rep_2": 0.19274927635442868,
  "rep_3": 0.06789337402761994,
  "source_entropy": 5.1438117027282715,
  "source_file": "/data/remote_cache/patrick/discrete_diffusion/gen-sample-candi-proj/candi-orig-50k/samples_steps16_temp0.821.json",
  "source_gen_ppl": 58.52316665649414,
  "temperature": 0.8206896185874939,
  "temperature_label": "0.821",
  "unigram_entropy": 5.1592561930842935,
  "unique_1gram_corpus": 0.0452670645852464,
  "unique_1gram_sample": 0.40221132605679477,
  "unique_2gram_corpus": 0.23176588639009743,
  "unique_2gram_sample": 0.8072507236455716,
  "unique_3gram_corpus": 0.3894298595350549,
  "unique_3gram_sample": 0.9321066259723804,
  "unique_4gram_corpus": 0.4540507766930681,
  "unique_4gram_sample": 0.978442362664745
}
