{
  "empty_samples": 0,
  "gen_ppl": 5.766974847118379,
  "max_tokens": 1028,
  "mean_tokens": 1013.2421875,
  "method": "candi",
  "min_tokens": 961,
  "nfe": 16,
  "num_samples": 256,
  "rank_wasserstein": 0.6202046341659222,
  "rep_1": 0.9525484423796847,
  "rep_2": 0.8409812631020857,
  "rep_3": 0.6913864828987778,
  "source_entropy": 2.6852774620056152,
  "source_file": "/data/remote_cache/patrick/discrete_diffusion/gen-sample-candi-proj/candi-orig-50k/samples_steps16_temp0.100.json",
  "source_gen_ppl": 5.766057014465332,
  "temperature": 0.10000000149011612,
  "temperature_label": "0.100",
  "unigram_entropy": 2.7390793769707487,
  "unique_1gram_corpus": 0.002517444774278114,
  "unique_1gram_sample": 0.04745155762031535,
  "unique_2gram_corpus": 0.018530953097625168,
  "unique_2gram_sample": 0.15901873689791435,
  "unique_3gram_corpus": 0.06317647695053269,
  "unique_3gram_sample": 0.3086135171012217,
  "unique_4gram_corpus": 0.1375289031868905,
  "unique_4gram_sample": 0.4774102148374906
}
