{
  "empty_samples": 0,
  "gen_ppl": 7.647087714317214,
  "max_tokens": 1024,
  "mean_tokens": 1021.515625,
  "method": "candi",
  "min_tokens": 999,
  "nfe": 32,
  "num_samples": 256,
  "rank_wasserstein": 0.44459610230021135,
  "rep_1": 0.8831055493947315,
  "rep_2": 0.676589680552442,
  "rep_3": 0.4843634389213644,
  "source_entropy": 3.5148849487304688,
  "source_file": "/data/remote_cache/patrick/discrete_diffusion/gen-sample-candi-proj/candi-orig-50k/samples_steps32_temp0.493.json",
  "source_gen_ppl": 7.645651340484619,
  "temperature": 0.4931034445762634,
  "temperature_label": "0.493",
  "unigram_entropy": 3.5299891994931905,
  "unique_1gram_corpus": 0.009456689661501752,
  "unique_1gram_sample": 0.11689445060526878,
  "unique_2gram_corpus": 0.059092370584722796,
  "unique_2gram_sample": 0.3234103194475581,
  "unique_3gram_corpus": 0.15355790893347024,
  "unique_3gram_sample": 0.5156365610786356,
  "unique_4gram_corpus": 0.2557298458234256,
  "unique_4gram_sample": 0.6729860416330343
}
