{
  "empty_samples": 0,
  "gen_ppl": 15.37505220355412,
  "max_tokens": 1024,
  "mean_tokens": 1019.171875,
  "method": "candi",
  "min_tokens": 999,
  "nfe": 16,
  "num_samples": 256,
  "rank_wasserstein": 0.164569751007179,
  "rep_1": 0.8146448477157247,
  "rep_2": 0.49837662044332365,
  "rep_3": 0.27274480016157976,
  "source_entropy": 4.021148681640625,
  "source_file": "/data/remote_cache/patrick/discrete_diffusion/gen-sample-candi-proj/candi-orig-50k/samples_steps16_temp0.624.json",
  "source_gen_ppl": 15.372147560119629,
  "temperature": 0.6241379380226135,
  "temperature_label": "0.624",
  "unigram_entropy": 4.0523307753637665,
  "unique_1gram_corpus": 0.015484385300565716,
  "unique_1gram_sample": 0.18535515228427618,
  "unique_2gram_corpus": 0.09860657121372558,
  "unique_2gram_sample": 0.5016233795566764,
  "unique_3gram_corpus": 0.23487687982918323,
  "unique_3gram_sample": 0.7272551998384204,
  "unique_4gram_corpus": 0.34953486584147,
  "unique_4gram_sample": 0.861438224508488
}
