{
  "empty_samples": 0,
  "gen_ppl": 14.093309907958474,
  "max_tokens": 1024,
  "mean_tokens": 1022.921875,
  "method": "candi",
  "min_tokens": 1007,
  "nfe": 128,
  "num_samples": 256,
  "rank_wasserstein": 0.13939557619703852,
  "rep_1": 0.7563525082488749,
  "rep_2": 0.4155722450869505,
  "rep_3": 0.22225795611092192,
  "source_entropy": 4.484915256500244,
  "source_file": "/data/remote_cache/patrick/discrete_diffusion/gen-sample-candi-proj/candi-orig-50k/samples_steps128_temp0.690.json",
  "source_gen_ppl": 14.090789794921875,
  "temperature": 0.6896551847457886,
  "temperature_label": "0.690",
  "unigram_entropy": 4.48857134417754,
  "unique_1gram_corpus": 0.023057418241251317,
  "unique_1gram_sample": 0.2436474917511244,
  "unique_2gram_corpus": 0.13012400042811492,
  "unique_2gram_sample": 0.5844277549130498,
  "unique_3gram_corpus": 0.2707035614257947,
  "unique_3gram_sample": 0.7777420438890781,
  "unique_4gram_corpus": 0.3656491765607047,
  "unique_4gram_sample": 0.8814328097175967
}
