{
  "empty_samples": 0,
  "gen_ppl": 35.82212624636603,
  "max_tokens": 1026,
  "mean_tokens": 1022.234375,
  "method": "candi",
  "min_tokens": 1012,
  "nfe": 64,
  "num_samples": 256,
  "rank_wasserstein": 0.5850301062228261,
  "rep_1": 0.6243589035849431,
  "rep_2": 0.2283566076388403,
  "rep_3": 0.09193673955904166,
  "source_entropy": 5.096414566040039,
  "source_file": "/data/remote_cache/patrick/discrete_diffusion/gen-sample-candi-proj/candi-orig-50k/samples_steps64_temp0.821.json",
  "source_gen_ppl": 35.815731048583984,
  "temperature": 0.8206896185874939,
  "temperature_label": "0.821",
  "unigram_entropy": 5.099399684370899,
  "unique_1gram_corpus": 0.04263026764287789,
  "unique_1gram_sample": 0.37564109641505705,
  "unique_2gram_corpus": 0.2193921265625239,
  "unique_2gram_sample": 0.7716433923611606,
  "unique_3gram_corpus": 0.3751359215866452,
  "unique_3gram_sample": 0.9080632604409581,
  "unique_4gram_corpus": 0.44233953181769403,
  "unique_4gram_sample": 0.963157218663747
}
