{
  "empty_samples": 0,
  "gen_ppl": 4.728558683454384,
  "max_tokens": 1024,
  "mean_tokens": 1022.4921875,
  "method": "candi",
  "min_tokens": 983,
  "nfe": 128,
  "num_samples": 256,
  "rank_wasserstein": 0.6972896693084485,
  "rep_1": 0.9188172502570833,
  "rep_2": 0.7815379965087826,
  "rep_3": 0.6417883126437622,
  "source_entropy": 3.1863434314727783,
  "source_file": "/data/remote_cache/patrick/discrete_diffusion/gen-sample-candi-proj/candi-orig-50k/samples_steps128_temp0.297.json",
  "source_gen_ppl": 4.727734088897705,
  "temperature": 0.2965517044067383,
  "temperature_label": "0.297",
  "unigram_entropy": 3.1932877058279785,
  "unique_1gram_corpus": 0.006314993238029019,
  "unique_1gram_sample": 0.08118274974291692,
  "unique_2gram_corpus": 0.03601119685509097,
  "unique_2gram_sample": 0.21846200349121733,
  "unique_3gram_corpus": 0.09340621483199743,
  "unique_3gram_sample": 0.35821168735623754,
  "unique_4gram_corpus": 0.16198321774780644,
  "unique_4gram_sample": 0.4906363833014061
}
