{
  "empty_samples": 0,
  "gen_ppl": 23.15143644773428,
  "max_tokens": 1027,
  "mean_tokens": 1022.9609375,
  "method": "candi",
  "min_tokens": 1017,
  "nfe": 64,
  "num_samples": 256,
  "rank_wasserstein": 0.28153555496149524,
  "rep_1": 0.6866310300380852,
  "rep_2": 0.3059263872019355,
  "rep_3": 0.14029502619200318,
  "source_entropy": 4.829955101013184,
  "source_file": "/data/remote_cache/patrick/discrete_diffusion/gen-sample-candi-proj/candi-orig-50k/samples_steps64_temp0.755.json",
  "source_gen_ppl": 23.147254943847656,
  "temperature": 0.7551723718643188,
  "temperature_label": "0.755",
  "unigram_entropy": 4.833955182954234,
  "unique_1gram_corpus": 0.033374319339539785,
  "unique_1gram_sample": 0.31336896996191443,
  "unique_2gram_corpus": 0.17881523725068993,
  "unique_2gram_sample": 0.6940736127980637,
  "unique_3gram_corpus": 0.331408828998416,
  "unique_3gram_sample": 0.8597049738079972,
  "unique_4gram_corpus": 0.4131515453257248,
  "unique_4gram_sample": 0.9351395245718505
}
