{
  "empty_samples": 0,
  "gen_ppl": 29725.119285878434,
  "max_tokens": 1054,
  "mean_tokens": 1037.8046875,
  "method": "candi",
  "min_tokens": 1024,
  "nfe": 16,
  "num_samples": 256,
  "rank_wasserstein": 6.7003820106423575,
  "rep_1": 0.04420645174446917,
  "rep_2": 0.0004455606808384978,
  "rep_3": 7.447569113441105e-06,
  "source_entropy": 6.87204647064209,
  "source_file": "/data/remote_cache/patrick/discrete_diffusion/gen-sample-candi-proj/candi-orig-50k/samples_steps16_temp1.541.json",
  "source_gen_ppl": 29725.025390625,
  "temperature": 1.5413793325424194,
  "temperature_label": "1.541",
  "unigram_entropy": 6.879499384779664,
  "unique_1gram_corpus": 0.14443047598973194,
  "unique_1gram_sample": 0.955793548255531,
  "unique_2gram_corpus": 0.4978750819449782,
  "unique_2gram_sample": 0.9995544393191623,
  "unique_3gram_corpus": 0.4999434316616761,
  "unique_3gram_sample": 0.9999925524308866,
  "unique_4gram_corpus": 0.5,
  "unique_4gram_sample": 1.0
}
