{
  "empty_samples": 0,
  "gen_ppl": 6.952894062923431,
  "max_tokens": 1024,
  "mean_tokens": 1014.953125,
  "method": "candi",
  "min_tokens": 940,
  "nfe": 16,
  "num_samples": 256,
  "rank_wasserstein": 0.5154694651784533,
  "rep_1": 0.9332411600495211,
  "rep_2": 0.7842382899882981,
  "rep_3": 0.6039543483321738,
  "source_entropy": 2.9368343353271484,
  "source_file": "/data/remote_cache/patrick/discrete_diffusion/gen-sample-candi-proj/candi-orig-50k/samples_steps16_temp0.362.json",
  "source_gen_ppl": 6.951830863952637,
  "temperature": 0.36206895112991333,
  "temperature_label": "0.362",
  "unigram_entropy": 2.9844653044429825,
  "unique_1gram_corpus": 0.00400649660544668,
  "unique_1gram_sample": 0.06675883995047972,
  "unique_2gram_corpus": 0.029367574314641025,
  "unique_2gram_sample": 0.21576171001170244,
  "unique_3gram_corpus": 0.09368878125530242,
  "unique_3gram_sample": 0.3960456516678267,
  "unique_4gram_corpus": 0.18803752026557555,
  "unique_4gram_sample": 0.5738200542128095
}
