{
  "empty_samples": 0,
  "gen_ppl": 4.825856147911432,
  "max_tokens": 1024,
  "mean_tokens": 1022.140625,
  "method": "candi",
  "min_tokens": 978,
  "nfe": 64,
  "num_samples": 256,
  "rank_wasserstein": 0.6952675207640249,
  "rep_1": 0.9279351384651907,
  "rep_2": 0.7998015473929827,
  "rep_3": 0.6620941824322453,
  "source_entropy": 3.0785040855407715,
  "source_file": "/data/remote_cache/patrick/discrete_diffusion/gen-sample-candi-proj/candi-orig-50k/samples_steps64_temp0.231.json",
  "source_gen_ppl": 4.825238227844238,
  "temperature": 0.23103448748588562,
  "temperature_label": "0.231",
  "unigram_entropy": 3.0890325130454497,
  "unique_1gram_corpus": 0.005606340859409633,
  "unique_1gram_sample": 0.07206486153480865,
  "unique_2gram_corpus": 0.03214848591495417,
  "unique_2gram_sample": 0.2001984526070169,
  "unique_3gram_corpus": 0.08685996109604988,
  "unique_3gram_sample": 0.3379058175677551,
  "unique_4gram_corpus": 0.15770410118819472,
  "unique_4gram_sample": 0.4736143714997701
}
