{
  "empty_samples": 0,
  "gen_ppl": 47514.769320958745,
  "max_tokens": 1061,
  "mean_tokens": 1045.046875,
  "method": "candi",
  "min_tokens": 1032,
  "nfe": 64,
  "num_samples": 256,
  "rank_wasserstein": 7.234906142888609,
  "rep_1": 0.027368224086256523,
  "rep_2": 2.997696773294426e-05,
  "rep_3": 0.0,
  "source_entropy": 6.901391983032227,
  "source_file": "/data/remote_cache/patrick/discrete_diffusion/gen-sample-candi-proj/candi-orig-50k/samples_steps64_temp1.869.json",
  "source_gen_ppl": 47514.68359375,
  "temperature": 1.86896550655365,
  "temperature_label": "1.869",
  "unigram_entropy": 6.912298451045565,
  "unique_1gram_corpus": 0.15370871521911397,
  "unique_1gram_sample": 0.9726317759137434,
  "unique_2gram_corpus": 0.4991319834178901,
  "unique_2gram_sample": 0.9999700230322672,
  "unique_3gram_corpus": 0.4999850198487005,
  "unique_3gram_sample": 1.0,
  "unique_4gram_corpus": 0.5,
  "unique_4gram_sample": 1.0
}
