{
  "empty_samples": 0,
  "gen_ppl": 5.702409743096822,
  "max_tokens": 1024,
  "mean_tokens": 1020.828125,
  "method": "candi",
  "min_tokens": 968,
  "nfe": 32,
  "num_samples": 256,
  "rank_wasserstein": 0.608134129481054,
  "rep_1": 0.9254733813669891,
  "rep_2": 0.7842993444321614,
  "rep_3": 0.629148789559104,
  "source_entropy": 3.0577304363250732,
  "source_file": "/data/remote_cache/patrick/discrete_diffusion/gen-sample-candi-proj/candi-orig-50k/samples_steps32_temp0.362.json",
  "source_gen_ppl": 5.701612949371338,
  "temperature": 0.36206895112991333,
  "temperature_label": "0.362",
  "unigram_entropy": 3.075162190764596,
  "unique_1gram_corpus": 0.005678600401022455,
  "unique_1gram_sample": 0.07452661863301073,
  "unique_2gram_corpus": 0.036820695889319584,
  "unique_2gram_sample": 0.21570065556783818,
  "unique_3gram_corpus": 0.10379572118702554,
  "unique_3gram_sample": 0.37085121044089636,
  "unique_4gram_corpus": 0.18887106430665787,
  "unique_4gram_sample": 0.5238948543486576
}
