{
  "empty_samples": 0,
  "gen_ppl": 27489.578126114913,
  "max_tokens": 1050,
  "mean_tokens": 1036.2265625,
  "method": "candi",
  "min_tokens": 1024,
  "nfe": 8,
  "num_samples": 256,
  "rank_wasserstein": 6.614395702297341,
  "rep_1": 0.05217541819621053,
  "rep_2": 0.0006195463761604746,
  "rep_3": 7.5556092843324235e-06,
  "source_entropy": 6.8578362464904785,
  "source_file": "/data/remote_cache/patrick/discrete_diffusion/gen-sample-candi-proj/candi-orig-50k/samples_steps8_temp1.476.json",
  "source_gen_ppl": 27489.3984375,
  "temperature": 1.4758620262145996,
  "temperature_label": "1.476",
  "unigram_entropy": 6.864717791081486,
  "unique_1gram_corpus": 0.14101645845427746,
  "unique_1gram_sample": 0.9478245818037901,
  "unique_2gram_corpus": 0.49737376329155003,
  "unique_2gram_sample": 0.9993804536238404,
  "unique_3gram_corpus": 0.499905575573534,
  "unique_3gram_sample": 0.9999924443907157,
  "unique_4gram_corpus": 0.5,
  "unique_4gram_sample": 1.0
}
