{
  "empty_samples": 0,
  "gen_ppl": 3745.768123674566,
  "max_tokens": 1041,
  "mean_tokens": 1024.203125,
  "method": "candi",
  "min_tokens": 1016,
  "nfe": 32,
  "num_samples": 256,
  "rank_wasserstein": 4.495116298549639,
  "rep_1": 0.18461455390557377,
  "rep_2": 0.014401896654334254,
  "rep_3": 0.002736462045160713,
  "source_entropy": 6.548084259033203,
  "source_file": "/data/remote_cache/patrick/discrete_diffusion/gen-sample-candi-proj/candi-orig-50k/samples_steps32_temp1.214.json",
  "source_gen_ppl": 3745.736572265625,
  "temperature": 1.213793158531189,
  "temperature_label": "1.214",
  "unigram_entropy": 6.55144317728447,
  "unique_1gram_corpus": 0.11681719019359563,
  "unique_1gram_sample": 0.8153854460944265,
  "unique_2gram_corpus": 0.4653203023593189,
  "unique_2gram_sample": 0.9855981033456651,
  "unique_3gram_corpus": 0.49492899833386833,
  "unique_3gram_sample": 0.9972635379548395,
  "unique_4gram_corpus": 0.4992426212953471,
  "unique_4gram_sample": 0.9998241117536644
}
