{
  "empty_samples": 0,
  "gen_ppl": 7806.976789764089,
  "max_tokens": 1036,
  "mean_tokens": 1026.328125,
  "method": "candi",
  "min_tokens": 1016,
  "nfe": 8,
  "num_samples": 256,
  "rank_wasserstein": 5.221003792167345,
  "rep_1": 0.1472548722862583,
  "rep_2": 0.008062771562597413,
  "rep_3": 0.0007404928289515486,
  "source_entropy": 6.643869400024414,
  "source_file": "/data/remote_cache/patrick/discrete_diffusion/gen-sample-candi-proj/candi-orig-50k/samples_steps8_temp1.214.json",
  "source_gen_ppl": 7806.85205078125,
  "temperature": 1.213793158531189,
  "temperature_label": "1.214",
  "unigram_entropy": 6.651983437138163,
  "unique_1gram_corpus": 0.11933470350917257,
  "unique_1gram_sample": 0.8527451277137412,
  "unique_2gram_corpus": 0.4797016199082611,
  "unique_2gram_sample": 0.9919372284374027,
  "unique_3gram_corpus": 0.4978339460316976,
  "unique_3gram_sample": 0.9992595071710482,
  "unique_4gram_corpus": 0.49982440871543526,
  "unique_4gram_sample": 0.9999540738900348
}
