{
  "empty_samples": 0,
  "gen_ppl": 23827.584049629975,
  "max_tokens": 1048,
  "mean_tokens": 1034.8984375,
  "method": "candi",
  "min_tokens": 1021,
  "nfe": 32,
  "num_samples": 256,
  "rank_wasserstein": 6.454823306718702,
  "rep_1": 0.054130312772022945,
  "rep_2": 0.0007556411263433451,
  "rep_3": 2.2667095784517123e-05,
  "source_entropy": 6.854710578918457,
  "source_file": "/data/remote_cache/patrick/discrete_diffusion/gen-sample-candi-proj/candi-orig-50k/samples_steps32_temp1.476.json",
  "source_gen_ppl": 23827.443359375,
  "temperature": 1.4758620262145996,
  "temperature_label": "1.476",
  "unigram_entropy": 6.859849462186551,
  "unique_1gram_corpus": 0.14193723719869855,
  "unique_1gram_sample": 0.9458696872279775,
  "unique_2gram_corpus": 0.49701901933670345,
  "unique_2gram_sample": 0.9992443588736574,
  "unique_3gram_corpus": 0.4999092359939793,
  "unique_3gram_sample": 0.9999773329042154,
  "unique_4gram_corpus": 0.5,
  "unique_4gram_sample": 1.0
}
