{
  "empty_samples": 0,
  "gen_ppl": 9353.67589135195,
  "max_tokens": 1042,
  "mean_tokens": 1027.328125,
  "method": "candi",
  "min_tokens": 1011,
  "nfe": 16,
  "num_samples": 256,
  "rank_wasserstein": 5.42364350846976,
  "rep_1": 0.11833691472163387,
  "rep_2": 0.006273278135461225,
  "rep_3": 0.0007085001531416668,
  "source_entropy": 6.714624404907227,
  "source_file": "/data/remote_cache/patrick/discrete_diffusion/gen-sample-candi-proj/candi-orig-50k/samples_steps16_temp1.279.json",
  "source_gen_ppl": 9353.251953125,
  "temperature": 1.2793103456497192,
  "temperature_label": "1.279",
  "unigram_entropy": 6.7202419234776505,
  "unique_1gram_corpus": 0.12584982281099333,
  "unique_1gram_sample": 0.8816630852783669,
  "unique_2gram_corpus": 0.4843343229047728,
  "unique_2gram_sample": 0.9937267218645393,
  "unique_3gram_corpus": 0.4982132244251078,
  "unique_3gram_sample": 0.9992914998468581,
  "unique_4gram_corpus": 0.4997444971551474,
  "unique_4gram_sample": 0.9999694525466791
}
