{
  "empty_samples": 0,
  "gen_ppl": 10.141264884517298,
  "max_tokens": 1024,
  "mean_tokens": 1021.5390625,
  "method": "candi",
  "min_tokens": 1001,
  "nfe": 32,
  "num_samples": 256,
  "rank_wasserstein": 0.27581642916411847,
  "rep_1": 0.8380997385317649,
  "rep_2": 0.569823550536884,
  "rep_3": 0.3581000482067151,
  "source_entropy": 3.922011613845825,
  "source_file": "/data/remote_cache/patrick/discrete_diffusion/gen-sample-candi-proj/candi-orig-50k/samples_steps32_temp0.559.json",
  "source_gen_ppl": 10.13936710357666,
  "temperature": 0.5586206912994385,
  "temperature_label": "0.559",
  "unigram_entropy": 3.937010718868143,
  "unique_1gram_corpus": 0.013433315233601261,
  "unique_1gram_sample": 0.16190026146823489,
  "unique_2gram_corpus": 0.08158219078458842,
  "unique_2gram_sample": 0.43017644946311606,
  "unique_3gram_corpus": 0.1983854529850346,
  "unique_3gram_sample": 0.641899951793285,
  "unique_4gram_corpus": 0.3079970546048645,
  "unique_4gram_sample": 0.787721463355562
}
