{
  "empty_samples": 0,
  "gen_ppl": 51911.75464873702,
  "max_tokens": 1063,
  "mean_tokens": 1047.4609375,
  "method": "candi",
  "min_tokens": 1032,
  "nfe": 8,
  "num_samples": 256,
  "rank_wasserstein": 7.338687306434244,
  "rep_1": 0.026280759951302288,
  "rep_2": 1.4916498367743142e-05,
  "rep_3": 0.0,
  "source_entropy": 6.903039455413818,
  "source_file": "/data/remote_cache/patrick/discrete_diffusion/gen-sample-candi-proj/candi-orig-50k/samples_steps8_temp1.934.json",
  "source_gen_ppl": 51911.5234375,
  "temperature": 1.9344828128814697,
  "temperature_label": "1.934",
  "unigram_entropy": 6.916034681912704,
  "unique_1gram_corpus": 0.15430915532351297,
  "unique_1gram_sample": 0.9737192400486975,
  "unique_2gram_corpus": 0.49889135254988914,
  "unique_2gram_sample": 0.9999850835016323,
  "unique_3gram_corpus": 0.4999551633176156,
  "unique_3gram_sample": 1.0,
  "unique_4gram_corpus": 0.4999962600324629,
  "unique_4gram_sample": 1.0
}
