{
  "empty_samples": 0,
  "gen_ppl": 10.876718978775058,
  "max_tokens": 1033,
  "mean_tokens": 1022.9296875,
  "method": "candi",
  "min_tokens": 1014,
  "nfe": 64,
  "num_samples": 256,
  "rank_wasserstein": 0.22673771817827754,
  "rep_1": 0.8068146425766147,
  "rep_2": 0.5067955968955085,
  "rep_3": 0.30024132692144734,
  "source_entropy": 4.191652297973633,
  "source_file": "/data/remote_cache/patrick/discrete_diffusion/gen-sample-candi-proj/candi-orig-50k/samples_steps64_temp0.624.json",
  "source_gen_ppl": 10.874750137329102,
  "temperature": 0.6241379380226135,
  "temperature_label": "0.624",
  "unigram_entropy": 4.199640953337055,
  "unique_1gram_corpus": 0.016122503532287013,
  "unique_1gram_sample": 0.19318535742338583,
  "unique_2gram_corpus": 0.0967455870098695,
  "unique_2gram_sample": 0.49320440310449143,
  "unique_3gram_corpus": 0.22246497141851407,
  "unique_3gram_sample": 0.6997586730785524,
  "unique_4gram_corpus": 0.3253287987070187,
  "unique_4gram_sample": 0.8262368858093276
}
