{
  "empty_samples": 0,
  "gen_ppl": 7.706161488626064,
  "max_tokens": 1024,
  "mean_tokens": 1016.25,
  "method": "candi",
  "min_tokens": 986,
  "nfe": 16,
  "num_samples": 256,
  "rank_wasserstein": 0.4571278040982371,
  "rep_1": 0.9204597634049628,
  "rep_2": 0.749431846247365,
  "rep_3": 0.5573945677911791,
  "source_entropy": 3.0890421867370605,
  "source_file": "/data/remote_cache/patrick/discrete_diffusion/gen-sample-candi-proj/candi-orig-50k/samples_steps16_temp0.428.json",
  "source_gen_ppl": 7.7046284675598145,
  "temperature": 0.4275861978530884,
  "temperature_label": "0.428",
  "unigram_entropy": 3.133038978573897,
  "unique_1gram_corpus": 0.005146832718327183,
  "unique_1gram_sample": 0.07954023659503714,
  "unique_2gram_corpus": 0.038117920462940165,
  "unique_2gram_sample": 0.2505681537526355,
  "unique_3gram_corpus": 0.11728956125215677,
  "unique_3gram_sample": 0.4426054322088204,
  "unique_4gram_corpus": 0.22249336910930176,
  "unique_4gram_sample": 0.6213984746695248
}
