{
  "empty_samples": 0,
  "gen_ppl": 5.082256933575494,
  "max_tokens": 1024,
  "mean_tokens": 1019.75,
  "method": "candi",
  "min_tokens": 968,
  "nfe": 32,
  "num_samples": 256,
  "rank_wasserstein": 0.6730469946929827,
  "rep_1": 0.9371066518835575,
  "rep_2": 0.8151512361195753,
  "rep_3": 0.675909970317555,
  "source_entropy": 2.9441754817962646,
  "source_file": "/data/remote_cache/patrick/discrete_diffusion/gen-sample-candi-proj/candi-orig-50k/samples_steps32_temp0.100.json",
  "source_gen_ppl": 5.081290245056152,
  "temperature": 0.10000000149011612,
  "temperature_label": "0.100",
  "unigram_entropy": 2.967985293615703,
  "unique_1gram_corpus": 0.004389862711448885,
  "unique_1gram_sample": 0.06289334811644232,
  "unique_2gram_corpus": 0.026560582822085888,
  "unique_2gram_sample": 0.18484876388042495,
  "unique_3gram_corpus": 0.07634411078359125,
  "unique_3gram_sample": 0.3240900296824456,
  "unique_4gram_corpus": 0.14666830587656748,
  "unique_4gram_sample": 0.4678905995973465
}
