{
  "empty_samples": 0,
  "gen_ppl": 6.226214708258905,
  "max_tokens": 1024,
  "mean_tokens": 1023.296875,
  "method": "candi",
  "min_tokens": 1011,
  "nfe": 128,
  "num_samples": 256,
  "rank_wasserstein": 0.5507347877397979,
  "rep_1": 0.8816421077541163,
  "rep_2": 0.6866765422011042,
  "rep_3": 0.5128350596400868,
  "source_entropy": 3.5959200859069824,
  "source_file": "/data/remote_cache/patrick/discrete_diffusion/gen-sample-candi-proj/candi-orig-50k/samples_steps128_temp0.428.json",
  "source_gen_ppl": 6.225123405456543,
  "temperature": 0.4275861978530884,
  "temperature_label": "0.428",
  "unigram_entropy": 3.600054103152212,
  "unique_1gram_corpus": 0.00912720831870028,
  "unique_1gram_sample": 0.11835789224588414,
  "unique_2gram_corpus": 0.053746924052761096,
  "unique_2gram_sample": 0.3133234577988957,
  "unique_3gram_corpus": 0.13464804247051085,
  "unique_3gram_sample": 0.4871649403599133,
  "unique_4gram_corpus": 0.22122084564847855,
  "unique_4gram_sample": 0.6299216726450272
}
