{
  "empty_samples": 0,
  "gen_ppl": 43679.77263880852,
  "max_tokens": 1065,
  "mean_tokens": 1044.0703125,
  "method": "candi",
  "min_tokens": 1030,
  "nfe": 64,
  "num_samples": 256,
  "rank_wasserstein": 7.136572673318286,
  "rep_1": 0.029644429387631496,
  "rep_2": 1.4924258319953462e-05,
  "rep_3": 0.0,
  "source_entropy": 6.898566722869873,
  "source_file": "/data/remote_cache/patrick/discrete_diffusion/gen-sample-candi-proj/candi-orig-50k/samples_steps64_temp1.803.json",
  "source_gen_ppl": 43679.66796875,
  "temperature": 1.8034483194351196,
  "temperature_label": "1.803",
  "unigram_entropy": 6.907994063779616,
  "unique_1gram_corpus": 0.15240831780666114,
  "unique_1gram_sample": 0.9703555706123698,
  "unique_2gram_corpus": 0.49906750653494414,
  "unique_2gram_sample": 0.9999850757416802,
  "unique_3gram_corpus": 0.4999812572628107,
  "unique_3gram_sample": 1.0,
  "unique_4gram_corpus": 0.5,
  "unique_4gram_sample": 1.0
}
