{
  "empty_samples": 0,
  "gen_ppl": 12.619374543740378,
  "max_tokens": 1026,
  "mean_tokens": 1021.9375,
  "method": "candi",
  "min_tokens": 1004,
  "nfe": 32,
  "num_samples": 256,
  "rank_wasserstein": 0.17996326884826735,
  "rep_1": 0.8026500691643956,
  "rep_2": 0.49228989928761424,
  "rep_3": 0.2810769361195781,
  "source_entropy": 4.169564723968506,
  "source_file": "/data/remote_cache/patrick/discrete_diffusion/gen-sample-candi-proj/candi-orig-50k/samples_steps32_temp0.624.json",
  "source_gen_ppl": 12.617046356201172,
  "temperature": 0.6241379380226135,
  "temperature_label": "0.624",
  "unigram_entropy": 4.184240145654774,
  "unique_1gram_corpus": 0.016680936945752553,
  "unique_1gram_sample": 0.19734993083560348,
  "unique_2gram_corpus": 0.10140801958983778,
  "unique_2gram_sample": 0.5077101007123858,
  "unique_3gram_corpus": 0.2322024940253692,
  "unique_3gram_sample": 0.7189230638804224,
  "unique_4gram_corpus": 0.33787493099429555,
  "unique_4gram_sample": 0.8455971262735976
}
