{
  "empty_samples": 0,
  "gen_ppl": 32.99273072833267,
  "max_tokens": 1024,
  "mean_tokens": 1011.59375,
  "method": "candi",
  "min_tokens": 979,
  "nfe": 8,
  "num_samples": 256,
  "rank_wasserstein": 0.4802991176725571,
  "rep_1": 0.7577775595796229,
  "rep_2": 0.37369659895915297,
  "rep_3": 0.15645560221497867,
  "source_entropy": 4.235902786254883,
  "source_file": "/data/remote_cache/patrick/discrete_diffusion/gen-sample-candi-proj/candi-orig-50k/samples_steps8_temp0.690.json",
  "source_gen_ppl": 32.99079895019531,
  "temperature": 0.6896551847457886,
  "temperature_label": "0.690",
  "unigram_entropy": 4.308017934549166,
  "unique_1gram_corpus": 0.021338543758302183,
  "unique_1gram_sample": 0.24222244042037655,
  "unique_2gram_corpus": 0.12953399919601719,
  "unique_2gram_sample": 0.6263034010408459,
  "unique_3gram_corpus": 0.2897746618379918,
  "unique_3gram_sample": 0.8435443977850215,
  "unique_4gram_corpus": 0.40331138652207593,
  "unique_4gram_sample": 0.9433442626792188
}
