{
  "empty_samples": 0,
  "gen_ppl": 8.212118095079678,
  "max_tokens": 1017,
  "mean_tokens": 996.046875,
  "method": "candi",
  "min_tokens": 918,
  "nfe": 8,
  "num_samples": 256,
  "rank_wasserstein": 0.4743941786297521,
  "rep_1": 0.9557883306078162,
  "rep_2": 0.8205805063012823,
  "rep_3": 0.6213341935691774,
  "source_entropy": 2.5656776428222656,
  "source_file": "/data/remote_cache/patrick/discrete_diffusion/gen-sample-candi-proj/candi-orig-50k/samples_steps8_temp0.166.json",
  "source_gen_ppl": 8.210404396057129,
  "temperature": 0.16551724076271057,
  "temperature_label": "0.166",
  "unigram_entropy": 2.694950142694759,
  "unique_1gram_corpus": 0.0013216308218425964,
  "unique_1gram_sample": 0.04421166939218382,
  "unique_2gram_corpus": 0.012703547257509853,
  "unique_2gram_sample": 0.17941949369871832,
  "unique_3gram_corpus": 0.052751536490671026,
  "unique_3gram_sample": 0.3786658064308222,
  "unique_4gram_corpus": 0.13087876642278343,
  "unique_4gram_sample": 0.5878077569876109
}
