{
  "empty_samples": 0,
  "gen_ppl": 46378.725488441305,
  "max_tokens": 1062,
  "mean_tokens": 1045.0546875,
  "method": "candi",
  "min_tokens": 1028,
  "nfe": 8,
  "num_samples": 256,
  "rank_wasserstein": 7.2152188938280934,
  "rep_1": 0.0290765189201818,
  "rep_2": 4.48430119865768e-05,
  "rep_3": 0.0,
  "source_entropy": 6.8978657722473145,
  "source_file": "/data/remote_cache/patrick/discrete_diffusion/gen-sample-candi-proj/candi-orig-50k/samples_steps8_temp1.803.json",
  "source_gen_ppl": 46378.51953125,
  "temperature": 1.8034483194351196,
  "temperature_label": "1.803",
  "unigram_entropy": 6.909702538846446,
  "unique_1gram_corpus": 0.1516629662024266,
  "unique_1gram_sample": 0.9709234810798191,
  "unique_2gram_corpus": 0.49891872881419347,
  "unique_2gram_sample": 0.9999551569880133,
  "unique_3gram_corpus": 0.4999513148729318,
  "unique_3gram_sample": 1.0,
  "unique_4gram_corpus": 0.49999625139635484,
  "unique_4gram_sample": 1.0
}
