{
  "empty_samples": 0,
  "gen_ppl": 1584.0143975633164,
  "max_tokens": 1032,
  "mean_tokens": 1021.90625,
  "method": "candi",
  "min_tokens": 1013,
  "nfe": 32,
  "num_samples": 256,
  "rank_wasserstein": 3.657114440505928,
  "rep_1": 0.25188747173138104,
  "rep_2": 0.026087956744247617,
  "rep_3": 0.006119895824424056,
  "source_entropy": 6.3499650955200195,
  "source_file": "/data/remote_cache/patrick/discrete_diffusion/gen-sample-candi-proj/candi-orig-50k/samples_steps32_temp1.148.json",
  "source_gen_ppl": 1583.9261474609375,
  "temperature": 1.1482758522033691,
  "temperature_label": "1.148",
  "unigram_entropy": 6.352736830757615,
  "unique_1gram_corpus": 0.10617794562857405,
  "unique_1gram_sample": 0.7481125282686193,
  "unique_2gram_corpus": 0.43890232330343754,
  "unique_2gram_sample": 0.9739120432557524,
  "unique_3gram_corpus": 0.48975089622207924,
  "unique_3gram_sample": 0.9938801041755766,
  "unique_4gram_corpus": 0.4978952614629658,
  "unique_4gram_sample": 0.9993179922454121
}
