{
  "empty_samples": 0,
  "gen_ppl": 6.990581981653464,
  "max_tokens": 1027,
  "mean_tokens": 1022.5703125,
  "method": "candi",
  "min_tokens": 971,
  "nfe": 64,
  "num_samples": 256,
  "rank_wasserstein": 0.48774873493915705,
  "rep_1": 0.8769285112910816,
  "rep_2": 0.6687302715879636,
  "rep_3": 0.4844080367358275,
  "source_entropy": 3.621507167816162,
  "source_file": "/data/remote_cache/patrick/discrete_diffusion/gen-sample-candi-proj/candi-orig-50k/samples_steps64_temp0.493.json",
  "source_gen_ppl": 6.989328861236572,
  "temperature": 0.4931034445762634,
  "temperature_label": "0.493",
  "unigram_entropy": 3.6291055370780834,
  "unique_1gram_corpus": 0.009588277089747802,
  "unique_1gram_sample": 0.12307148870891838,
  "unique_2gram_corpus": 0.05835837902738584,
  "unique_2gram_sample": 0.33126972841203656,
  "unique_3gram_corpus": 0.14830096529973283,
  "unique_3gram_sample": 0.5155919632641726,
  "unique_4gram_corpus": 0.24152714455384852,
  "unique_4gram_sample": 0.6625606540530813
}
