{
  "empty_samples": 0,
  "gen_ppl": 35883.21309393643,
  "max_tokens": 1053,
  "mean_tokens": 1039.7734375,
  "method": "candi",
  "min_tokens": 1024,
  "nfe": 8,
  "num_samples": 256,
  "rank_wasserstein": 6.920774805467299,
  "rep_1": 0.03842023918164085,
  "rep_2": 0.00016549313856603284,
  "rep_3": 0.0,
  "source_entropy": 6.881648540496826,
  "source_file": "/data/remote_cache/patrick/discrete_diffusion/gen-sample-candi-proj/candi-orig-50k/samples_steps8_temp1.607.json",
  "source_gen_ppl": 35883.13671875,
  "temperature": 1.6068965196609497,
  "temperature_label": "1.607",
  "unigram_entropy": 6.890613726691028,
  "unique_1gram_corpus": 0.1463697770698244,
  "unique_1gram_sample": 0.9615797608183595,
  "unique_2gram_corpus": 0.498567270594075,
  "unique_2gram_sample": 0.9998345068614337,
  "unique_3gram_corpus": 0.4999811796589754,
  "unique_3gram_sample": 1.0,
  "unique_4gram_corpus": 0.5,
  "unique_4gram_sample": 1.0
}
