{
  "empty_samples": 0,
  "gen_ppl": 5.077298454300003,
  "max_tokens": 1024,
  "mean_tokens": 1019.5546875,
  "method": "candi",
  "min_tokens": 982,
  "nfe": 32,
  "num_samples": 256,
  "rank_wasserstein": 0.6726183005570654,
  "rep_1": 0.9379700579666358,
  "rep_2": 0.8195160112956955,
  "rep_3": 0.6845826371602026,
  "source_entropy": 2.9165546894073486,
  "source_file": "/data/remote_cache/patrick/discrete_diffusion/gen-sample-candi-proj/candi-orig-50k/samples_steps32_temp0.166.json",
  "source_gen_ppl": 5.076733589172363,
  "temperature": 0.16551724076271057,
  "temperature_label": "0.166",
  "unigram_entropy": 2.939514899558516,
  "unique_1gram_corpus": 0.004061209320858524,
  "unique_1gram_sample": 0.06202994203336432,
  "unique_2gram_corpus": 0.027041227229146692,
  "unique_2gram_sample": 0.18048398870430482,
  "unique_3gram_corpus": 0.07952582401130161,
  "unique_3gram_sample": 0.31541736283979815,
  "unique_4gram_corpus": 0.15312905878465097,
  "unique_4gram_sample": 0.45945009148983673
}
