{
  "empty_samples": 0,
  "gen_ppl": 99.95595578895376,
  "max_tokens": 1027,
  "mean_tokens": 1022.0546875,
  "method": "candi",
  "min_tokens": 1008,
  "nfe": 128,
  "num_samples": 256,
  "rank_wasserstein": 1.3456546578929132,
  "rep_1": 0.49931309703194193,
  "rep_2": 0.12408725949707314,
  "rep_3": 0.041160507985588596,
  "source_entropy": 5.5671916007995605,
  "source_file": "/data/remote_cache/patrick/discrete_diffusion/gen-sample-candi-proj/candi-orig-50k/samples_steps128_temp0.952.json",
  "source_gen_ppl": 99.93975067138672,
  "temperature": 0.951724112033844,
  "temperature_label": "0.952",
  "unigram_entropy": 5.567446394061795,
  "unique_1gram_corpus": 0.06523317765224769,
  "unique_1gram_sample": 0.5006869029680581,
  "unique_2gram_corpus": 0.30465205248861854,
  "unique_2gram_sample": 0.8759127405029266,
  "unique_3gram_corpus": 0.43759908705875145,
  "unique_3gram_sample": 0.9588394920144114,
  "unique_4gram_corpus": 0.4769432455017288,
  "unique_4gram_sample": 0.9877538982488538
}
