{
  "empty_samples": 0,
  "gen_ppl": 108.18203578044817,
  "max_tokens": 1026,
  "mean_tokens": 1020.984375,
  "method": "candi",
  "min_tokens": 1014,
  "nfe": 16,
  "num_samples": 256,
  "rank_wasserstein": 1.3966730236214497,
  "rep_1": 0.5218186953141118,
  "rep_2": 0.13556843545619213,
  "rep_3": 0.042515161922635485,
  "source_entropy": 5.4426164627075195,
  "source_file": "/data/remote_cache/patrick/discrete_diffusion/gen-sample-candi-proj/candi-orig-50k/samples_steps16_temp0.886.json",
  "source_gen_ppl": 108.1661148071289,
  "temperature": 0.886206865310669,
  "temperature_label": "0.886",
  "unigram_entropy": 5.4541137449339,
  "unique_1gram_corpus": 0.05779119416004775,
  "unique_1gram_sample": 0.4781813046858882,
  "unique_2gram_corpus": 0.28290491582285265,
  "unique_2gram_sample": 0.864431564543808,
  "unique_3gram_corpus": 0.42641263512995475,
  "unique_3gram_sample": 0.9574848380773642,
  "unique_4gram_corpus": 0.4733465334377063,
  "unique_4gram_sample": 0.9891698504920201
}
