{
  "empty_samples": 0,
  "gen_ppl": 50290.02962309187,
  "max_tokens": 1067,
  "mean_tokens": 1046.90625,
  "method": "candi",
  "min_tokens": 1034,
  "nfe": 64,
  "num_samples": 256,
  "rank_wasserstein": 7.29093005082184,
  "rep_1": 0.0260649565674789,
  "rep_2": 1.4924258319953462e-05,
  "rep_3": 0.0,
  "source_entropy": 6.903043270111084,
  "source_file": "/data/remote_cache/patrick/discrete_diffusion/gen-sample-candi-proj/candi-orig-50k/samples_steps64_temp1.934.json",
  "source_gen_ppl": 50289.90234375,
  "temperature": 1.9344828128814697,
  "temperature_label": "1.934",
  "unigram_entropy": 6.916420034900261,
  "unique_1gram_corpus": 0.15498791080863258,
  "unique_1gram_sample": 0.9739350434325219,
  "unique_2gram_corpus": 0.4990513609608892,
  "unique_2gram_sample": 0.9999850757416802,
  "unique_3gram_corpus": 0.49995887788976284,
  "unique_3gram_sample": 1.0,
  "unique_4gram_corpus": 0.4999962580452028,
  "unique_4gram_sample": 1.0
}
