{
  "empty_samples": 0,
  "gen_ppl": 5.727082062078177,
  "max_tokens": 1024,
  "mean_tokens": 1012.7890625,
  "method": "candi",
  "min_tokens": 960,
  "nfe": 16,
  "num_samples": 256,
  "rank_wasserstein": 0.6220635600543377,
  "rep_1": 0.9515007296604748,
  "rep_2": 0.8387451182950524,
  "rep_3": 0.6883646343069003,
  "source_entropy": 2.6838974952697754,
  "source_file": "/data/remote_cache/patrick/discrete_diffusion/gen-sample-candi-proj/candi-orig-50k/samples_steps16_temp0.166.json",
  "source_gen_ppl": 5.726118087768555,
  "temperature": 0.16551724076271057,
  "temperature_label": "0.166",
  "unigram_entropy": 2.7351870511996412,
  "unique_1gram_corpus": 0.0023720079915456236,
  "unique_1gram_sample": 0.04849927033952526,
  "unique_2gram_corpus": 0.018566277247141126,
  "unique_2gram_sample": 0.16125488170494712,
  "unique_3gram_corpus": 0.06435643564356436,
  "unique_3gram_sample": 0.31163536569309946,
  "unique_4gram_corpus": 0.14077042699202338,
  "unique_4gram_sample": 0.4803254805639137
}
