{
  "empty_samples": 0,
  "gen_ppl": 43964.88381382765,
  "max_tokens": 1063,
  "mean_tokens": 1043.8515625,
  "method": "candi",
  "min_tokens": 1026,
  "nfe": 32,
  "num_samples": 256,
  "rank_wasserstein": 7.1448872587924175,
  "rep_1": 0.03001115038187581,
  "rep_2": 7.477057708843351e-05,
  "rep_3": 7.4832375478927834e-06,
  "source_entropy": 6.8974995613098145,
  "source_file": "/data/remote_cache/patrick/discrete_diffusion/gen-sample-candi-proj/candi-orig-50k/samples_steps32_temp1.803.json",
  "source_gen_ppl": 43964.69140625,
  "temperature": 1.8034483194351196,
  "temperature_label": "1.803",
  "unigram_entropy": 6.907314913040777,
  "unique_1gram_corpus": 0.1519013868411008,
  "unique_1gram_sample": 0.9699888496181235,
  "unique_2gram_corpus": 0.4989474472787205,
  "unique_2gram_sample": 0.9999252294229116,
  "unique_3gram_corpus": 0.49997750399304125,
  "unique_3gram_sample": 0.9999925167624522,
  "unique_4gram_corpus": 0.5,
  "unique_4gram_sample": 1.0
}
