{
  "empty_samples": 0,
  "gen_ppl": 8.194591219856406,
  "max_tokens": 1020,
  "mean_tokens": 997.53125,
  "method": "candi",
  "min_tokens": 950,
  "nfe": 8,
  "num_samples": 256,
  "rank_wasserstein": 0.4778517851533633,
  "rep_1": 0.9550839273919723,
  "rep_2": 0.8197955003122197,
  "rep_3": 0.6215307107067773,
  "source_entropy": 2.5836005210876465,
  "source_file": "/data/remote_cache/patrick/discrete_diffusion/gen-sample-candi-proj/candi-orig-50k/samples_steps8_temp0.100.json",
  "source_gen_ppl": 8.194015502929688,
  "temperature": 0.10000000149011612,
  "temperature_label": "0.100",
  "unigram_entropy": 2.7109226661654735,
  "unique_1gram_corpus": 0.0013627392625544313,
  "unique_1gram_sample": 0.044916072608027414,
  "unique_2gram_corpus": 0.01341763617548371,
  "unique_2gram_sample": 0.1802044996877801,
  "unique_3gram_corpus": 0.054728944972847415,
  "unique_3gram_sample": 0.37846928929322265,
  "unique_4gram_corpus": 0.13421838177533385,
  "unique_4gram_sample": 0.5891848493496906
}
