{
  "empty_samples": 0,
  "gen_ppl": 440.85043352913505,
  "max_tokens": 1029,
  "mean_tokens": 1020.8515625,
  "method": "candi",
  "min_tokens": 1012,
  "nfe": 128,
  "num_samples": 256,
  "rank_wasserstein": 2.5308180780067153,
  "rep_1": 0.3524415358867318,
  "rep_2": 0.053325422163677735,
  "rep_3": 0.014713574788893829,
  "source_entropy": 6.046582221984863,
  "source_file": "/data/remote_cache/patrick/discrete_diffusion/gen-sample-candi-proj/candi-orig-50k/samples_steps128_temp1.083.json",
  "source_gen_ppl": 440.8007507324219,
  "temperature": 1.0827586650848389,
  "temperature_label": "1.083",
  "unigram_entropy": 6.045858408640362,
  "unique_1gram_corpus": 0.0927878838898285,
  "unique_1gram_sample": 0.6475584641132683,
  "unique_2gram_corpus": 0.3940945756505619,
  "unique_2gram_sample": 0.9466745778363242,
  "unique_3gram_corpus": 0.47720319293321983,
  "unique_3gram_sample": 0.9852864252111067,
  "unique_4gram_corpus": 0.49381740031469473,
  "unique_4gram_sample": 0.9975131274030629
}
