{
  "empty_samples": 0,
  "gen_ppl": 32354.706633650356,
  "max_tokens": 1056,
  "mean_tokens": 1040.453125,
  "method": "candi",
  "min_tokens": 1026,
  "nfe": 64,
  "num_samples": 256,
  "rank_wasserstein": 6.802169610603282,
  "rep_1": 0.039517298586465376,
  "rep_2": 0.0002027532023667917,
  "rep_3": 7.4832375478927834e-06,
  "source_entropy": 6.881970405578613,
  "source_file": "/data/remote_cache/patrick/discrete_diffusion/gen-sample-candi-proj/candi-orig-50k/samples_steps64_temp1.607.json",
  "source_gen_ppl": 32354.552734375,
  "temperature": 1.6068965196609497,
  "temperature_label": "1.607",
  "unigram_entropy": 6.890001830786467,
  "unique_1gram_corpus": 0.14654822868641967,
  "unique_1gram_sample": 0.9604827014135341,
  "unique_2gram_corpus": 0.4985043216835776,
  "unique_2gram_sample": 0.9997972467976338,
  "unique_3gram_corpus": 0.49998119197724983,
  "unique_3gram_sample": 0.9999925167624522,
  "unique_4gram_corpus": 0.5,
  "unique_4gram_sample": 1.0
}
