{
  "empty_samples": 0,
  "gen_ppl": 11820.040325111766,
  "max_tokens": 1042,
  "mean_tokens": 1029.0625,
  "method": "candi",
  "min_tokens": 1013,
  "nfe": 128,
  "num_samples": 256,
  "rank_wasserstein": 5.6902123357222445,
  "rep_1": 0.09247581341464695,
  "rep_2": 0.003732631363828529,
  "rep_3": 0.0003343870109590516,
  "source_entropy": 6.775669574737549,
  "source_file": "/data/remote_cache/patrick/discrete_diffusion/gen-sample-candi-proj/candi-orig-50k/samples_steps128_temp1.345.json",
  "source_gen_ppl": 11819.88671875,
  "temperature": 1.344827651977539,
  "temperature_label": "1.345",
  "unigram_entropy": 6.779043193194063,
  "unique_1gram_corpus": 0.13375721226844822,
  "unique_1gram_sample": 0.907524186585353,
  "unique_2gram_corpus": 0.49077071554501794,
  "unique_2gram_sample": 0.9962673686361719,
  "unique_3gram_corpus": 0.4991252358060001,
  "unique_3gram_sample": 0.9996656129890413,
  "unique_4gram_corpus": 0.49989721020892974,
  "unique_4gram_sample": 0.9999771712325275
}
