{
  "empty_samples": 0,
  "gen_ppl": 4.547647806346294,
  "max_tokens": 1024,
  "mean_tokens": 1019.875,
  "method": "candi",
  "min_tokens": 898,
  "nfe": 128,
  "num_samples": 256,
  "rank_wasserstein": 0.7198854037248252,
  "rep_1": 0.9245021377892804,
  "rep_2": 0.796541277929456,
  "rep_3": 0.6644049949505768,
  "source_entropy": 3.0881764888763428,
  "source_file": "/data/remote_cache/patrick/discrete_diffusion/gen-sample-candi-proj/candi-orig-50k/samples_steps128_temp0.166.json",
  "source_gen_ppl": 4.546860218048096,
  "temperature": 0.16551724076271057,
  "temperature_label": "0.166",
  "unigram_entropy": 3.1022230464844696,
  "unique_1gram_corpus": 0.005484740777056012,
  "unique_1gram_sample": 0.07549786221071966,
  "unique_2gram_corpus": 0.03323978652926021,
  "unique_2gram_sample": 0.20345872207054377,
  "unique_3gram_corpus": 0.08841950141225592,
  "unique_3gram_sample": 0.33559500504942397,
  "unique_4gram_corpus": 0.15515903503380454,
  "unique_4gram_sample": 0.4627564758468746
}
