{
  "empty_samples": 0,
  "gen_ppl": 583.4319745142035,
  "max_tokens": 1027,
  "mean_tokens": 1021.359375,
  "method": "candi",
  "min_tokens": 1012,
  "nfe": 32,
  "num_samples": 256,
  "rank_wasserstein": 2.7642571503566344,
  "rep_1": 0.3358025904454596,
  "rep_2": 0.04969114940728463,
  "rep_3": 0.013914522415877317,
  "source_entropy": 6.090367794036865,
  "source_file": "/data/remote_cache/patrick/discrete_diffusion/gen-sample-candi-proj/candi-orig-50k/samples_steps32_temp1.083.json",
  "source_gen_ppl": 583.3775024414062,
  "temperature": 1.0827586650848389,
  "temperature_label": "1.083",
  "unigram_entropy": 6.0924857091704565,
  "unique_1gram_corpus": 0.09192711918858139,
  "unique_1gram_sample": 0.6641974095545401,
  "unique_2gram_corpus": 0.39793730762752094,
  "unique_2gram_sample": 0.9503088505927157,
  "unique_3gram_corpus": 0.4781649013626818,
  "unique_3gram_sample": 0.9860854775841226,
  "unique_4gram_corpus": 0.49411967779056387,
  "unique_4gram_sample": 0.9977606268847531
}
