{
  "empty_samples": 0,
  "gen_ppl": 6.229331058937227,
  "max_tokens": 1030,
  "mean_tokens": 1022.484375,
  "method": "candi",
  "min_tokens": 993,
  "nfe": 64,
  "num_samples": 256,
  "rank_wasserstein": 0.5523552658716434,
  "rep_1": 0.8902530776109427,
  "rep_2": 0.7037952173144137,
  "rep_3": 0.5301123008104186,
  "source_entropy": 3.496436595916748,
  "source_file": "/data/remote_cache/patrick/discrete_diffusion/gen-sample-candi-proj/candi-orig-50k/samples_steps64_temp0.428.json",
  "source_gen_ppl": 6.228420734405518,
  "temperature": 0.4275861978530884,
  "temperature_label": "0.428",
  "unigram_entropy": 3.5060665718779163,
  "unique_1gram_corpus": 0.008580510093369397,
  "unique_1gram_sample": 0.109746922389057,
  "unique_2gram_corpus": 0.05145697896749522,
  "unique_2gram_sample": 0.29620478268558526,
  "unique_3gram_corpus": 0.13195326974016627,
  "unique_3gram_sample": 0.4698876991895815,
  "unique_4gram_corpus": 0.21987984121875334,
  "unique_4gram_sample": 0.6159555257458684
}
