{
  "empty_samples": 0,
  "gen_ppl": 5.546049196363076,
  "max_tokens": 1024,
  "mean_tokens": 1019.0390625,
  "method": "candi",
  "min_tokens": 951,
  "nfe": 32,
  "num_samples": 256,
  "rank_wasserstein": 0.6238865881426328,
  "rep_1": 0.9303754578476147,
  "rep_2": 0.795749411502324,
  "rep_3": 0.644519529535616,
  "source_entropy": 3.009438991546631,
  "source_file": "/data/remote_cache/patrick/discrete_diffusion/gen-sample-candi-proj/candi-orig-50k/samples_steps32_temp0.297.json",
  "source_gen_ppl": 5.544987678527832,
  "temperature": 0.2965517044067383,
  "temperature_label": "0.297",
  "unigram_entropy": 3.03639245274123,
  "unique_1gram_corpus": 0.0051212462721467065,
  "unique_1gram_sample": 0.0696245421523851,
  "unique_2gram_corpus": 0.03251502198620203,
  "unique_2gram_sample": 0.20425058849767672,
  "unique_3gram_corpus": 0.09307041734200844,
  "unique_3gram_sample": 0.3554804704643835,
  "unique_4gram_corpus": 0.17282953872651918,
  "unique_4gram_sample": 0.5083173865663208
}
