{
  "empty_samples": 0,
  "gen_ppl": 97.05565778479352,
  "max_tokens": 1023,
  "mean_tokens": 1016.7109375,
  "method": "candi",
  "min_tokens": 1001,
  "nfe": 8,
  "num_samples": 256,
  "rank_wasserstein": 1.296363289758507,
  "rep_1": 0.5923795795190674,
  "rep_2": 0.17569573254804013,
  "rep_3": 0.05231696828206927,
  "source_entropy": 5.091543674468994,
  "source_file": "/data/remote_cache/patrick/discrete_diffusion/gen-sample-candi-proj/candi-orig-50k/samples_steps8_temp0.821.json",
  "source_gen_ppl": 97.05833435058594,
  "temperature": 0.8206896185874939,
  "temperature_label": "0.821",
  "unigram_entropy": 5.132648934713478,
  "unique_1gram_corpus": 0.04493656782363473,
  "unique_1gram_sample": 0.4076204204809324,
  "unique_2gram_corpus": 0.23717608510049148,
  "unique_2gram_sample": 0.8243042674519603,
  "unique_3gram_corpus": 0.4004450158989244,
  "unique_3gram_sample": 0.9476830317179307,
  "unique_4gram_corpus": 0.4658009325266849,
  "unique_4gram_sample": 0.9876390886437199
}
