{
  "empty_samples": 0,
  "gen_ppl": 4.457734175419072,
  "max_tokens": 1024,
  "mean_tokens": 1022.3125,
  "method": "candi",
  "min_tokens": 999,
  "nfe": 64,
  "num_samples": 256,
  "rank_wasserstein": 0.7339875671271233,
  "rep_1": 0.9367405804275294,
  "rep_2": 0.8231318074840243,
  "rep_3": 0.6960502776900859,
  "source_entropy": 2.9663960933685303,
  "source_file": "/data/remote_cache/patrick/discrete_diffusion/gen-sample-candi-proj/candi-orig-50k/samples_steps64_temp0.100.json",
  "source_gen_ppl": 4.456942558288574,
  "temperature": 0.10000000149011612,
  "temperature_label": "0.100",
  "unigram_entropy": 2.975779908978472,
  "unique_1gram_corpus": 0.0042489454056367304,
  "unique_1gram_sample": 0.06325941957247025,
  "unique_2gram_corpus": 0.02612676702772168,
  "unique_2gram_sample": 0.17686819251597496,
  "unique_3gram_corpus": 0.07357580398162328,
  "unique_3gram_sample": 0.30394972230991435,
  "unique_4gram_corpus": 0.13919844870930162,
  "unique_4gram_sample": 0.4358510200256581
}
