{
  "empty_samples": 0,
  "gen_ppl": 10.614146944056028,
  "max_tokens": 1033,
  "mean_tokens": 1023.1328125,
  "method": "candi",
  "min_tokens": 1005,
  "nfe": 128,
  "num_samples": 256,
  "rank_wasserstein": 0.2378771250031045,
  "rep_1": 0.8016083382527521,
  "rep_2": 0.498794457660827,
  "rep_3": 0.29947277431225167,
  "source_entropy": 4.234609603881836,
  "source_file": "/data/remote_cache/patrick/discrete_diffusion/gen-sample-candi-proj/candi-orig-50k/samples_steps128_temp0.624.json",
  "source_gen_ppl": 10.612273216247559,
  "temperature": 0.6241379380226135,
  "temperature_label": "0.624",
  "unigram_entropy": 4.239145458067053,
  "unique_1gram_corpus": 0.016703446064095417,
  "unique_1gram_sample": 0.19839166174724743,
  "unique_2gram_corpus": 0.09887795892473611,
  "unique_2gram_sample": 0.501205542339173,
  "unique_3gram_corpus": 0.22435637504303585,
  "unique_3gram_sample": 0.7005272256877485,
  "unique_4gram_corpus": 0.3243105600526892,
  "unique_4gram_sample": 0.8209394693559703
}
