{
  "empty_samples": 0,
  "gen_ppl": 15173.177037115382,
  "max_tokens": 1046,
  "mean_tokens": 1029.8515625,
  "method": "candi",
  "min_tokens": 1020,
  "nfe": 16,
  "num_samples": 256,
  "rank_wasserstein": 5.9507653039136885,
  "rep_1": 0.08273320666950196,
  "rep_2": 0.002296142028559665,
  "rep_3": 0.00022106896520431452,
  "source_entropy": 6.796257495880127,
  "source_file": "/data/remote_cache/patrick/discrete_diffusion/gen-sample-candi-proj/candi-orig-50k/samples_steps16_temp1.345.json",
  "source_gen_ppl": 15173.0107421875,
  "temperature": 1.344827651977539,
  "temperature_label": "1.345",
  "unigram_entropy": 6.800674231195523,
  "unique_1gram_corpus": 0.13329818465950038,
  "unique_1gram_sample": 0.9172667933304975,
  "unique_2gram_corpus": 0.4928166265481081,
  "unique_2gram_sample": 0.997703857971441,
  "unique_3gram_corpus": 0.4994793448105499,
  "unique_3gram_sample": 0.9997789310347958,
  "unique_4gram_corpus": 0.49995435075359296,
  "unique_4gram_sample": 0.9999542232539465
}
