{
  "empty_samples": 0,
  "gen_ppl": 32.590490058824734,
  "max_tokens": 1032,
  "mean_tokens": 1022.890625,
  "method": "candi",
  "min_tokens": 1017,
  "nfe": 128,
  "num_samples": 256,
  "rank_wasserstein": 0.5201505025822368,
  "rep_1": 0.6303667801195367,
  "rep_2": 0.2404686650503372,
  "rep_3": 0.09959682168444074,
  "source_entropy": 5.073063850402832,
  "source_file": "/data/remote_cache/patrick/discrete_diffusion/gen-sample-candi-proj/candi-orig-50k/samples_steps128_temp0.821.json",
  "source_gen_ppl": 32.584693908691406,
  "temperature": 0.8206896185874939,
  "temperature_label": "0.821",
  "unigram_entropy": 5.074435456800717,
  "unique_1gram_corpus": 0.04262583059650195,
  "unique_1gram_sample": 0.3696332198804632,
  "unique_2gram_corpus": 0.21935062155012922,
  "unique_2gram_sample": 0.7595313349496635,
  "unique_3gram_corpus": 0.37411420787608857,
  "unique_3gram_sample": 0.9004031783155589,
  "unique_4gram_corpus": 0.4415186983898396,
  "unique_4gram_sample": 0.9576696013201068
}
