{
  "empty_samples": 0,
  "gen_ppl": 41399.8146518353,
  "max_tokens": 1064,
  "mean_tokens": 1043.703125,
  "method": "candi",
  "min_tokens": 1029,
  "nfe": 32,
  "num_samples": 256,
  "rank_wasserstein": 7.06859722634456,
  "rep_1": 0.03269980479465447,
  "rep_2": 9.725520381869551e-05,
  "rep_3": 0.0,
  "source_entropy": 6.893501281738281,
  "source_file": "/data/remote_cache/patrick/discrete_diffusion/gen-sample-candi-proj/candi-orig-50k/samples_steps32_temp1.738.json",
  "source_gen_ppl": 41399.7109375,
  "temperature": 1.7379310131072998,
  "temperature_label": "1.738",
  "unigram_entropy": 6.903270958400123,
  "unique_1gram_corpus": 0.15147761126996723,
  "unique_1gram_sample": 0.9673001952053449,
  "unique_2gram_corpus": 0.49884614808265776,
  "unique_2gram_sample": 0.9999027447961816,
  "unique_3gram_corpus": 0.4999737509187178,
  "unique_3gram_sample": 1.0,
  "unique_4gram_corpus": 0.5,
  "unique_4gram_sample": 1.0
}
