{
  "empty_samples": 0,
  "gen_ppl": 413.9077393797793,
  "max_tokens": 1028,
  "mean_tokens": 1020.96875,
  "method": "candi",
  "min_tokens": 1012,
  "nfe": 16,
  "num_samples": 256,
  "rank_wasserstein": 2.471151019860093,
  "rep_1": 0.3840123722513395,
  "rep_2": 0.062328572997751394,
  "rep_3": 0.016298664596675,
  "source_entropy": 5.935635566711426,
  "source_file": "/data/remote_cache/patrick/discrete_diffusion/gen-sample-candi-proj/candi-orig-50k/samples_steps16_temp1.017.json",
  "source_gen_ppl": 413.8669738769531,
  "temperature": 1.017241358757019,
  "temperature_label": "1.017",
  "unigram_entropy": 5.941950405533048,
  "unique_1gram_corpus": 0.08234749472008815,
  "unique_1gram_sample": 0.6159876277486609,
  "unique_2gram_corpus": 0.3721123502558289,
  "unique_2gram_sample": 0.9376714270022485,
  "unique_3gram_corpus": 0.4706543073573159,
  "unique_3gram_sample": 0.9837013354033247,
  "unique_4gram_corpus": 0.49209900230237913,
  "unique_4gram_sample": 0.997452268771968
}
