{
  "empty_samples": 0,
  "gen_ppl": 18.465354748937504,
  "max_tokens": 1025,
  "mean_tokens": 1021.7734375,
  "method": "candi",
  "min_tokens": 1006,
  "nfe": 32,
  "num_samples": 256,
  "rank_wasserstein": 0.15224313468450365,
  "rep_1": 0.735199909696311,
  "rep_2": 0.3730538483409461,
  "rep_3": 0.1823054010448502,
  "source_entropy": 4.546048164367676,
  "source_file": "/data/remote_cache/patrick/discrete_diffusion/gen-sample-candi-proj/candi-orig-50k/samples_steps32_temp0.690.json",
  "source_gen_ppl": 18.461959838867188,
  "temperature": 0.6896551847457886,
  "temperature_label": "0.690",
  "unigram_entropy": 4.556654928675139,
  "unique_1gram_corpus": 0.02574032587336662,
  "unique_1gram_sample": 0.26480009030368906,
  "unique_2gram_corpus": 0.14491539044382706,
  "unique_2gram_sample": 0.6269461516590551,
  "unique_3gram_corpus": 0.29453156721391854,
  "unique_3gram_sample": 0.8176945989551502,
  "unique_4gram_corpus": 0.3892625169666342,
  "unique_4gram_sample": 0.911431209920848
}
