{
  "empty_samples": 0,
  "gen_ppl": 42826.11469639326,
  "max_tokens": 1064,
  "mean_tokens": 1043.9453125,
  "method": "candi",
  "min_tokens": 1030,
  "nfe": 8,
  "num_samples": 256,
  "rank_wasserstein": 7.124657543738509,
  "rep_1": 0.03253693382764942,
  "rep_2": 8.226120634084039e-05,
  "rep_3": 0.0,
  "source_entropy": 6.892910957336426,
  "source_file": "/data/remote_cache/patrick/discrete_diffusion/gen-sample-candi-proj/candi-orig-50k/samples_steps8_temp1.738.json",
  "source_gen_ppl": 42826.0078125,
  "temperature": 1.7379310131072998,
  "temperature_label": "1.738",
  "unigram_entropy": 6.9036196955283655,
  "unique_1gram_corpus": 0.15015902712815715,
  "unique_1gram_sample": 0.9674630661723491,
  "unique_2gram_corpus": 0.49888387004951423,
  "unique_2gram_sample": 0.9999177387936591,
  "unique_3gram_corpus": 0.4999812550142837,
  "unique_3gram_sample": 1.0,
  "unique_4gram_corpus": 0.5,
  "unique_4gram_sample": 1.0
}
