{
  "empty_samples": 0,
  "gen_ppl": 2964.4456926185762,
  "max_tokens": 1040,
  "mean_tokens": 1022.9765625,
  "method": "candi",
  "min_tokens": 1012,
  "nfe": 64,
  "num_samples": 256,
  "rank_wasserstein": 4.260590033326423,
  "rep_1": 0.1985512787364803,
  "rep_2": 0.016222159642461292,
  "rep_3": 0.0035507032573122484,
  "source_entropy": 6.510082721710205,
  "source_file": "/data/remote_cache/patrick/discrete_diffusion/gen-sample-candi-proj/candi-orig-50k/samples_steps64_temp1.214.json",
  "source_gen_ppl": 2964.331298828125,
  "temperature": 1.213793158531189,
  "temperature_label": "1.214",
  "unigram_entropy": 6.511366925416292,
  "unique_1gram_corpus": 0.11552913144087795,
  "unique_1gram_sample": 0.8014487212635201,
  "unique_2gram_corpus": 0.4603517998975637,
  "unique_2gram_sample": 0.9837778403575391,
  "unique_3gram_corpus": 0.4938439759727589,
  "unique_3gram_sample": 0.9964492967426878,
  "unique_4gram_corpus": 0.4989276714385288,
  "unique_4gram_sample": 0.9995483459034531
}
