{
  "empty_samples": 0,
  "gen_ppl": 53571.63020522953,
  "max_tokens": 1063,
  "mean_tokens": 1047.328125,
  "method": "candi",
  "min_tokens": 1034,
  "nfe": 16,
  "num_samples": 256,
  "rank_wasserstein": 7.370767376569461,
  "rep_1": 0.024526355009121453,
  "rep_2": 2.2364121858940884e-05,
  "rep_3": 0.0,
  "source_entropy": 6.905328750610352,
  "source_file": "/data/remote_cache/patrick/discrete_diffusion/gen-sample-candi-proj/candi-orig-50k/samples_steps16_temp2.000.json",
  "source_gen_ppl": 53571.4765625,
  "temperature": 2.0,
  "temperature_label": "2.000",
  "unigram_entropy": 6.9187160857160706,
  "unique_1gram_corpus": 0.1554401826075281,
  "unique_1gram_sample": 0.9754736449908789,
  "unique_2gram_corpus": 0.4990629433286045,
  "unique_2gram_sample": 0.999977635878141,
  "unique_3gram_corpus": 0.4999850525403208,
  "unique_3gram_sample": 1.0,
  "unique_4gram_corpus": 0.5,
  "unique_4gram_sample": 1.0
}
