{
  "empty_samples": 0,
  "gen_ppl": 19.581781145385534,
  "max_tokens": 1034,
  "mean_tokens": 1023.0078125,
  "method": "candi",
  "min_tokens": 1004,
  "nfe": 128,
  "num_samples": 256,
  "rank_wasserstein": 0.17811141884431925,
  "rep_1": 0.6990241502954968,
  "rep_2": 0.3333678452351801,
  "rep_3": 0.16503207593505298,
  "source_entropy": 4.749525547027588,
  "source_file": "/data/remote_cache/patrick/discrete_diffusion/gen-sample-candi-proj/candi-orig-50k/samples_steps128_temp0.755.json",
  "source_gen_ppl": 19.578266143798828,
  "temperature": 0.7551723718643188,
  "temperature_label": "0.755",
  "unigram_entropy": 4.752777019462451,
  "unique_1gram_corpus": 0.03120012218870518,
  "unique_1gram_sample": 0.3009758497045039,
  "unique_2gram_corpus": 0.1687051377114595,
  "unique_2gram_sample": 0.6666321547648202,
  "unique_3gram_corpus": 0.31667546618307585,
  "unique_3gram_sample": 0.8349679240649466,
  "unique_4gram_corpus": 0.39989353635465413,
  "unique_4gram_sample": 0.9169934599892253
}
