{
  "empty_samples": 0,
  "gen_ppl": 50257.479775754575,
  "max_tokens": 1067,
  "mean_tokens": 1047.4140625,
  "method": "candi",
  "min_tokens": 1030,
  "nfe": 32,
  "num_samples": 256,
  "rank_wasserstein": 7.293346068757733,
  "rep_1": 0.026754310315323517,
  "rep_2": 2.2336048126461554e-05,
  "rep_3": 0.0,
  "source_entropy": 6.903146743774414,
  "source_file": "/data/remote_cache/patrick/discrete_diffusion/gen-sample-candi-proj/candi-orig-50k/samples_steps32_temp1.934.json",
  "source_gen_ppl": 50257.3515625,
  "temperature": 1.9344828128814697,
  "temperature_label": "1.934",
  "unigram_entropy": 6.915672390909569,
  "unique_1gram_corpus": 0.15460322669670096,
  "unique_1gram_sample": 0.9732456896846771,
  "unique_2gram_corpus": 0.49901449145519294,
  "unique_2gram_sample": 0.9999776639518736,
  "unique_3gram_corpus": 0.49996637098039803,
  "unique_3gram_sample": 1.0,
  "unique_4gram_corpus": 0.5,
  "unique_4gram_sample": 1.0
}
