{
  "empty_samples": 0,
  "gen_ppl": 11.068173996712805,
  "max_tokens": 1024,
  "mean_tokens": 1018.2265625,
  "method": "candi",
  "min_tokens": 984,
  "nfe": 16,
  "num_samples": 256,
  "rank_wasserstein": 0.26017436393543963,
  "rep_1": 0.8655737795150718,
  "rep_2": 0.6106093431134282,
  "rep_3": 0.3869056598015213,
  "source_entropy": 3.648815393447876,
  "source_file": "/data/remote_cache/patrick/discrete_diffusion/gen-sample-candi-proj/candi-orig-50k/samples_steps16_temp0.559.json",
  "source_gen_ppl": 11.066025733947754,
  "temperature": 0.5586206912994385,
  "temperature_label": "0.559",
  "unigram_entropy": 3.684156155801559,
  "unique_1gram_corpus": 0.010162430082941388,
  "unique_1gram_sample": 0.13442622048492797,
  "unique_2gram_corpus": 0.06868399831035675,
  "unique_2gram_sample": 0.3893906568865723,
  "unique_3gram_corpus": 0.18214211582370443,
  "unique_3gram_sample": 0.6130943401984789,
  "unique_4gram_corpus": 0.2990673264126696,
  "unique_4gram_sample": 0.7755445016189326
}
