{
  "empty_samples": 0,
  "gen_ppl": 51150.210244547685,
  "max_tokens": 1062,
  "mean_tokens": 1047.0,
  "method": "candi",
  "min_tokens": 1030,
  "nfe": 16,
  "num_samples": 256,
  "rank_wasserstein": 7.317374230168176,
  "rep_1": 0.02683687230585823,
  "rep_2": 3.716096967361707e-05,
  "rep_3": 0.0,
  "source_entropy": 6.902474403381348,
  "source_file": "/data/remote_cache/patrick/discrete_diffusion/gen-sample-candi-proj/candi-orig-50k/samples_steps16_temp1.934.json",
  "source_gen_ppl": 51150.1484375,
  "temperature": 1.9344828128814697,
  "temperature_label": "1.934",
  "unigram_entropy": 6.91508447864738,
  "unique_1gram_corpus": 0.15465690663801338,
  "unique_1gram_sample": 0.9731631276941416,
  "unique_2gram_corpus": 0.4990551804493308,
  "unique_2gram_sample": 0.9999628390303263,
  "unique_3gram_corpus": 0.4999738337320574,
  "unique_3gram_sample": 1.0,
  "unique_4gram_corpus": 0.5,
  "unique_4gram_sample": 1.0
}
