{
  "empty_samples": 0,
  "gen_ppl": 9.106668773580797,
  "max_tokens": 1021,
  "mean_tokens": 1000.4453125,
  "method": "candi",
  "min_tokens": 956,
  "nfe": 8,
  "num_samples": 256,
  "rank_wasserstein": 0.4382772936087749,
  "rep_1": 0.9486024833294945,
  "rep_2": 0.7935858850089674,
  "rep_3": 0.5776366938810324,
  "source_entropy": 2.6975231170654297,
  "source_file": "/data/remote_cache/patrick/discrete_diffusion/gen-sample-candi-proj/candi-orig-50k/samples_steps8_temp0.297.json",
  "source_gen_ppl": 9.105155944824219,
  "temperature": 0.2965517044067383,
  "temperature_label": "0.297",
  "unigram_entropy": 2.814542475101806,
  "unique_1gram_corpus": 0.0017570300725458195,
  "unique_1gram_sample": 0.05139751667050643,
  "unique_2gram_corpus": 0.01632546177958086,
  "unique_2gram_sample": 0.20641411499103268,
  "unique_3gram_corpus": 0.06463564447852521,
  "unique_3gram_sample": 0.4223633061189678,
  "unique_4gram_corpus": 0.15480172001911133,
  "unique_4gram_sample": 0.6355262829900645
}
