{
  "empty_samples": 0,
  "gen_ppl": 6.376747105216931,
  "max_tokens": 1024,
  "mean_tokens": 1014.4921875,
  "method": "candi",
  "min_tokens": 979,
  "nfe": 16,
  "num_samples": 256,
  "rank_wasserstein": 0.5665953940233106,
  "rep_1": 0.9428881224470874,
  "rep_2": 0.8115887487695421,
  "rep_3": 0.646462124749472,
  "source_entropy": 2.81362247467041,
  "source_file": "/data/remote_cache/patrick/discrete_diffusion/gen-sample-candi-proj/candi-orig-50k/samples_steps16_temp0.297.json",
  "source_gen_ppl": 6.375972747802734,
  "temperature": 0.2965517044067383,
  "temperature_label": "0.297",
  "unigram_entropy": 2.8629865572662396,
  "unique_1gram_corpus": 0.0031111624504254745,
  "unique_1gram_sample": 0.05711187755291253,
  "unique_2gram_corpus": 0.023722895002582345,
  "unique_2gram_sample": 0.18841125123045785,
  "unique_3gram_corpus": 0.07798671286043873,
  "unique_3gram_sample": 0.3535378752505283,
  "unique_4gram_corpus": 0.16226027450162583,
  "unique_4gram_sample": 0.5269408587611282
}
