{
  "empty_samples": 0,
  "gen_ppl": 110.15638235318546,
  "max_tokens": 1026,
  "mean_tokens": 1021.859375,
  "method": "candi",
  "min_tokens": 1013,
  "nfe": 64,
  "num_samples": 256,
  "rank_wasserstein": 1.4139009439994343,
  "rep_1": 0.48767999468256457,
  "rep_2": 0.11923274652463296,
  "rep_3": 0.039447929054646606,
  "source_entropy": 5.597385883331299,
  "source_file": "/data/remote_cache/patrick/discrete_diffusion/gen-sample-candi-proj/candi-orig-50k/samples_steps64_temp0.952.json",
  "source_gen_ppl": 110.13877868652344,
  "temperature": 0.951724112033844,
  "temperature_label": "0.952",
  "unigram_entropy": 5.598782941215792,
  "unique_1gram_corpus": 0.06617455924402514,
  "unique_1gram_sample": 0.5123200053174354,
  "unique_2gram_corpus": 0.3083837147011556,
  "unique_2gram_sample": 0.8807672534753671,
  "unique_3gram_corpus": 0.4384144566499671,
  "unique_3gram_sample": 0.9605520709453537,
  "unique_4gram_corpus": 0.4767777999294554,
  "unique_4gram_sample": 0.9891672575570462
}
