{
  "empty_samples": 0,
  "gen_ppl": 200.7243020152192,
  "max_tokens": 1027,
  "mean_tokens": 1020.6484375,
  "method": "candi",
  "min_tokens": 1011,
  "nfe": 16,
  "num_samples": 256,
  "rank_wasserstein": 1.878098875726743,
  "rep_1": 0.45356081662802217,
  "rep_2": 0.09424144384373903,
  "rep_3": 0.02627514142925364,
  "source_entropy": 5.692532539367676,
  "source_file": "/data/remote_cache/patrick/discrete_diffusion/gen-sample-candi-proj/candi-orig-50k/samples_steps16_temp0.952.json",
  "source_gen_ppl": 200.6986541748047,
  "temperature": 0.951724112033844,
  "temperature_label": "0.952",
  "unigram_entropy": 5.7017018753414765,
  "unique_1gram_corpus": 0.06984300727937968,
  "unique_1gram_sample": 0.5464391833719776,
  "unique_2gram_corpus": 0.3275677125234647,
  "unique_2gram_sample": 0.9057585561562611,
  "unique_3gram_corpus": 0.4518740365220459,
  "unique_3gram_sample": 0.9737248585707456,
  "unique_4gram_corpus": 0.48496073207993307,
  "unique_4gram_sample": 0.9951942407599182
}
