{
  "empty_samples": 0,
  "gen_ppl": 2732.6683728773364,
  "max_tokens": 1034,
  "mean_tokens": 1022.71875,
  "method": "candi",
  "min_tokens": 1008,
  "nfe": 128,
  "num_samples": 256,
  "rank_wasserstein": 4.184636347711213,
  "rep_1": 0.2020738574412156,
  "rep_2": 0.01713117039423902,
  "rep_3": 0.003705520438804401,
  "source_entropy": 6.49918794631958,
  "source_file": "/data/remote_cache/patrick/discrete_diffusion/gen-sample-candi-proj/candi-orig-50k/samples_steps128_temp1.214.json",
  "source_gen_ppl": 2732.552734375,
  "temperature": 1.213793158531189,
  "temperature_label": "1.214",
  "unigram_entropy": 6.499751387635349,
  "unique_1gram_corpus": 0.1161273566168607,
  "unique_1gram_sample": 0.797926142558785,
  "unique_2gram_corpus": 0.4597071417647958,
  "unique_2gram_sample": 0.9828688296057618,
  "unique_3gram_corpus": 0.49380032452622236,
  "unique_3gram_sample": 0.9962944795611961,
  "unique_4gram_corpus": 0.49888909319358893,
  "unique_4gram_sample": 0.999608911924053
}
