{
  "empty_samples": 0,
  "gen_ppl": 44680.65345568179,
  "max_tokens": 1065,
  "mean_tokens": 1045.8359375,
  "method": "candi",
  "min_tokens": 1028,
  "nfe": 16,
  "num_samples": 256,
  "rank_wasserstein": 7.17238147784294,
  "rep_1": 0.03015853247652818,
  "rep_2": 4.4844198729758825e-05,
  "rep_3": 0.0,
  "source_entropy": 6.8977508544921875,
  "source_file": "/data/remote_cache/patrick/discrete_diffusion/gen-sample-candi-proj/candi-orig-50k/samples_steps16_temp1.803.json",
  "source_gen_ppl": 44680.50390625,
  "temperature": 1.8034483194351196,
  "temperature_label": "1.803",
  "unigram_entropy": 6.90912877752878,
  "unique_1gram_corpus": 0.15160196314252206,
  "unique_1gram_sample": 0.9698414675234713,
  "unique_2gram_corpus": 0.4989232759329739,
  "unique_2gram_sample": 0.9999551558012705,
  "unique_3gram_corpus": 0.4999850311725831,
  "unique_3gram_sample": 1.0,
  "unique_4gram_corpus": 0.5,
  "unique_4gram_sample": 1.0
}
