{
  "empty_samples": 0,
  "gen_ppl": 8.736460556741987,
  "max_tokens": 1022,
  "mean_tokens": 1000.625,
  "method": "candi",
  "min_tokens": 954,
  "nfe": 8,
  "num_samples": 256,
  "rank_wasserstein": 0.45222643649110833,
  "rep_1": 0.9511214008667095,
  "rep_2": 0.8061035727574798,
  "rep_3": 0.5980887874640504,
  "source_entropy": 2.657297134399414,
  "source_file": "/data/remote_cache/patrick/discrete_diffusion/gen-sample-candi-proj/candi-orig-50k/samples_steps8_temp0.231.json",
  "source_gen_ppl": 8.736702919006348,
  "temperature": 0.23103448748588562,
  "temperature_label": "0.231",
  "unigram_entropy": 2.776037044521607,
  "unique_1gram_corpus": 0.001518582136164897,
  "unique_1gram_sample": 0.0488785991332922,
  "unique_2gram_corpus": 0.014474177816681255,
  "unique_2gram_sample": 0.19389642724252124,
  "unique_3gram_corpus": 0.058870008762047815,
  "unique_3gram_sample": 0.4019112125359496,
  "unique_4gram_corpus": 0.14392385039468739,
  "unique_4gram_sample": 0.6153832698679339
}
