{
  "empty_samples": 0,
  "gen_ppl": 8.863871056909904,
  "max_tokens": 1025,
  "mean_tokens": 1022.9140625,
  "method": "candi",
  "min_tokens": 1002,
  "nfe": 64,
  "num_samples": 256,
  "rank_wasserstein": 0.34384481018861224,
  "rep_1": 0.8347398966448907,
  "rep_2": 0.5736120990157645,
  "rep_3": 0.37405521141585746,
  "source_entropy": 3.976001739501953,
  "source_file": "/data/remote_cache/patrick/discrete_diffusion/gen-sample-candi-proj/candi-orig-50k/samples_steps64_temp0.559.json",
  "source_gen_ppl": 8.862569808959961,
  "temperature": 0.5586206912994385,
  "temperature_label": "0.559",
  "unigram_entropy": 3.9832634766729385,
  "unique_1gram_corpus": 0.013881145318598062,
  "unique_1gram_sample": 0.1652601033551092,
  "unique_2gram_corpus": 0.08235541454837353,
  "unique_2gram_sample": 0.4263879009842352,
  "unique_3gram_corpus": 0.19320155804005296,
  "unique_3gram_sample": 0.6259447885841418,
  "unique_4gram_corpus": 0.2914614435958912,
  "unique_4gram_sample": 0.7623382837804152
}
