{
  "empty_samples": 0,
  "gen_ppl": 812.3684959866325,
  "max_tokens": 1027,
  "mean_tokens": 1020.125,
  "method": "candi",
  "min_tokens": 1013,
  "nfe": 8,
  "num_samples": 256,
  "rank_wasserstein": 3.039671225507823,
  "rep_1": 0.3561250593805673,
  "rep_2": 0.04864051990657053,
  "rep_3": 0.010105771776504428,
  "source_entropy": 6.020895957946777,
  "source_file": "/data/remote_cache/patrick/discrete_diffusion/gen-sample-candi-proj/candi-orig-50k/samples_steps8_temp1.017.json",
  "source_gen_ppl": 812.3363647460938,
  "temperature": 1.017241358757019,
  "temperature_label": "1.017",
  "unigram_entropy": 6.036062718533822,
  "unique_1gram_corpus": 0.0844757076338684,
  "unique_1gram_sample": 0.6438749406194328,
  "unique_2gram_corpus": 0.39000597939408804,
  "unique_2gram_sample": 0.9513594800934293,
  "unique_3gram_corpus": 0.47847222222222224,
  "unique_3gram_sample": 0.9898942282234956,
  "unique_4gram_corpus": 0.49539142189996316,
  "unique_4gram_sample": 0.9990322683616913
}
