{
  "empty_samples": 0,
  "gen_ppl": 17520.983073088275,
  "max_tokens": 1044,
  "mean_tokens": 1031.5703125,
  "method": "candi",
  "min_tokens": 1021,
  "nfe": 8,
  "num_samples": 256,
  "rank_wasserstein": 6.106446164452408,
  "rep_1": 0.08035701087832146,
  "rep_2": 0.0023367377622670873,
  "rep_3": 0.00015203366700323757,
  "source_entropy": 6.799559593200684,
  "source_file": "/data/remote_cache/patrick/discrete_diffusion/gen-sample-candi-proj/candi-orig-50k/samples_steps8_temp1.345.json",
  "source_gen_ppl": 17520.814453125,
  "temperature": 1.344827651977539,
  "temperature_label": "1.345",
  "unigram_entropy": 6.806690772456141,
  "unique_1gram_corpus": 0.13248157769177754,
  "unique_1gram_sample": 0.9196429891216783,
  "unique_2gram_corpus": 0.49362837627830464,
  "unique_2gram_sample": 0.9976632622377338,
  "unique_3gram_corpus": 0.4995788595060136,
  "unique_3gram_sample": 0.9998479663329969,
  "unique_4gram_corpus": 0.49999240450564725,
  "unique_4gram_sample": 0.9999923780487805
}
