{
  "empty_samples": 0,
  "gen_ppl": 134.12538583110643,
  "max_tokens": 1029,
  "mean_tokens": 1021.7578125,
  "method": "candi",
  "min_tokens": 1013,
  "nfe": 32,
  "num_samples": 256,
  "rank_wasserstein": 1.566290504265656,
  "rep_1": 0.4763539183544603,
  "rep_2": 0.10979960527933046,
  "rep_3": 0.0347317426840248,
  "source_entropy": 5.6266889572143555,
  "source_file": "/data/remote_cache/patrick/discrete_diffusion/gen-sample-candi-proj/candi-orig-50k/samples_steps32_temp0.952.json",
  "source_gen_ppl": 134.10537719726562,
  "temperature": 0.951724112033844,
  "temperature_label": "0.952",
  "unigram_entropy": 5.629348510407678,
  "unique_1gram_corpus": 0.06673165882937646,
  "unique_1gram_sample": 0.5236460816455397,
  "unique_2gram_corpus": 0.3132744514262535,
  "unique_2gram_sample": 0.8902003947206695,
  "unique_3gram_corpus": 0.4422618728405182,
  "unique_3gram_sample": 0.9652682573159743,
  "unique_4gram_corpus": 0.4795208625700723,
  "unique_4gram_sample": 0.9913743218692876
}
