{
  "empty_samples": 0,
  "gen_ppl": 178.33972471504464,
  "max_tokens": 1025,
  "mean_tokens": 1018.1640625,
  "method": "candi",
  "min_tokens": 1009,
  "nfe": 8,
  "num_samples": 256,
  "rank_wasserstein": 1.7797246543488632,
  "rep_1": 0.5138885180977162,
  "rep_2": 0.1195537753885248,
  "rep_3": 0.03243274342509805,
  "source_entropy": 5.4286932945251465,
  "source_file": "/data/remote_cache/patrick/discrete_diffusion/gen-sample-candi-proj/candi-orig-50k/samples_steps8_temp0.886.json",
  "source_gen_ppl": 178.32012939453125,
  "temperature": 0.886206865310669,
  "temperature_label": "0.886",
  "unigram_entropy": 5.458518673043522,
  "unique_1gram_corpus": 0.05785536159600998,
  "unique_1gram_sample": 0.48611148190228387,
  "unique_2gram_corpus": 0.2896648924322373,
  "unique_2gram_sample": 0.8804462246114754,
  "unique_3gram_corpus": 0.4336621331754684,
  "unique_3gram_sample": 0.9675672565749034,
  "unique_4gram_corpus": 0.479052031306516,
  "unique_4gram_sample": 0.9938889704744186
}
