{
  "empty_samples": 0,
  "gen_ppl": 5.10080751023145,
  "max_tokens": 1024,
  "mean_tokens": 1022.5546875,
  "method": "candi",
  "min_tokens": 958,
  "nfe": 128,
  "num_samples": 256,
  "rank_wasserstein": 0.6597839088248241,
  "rep_1": 0.9112909203291503,
  "rep_2": 0.7619448858326754,
  "rep_3": 0.6142124967431833,
  "source_entropy": 3.2581305503845215,
  "source_file": "/data/remote_cache/patrick/discrete_diffusion/gen-sample-candi-proj/candi-orig-50k/samples_steps128_temp0.362.json",
  "source_gen_ppl": 5.099923610687256,
  "temperature": 0.36206895112991333,
  "temperature_label": "0.362",
  "unigram_entropy": 3.2654007779293313,
  "unique_1gram_corpus": 0.0068990808865662745,
  "unique_1gram_sample": 0.08870907967084965,
  "unique_2gram_corpus": 0.04144265404293395,
  "unique_2gram_sample": 0.2380551141673239,
  "unique_3gram_corpus": 0.10715680045318493,
  "unique_3gram_sample": 0.38578750325681654,
  "unique_4gram_corpus": 0.1826624675294821,
  "unique_4gram_sample": 0.5210724775907913
}
