{
  "empty_samples": 0,
  "gen_ppl": 9.590164425575683,
  "max_tokens": 1020,
  "mean_tokens": 1000.421875,
  "method": "candi",
  "min_tokens": 906,
  "nfe": 8,
  "num_samples": 256,
  "rank_wasserstein": 0.41235932918228674,
  "rep_1": 0.9434504115953962,
  "rep_2": 0.7797649924440372,
  "rep_3": 0.556948975522803,
  "source_entropy": 2.7587976455688477,
  "source_file": "/data/remote_cache/patrick/discrete_diffusion/gen-sample-candi-proj/candi-orig-50k/samples_steps8_temp0.362.json",
  "source_gen_ppl": 9.589799880981445,
  "temperature": 0.36206895112991333,
  "temperature_label": "0.362",
  "unigram_entropy": 2.8748750717670335,
  "unique_1gram_corpus": 0.002131913099161291,
  "unique_1gram_sample": 0.05654958840460421,
  "unique_2gram_corpus": 0.019839594765723934,
  "unique_2gram_sample": 0.22023500755596226,
  "unique_3gram_corpus": 0.07553717585564719,
  "unique_3gram_sample": 0.44305102447719735,
  "unique_4gram_corpus": 0.1733688415446072,
  "unique_4gram_sample": 0.6564203258561979
}
