{
  "empty_samples": 0,
  "gen_ppl": 22486.258251671657,
  "max_tokens": 1052,
  "mean_tokens": 1034.3125,
  "method": "candi",
  "min_tokens": 1024,
  "nfe": 8,
  "num_samples": 256,
  "rank_wasserstein": 6.387027769941516,
  "rep_1": 0.06317338001866496,
  "rep_2": 0.001286725098063192,
  "rep_3": 3.0288678643332345e-05,
  "source_entropy": 6.83612060546875,
  "source_file": "/data/remote_cache/patrick/discrete_diffusion/gen-sample-candi-proj/candi-orig-50k/samples_steps8_temp1.410.json",
  "source_gen_ppl": 22486.14453125,
  "temperature": 1.4103448390960693,
  "temperature_label": "1.410",
  "unigram_entropy": 6.842961024828482,
  "unique_1gram_corpus": 0.1376404918726207,
  "unique_1gram_sample": 0.9368266199813349,
  "unique_2gram_corpus": 0.49617431803060547,
  "unique_2gram_sample": 0.9987132749019374,
  "unique_3gram_corpus": 0.4998751286553248,
  "unique_3gram_sample": 0.9999697113213565,
  "unique_4gram_corpus": 0.49999621235076663,
  "unique_4gram_sample": 1.0
}
