{
  "empty_samples": 0,
  "gen_ppl": 4909.362652880829,
  "max_tokens": 1036,
  "mean_tokens": 1025.2578125,
  "method": "candi",
  "min_tokens": 1016,
  "nfe": 16,
  "num_samples": 256,
  "rank_wasserstein": 4.754762670066321,
  "rep_1": 0.17160706691280989,
  "rep_2": 0.012291796874408855,
  "rep_3": 0.0017640668918502281,
  "source_entropy": 6.583830833435059,
  "source_file": "/data/remote_cache/patrick/discrete_diffusion/gen-sample-candi-proj/candi-orig-50k/samples_steps16_temp1.214.json",
  "source_gen_ppl": 4909.283203125,
  "temperature": 1.213793158531189,
  "temperature_label": "1.214",
  "unigram_entropy": 6.58895380004492,
  "unique_1gram_corpus": 0.1177104844055992,
  "unique_1gram_sample": 0.8283929330871899,
  "unique_2gram_corpus": 0.4710194119217421,
  "unique_2gram_sample": 0.9877082031255915,
  "unique_3gram_corpus": 0.49598402773005945,
  "unique_3gram_sample": 0.9982359331081488,
  "unique_4gram_corpus": 0.4994153566324542,
  "unique_4gram_sample": 0.9998855730237011
}
