{
  "empty_samples": 0,
  "gen_ppl": 929.132450091409,
  "max_tokens": 1029,
  "mean_tokens": 1021.2421875,
  "method": "candi",
  "min_tokens": 1009,
  "nfe": 16,
  "num_samples": 256,
  "rank_wasserstein": 3.163738807804444,
  "rep_1": 0.31104263791537395,
  "rep_2": 0.03899926566622628,
  "rep_3": 0.009121135936537794,
  "source_entropy": 6.171145439147949,
  "source_file": "/data/remote_cache/patrick/discrete_diffusion/gen-sample-candi-proj/candi-orig-50k/samples_steps16_temp1.083.json",
  "source_gen_ppl": 929.1001586914062,
  "temperature": 1.0827586650848389,
  "temperature_label": "1.083",
  "unigram_entropy": 6.176539327695953,
  "unique_1gram_corpus": 0.09479111682310912,
  "unique_1gram_sample": 0.6889573620846255,
  "unique_2gram_corpus": 0.4113530028868758,
  "unique_2gram_sample": 0.9610007343337738,
  "unique_3gram_corpus": 0.48296835118002807,
  "unique_3gram_sample": 0.990878864063462,
  "unique_4gram_corpus": 0.49599109985805806,
  "unique_4gram_sample": 0.9992175066525003
}
