{
  "empty_samples": 0,
  "gen_ppl": 41570.53333619847,
  "max_tokens": 1062,
  "mean_tokens": 1044.5234375,
  "method": "candi",
  "min_tokens": 1033,
  "nfe": 16,
  "num_samples": 256,
  "rank_wasserstein": 7.079165476300137,
  "rep_1": 0.031825849275319396,
  "rep_2": 8.97758804508349e-05,
  "rep_3": 7.468929254302037e-06,
  "source_entropy": 6.894473552703857,
  "source_file": "/data/remote_cache/patrick/discrete_diffusion/gen-sample-candi-proj/candi-orig-50k/samples_steps16_temp1.738.json",
  "source_gen_ppl": 41570.34765625,
  "temperature": 1.7379310131072998,
  "temperature_label": "1.738",
  "unigram_entropy": 6.905451268320823,
  "unique_1gram_corpus": 0.14976925781045483,
  "unique_1gram_sample": 0.9681741507246798,
  "unique_2gram_corpus": 0.49887700174439065,
  "unique_2gram_sample": 0.9999102241195492,
  "unique_3gram_corpus": 0.4999700246547215,
  "unique_3gram_sample": 0.9999925310707457,
  "unique_4gram_corpus": 0.5,
  "unique_4gram_sample": 1.0
}
