{
  "empty_samples": 0,
  "gen_ppl": 7160.449581411026,
  "max_tokens": 1037,
  "mean_tokens": 1026.5859375,
  "method": "candi",
  "min_tokens": 1015,
  "nfe": 64,
  "num_samples": 256,
  "rank_wasserstein": 5.151779061163172,
  "rep_1": 0.13140833858914308,
  "rep_2": 0.007155671844718839,
  "rep_3": 0.0010303923804181481,
  "source_entropy": 6.6876115798950195,
  "source_file": "/data/remote_cache/patrick/discrete_diffusion/gen-sample-candi-proj/candi-orig-50k/samples_steps64_temp1.279.json",
  "source_gen_ppl": 7160.30224609375,
  "temperature": 1.2793103456497192,
  "temperature_label": "1.279",
  "unigram_entropy": 6.690754189372167,
  "unique_1gram_corpus": 0.1260397403407837,
  "unique_1gram_sample": 0.8685916614108562,
  "unique_2gram_corpus": 0.4819843839268711,
  "unique_2gram_sample": 0.9928443281552808,
  "unique_3gram_corpus": 0.4980479919479668,
  "unique_3gram_sample": 0.9989696076195822,
  "unique_4gram_corpus": 0.4997214144513391,
  "unique_4gram_sample": 0.9998777254819167
}
