{
  "empty_samples": 0,
  "gen_ppl": 36766.25138000302,
  "max_tokens": 1059,
  "mean_tokens": 1041.7734375,
  "method": "candi",
  "min_tokens": 1030,
  "nfe": 32,
  "num_samples": 256,
  "rank_wasserstein": 6.946351516887386,
  "rep_1": 0.03533911996280331,
  "rep_2": 5.27663435679936e-05,
  "rep_3": 0.0,
  "source_entropy": 6.888538360595703,
  "source_file": "/data/remote_cache/patrick/discrete_diffusion/gen-sample-candi-proj/candi-orig-50k/samples_steps32_temp1.672.json",
  "source_gen_ppl": 36766.046875,
  "temperature": 1.6724138259887695,
  "temperature_label": "1.672",
  "unigram_entropy": 6.897671745667906,
  "unique_1gram_corpus": 0.1490284745813554,
  "unique_1gram_sample": 0.9646608800371954,
  "unique_2gram_corpus": 0.49873141218594946,
  "unique_2gram_sample": 0.9999472336564321,
  "unique_3gram_corpus": 0.4999511612355456,
  "unique_3gram_sample": 1.0,
  "unique_4gram_corpus": 0.5,
  "unique_4gram_sample": 1.0
}
