{
  "empty_samples": 0,
  "gen_ppl": 10.476271113243808,
  "max_tokens": 1022,
  "mean_tokens": 1002.15625,
  "method": "candi",
  "min_tokens": 857,
  "nfe": 8,
  "num_samples": 256,
  "rank_wasserstein": 0.3841779516129907,
  "rep_1": 0.9341112587288293,
  "rep_2": 0.7514671343533498,
  "rep_3": 0.517412193838258,
  "source_entropy": 2.8826804161071777,
  "source_file": "/data/remote_cache/patrick/discrete_diffusion/gen-sample-candi-proj/candi-orig-50k/samples_steps8_temp0.428.json",
  "source_gen_ppl": 10.475983619689941,
  "temperature": 0.4275861978530884,
  "temperature_label": "0.428",
  "unigram_entropy": 2.992951139588333,
  "unique_1gram_corpus": 0.0028415292026567713,
  "unique_1gram_sample": 0.06588874127117071,
  "unique_2gram_corpus": 0.026719106033648594,
  "unique_2gram_sample": 0.24853286564665067,
  "unique_3gram_corpus": 0.09675441337291048,
  "unique_3gram_sample": 0.4825878061617418,
  "unique_4gram_corpus": 0.2075696681575079,
  "unique_4gram_sample": 0.6954083501645357
}
