{
  "empty_samples": 0,
  "gen_ppl": 371.6374426170626,
  "max_tokens": 1026,
  "mean_tokens": 1018.71875,
  "method": "candi",
  "min_tokens": 1007,
  "nfe": 8,
  "num_samples": 256,
  "rank_wasserstein": 2.373641955174906,
  "rep_1": 0.43497974525917116,
  "rep_2": 0.07943939906511939,
  "rep_3": 0.018632809142711555,
  "source_entropy": 5.7295026779174805,
  "source_file": "/data/remote_cache/patrick/discrete_diffusion/gen-sample-candi-proj/candi-orig-50k/samples_steps8_temp0.952.json",
  "source_gen_ppl": 371.6134948730469,
  "temperature": 0.951724112033844,
  "temperature_label": "0.952",
  "unigram_entropy": 5.751495716517863,
  "unique_1gram_corpus": 0.07125218564986656,
  "unique_1gram_sample": 0.5650202547408291,
  "unique_2gram_corpus": 0.3429084656247121,
  "unique_2gram_sample": 0.9205606009348806,
  "unique_3gram_corpus": 0.46081143384047946,
  "unique_3gram_sample": 0.9813671908572894,
  "unique_4gram_corpus": 0.48987401162969574,
  "unique_4gram_sample": 0.9976469701410825
}
