{
  "empty_samples": 0,
  "gen_ppl": 190.90638606130705,
  "max_tokens": 1030,
  "mean_tokens": 1021.5078125,
  "method": "candi",
  "min_tokens": 1004,
  "nfe": 128,
  "num_samples": 256,
  "rank_wasserstein": 1.849380192781256,
  "rep_1": 0.42849511138130353,
  "rep_2": 0.08866490931845358,
  "rep_3": 0.031321918472799894,
  "source_entropy": 5.778592109680176,
  "source_file": "/data/remote_cache/patrick/discrete_diffusion/gen-sample-candi-proj/candi-orig-50k/samples_steps128_temp1.017.json",
  "source_gen_ppl": 190.87875366210938,
  "temperature": 1.017241358757019,
  "temperature_label": "1.017",
  "unigram_entropy": 5.7781921066596,
  "unique_1gram_corpus": 0.07804409841456793,
  "unique_1gram_sample": 0.5715048886186969,
  "unique_2gram_corpus": 0.3485511961722488,
  "unique_2gram_sample": 0.9113350906815464,
  "unique_3gram_corpus": 0.45810248511460033,
  "unique_3gram_sample": 0.968678081527199,
  "unique_4gram_corpus": 0.4846550943859353,
  "unique_4gram_sample": 0.9888118364203974
}
