{
  "empty_samples": 0,
  "gen_ppl": 58.111477800652224,
  "max_tokens": 1025,
  "mean_tokens": 1022.2578125,
  "method": "candi",
  "min_tokens": 1014,
  "nfe": 64,
  "num_samples": 256,
  "rank_wasserstein": 0.9347424190451545,
  "rep_1": 0.5617971941950644,
  "rep_2": 0.16830639533369884,
  "rep_3": 0.06127386809920295,
  "source_entropy": 5.340132713317871,
  "source_file": "/data/remote_cache/patrick/discrete_diffusion/gen-sample-candi-proj/candi-orig-50k/samples_steps64_temp0.886.json",
  "source_gen_ppl": 58.101470947265625,
  "temperature": 0.886206865310669,
  "temperature_label": "0.886",
  "unigram_entropy": 5.342070788337719,
  "unique_1gram_corpus": 0.05231220720066642,
  "unique_1gram_sample": 0.4382028058049362,
  "unique_2gram_corpus": 0.259135869523642,
  "unique_2gram_sample": 0.8316936046663014,
  "unique_3gram_corpus": 0.40813826162198585,
  "unique_3gram_sample": 0.9387261319007972,
  "unique_4gram_corpus": 0.4613766144176599,
  "unique_4gram_sample": 0.9792777764340553
}
