{
  "empty_samples": 0,
  "gen_ppl": 15.812368142172847,
  "max_tokens": 1026,
  "mean_tokens": 1022.96875,
  "method": "candi",
  "min_tokens": 1017,
  "nfe": 64,
  "num_samples": 256,
  "rank_wasserstein": 0.12392519515745493,
  "rep_1": 0.7419178950154848,
  "rep_2": 0.3910565909712796,
  "rep_3": 0.20298626665926567,
  "source_entropy": 4.556242942810059,
  "source_file": "/data/remote_cache/patrick/discrete_diffusion/gen-sample-candi-proj/candi-orig-50k/samples_steps64_temp0.690.json",
  "source_gen_ppl": 15.809507369995117,
  "temperature": 0.6896551847457886,
  "temperature_label": "0.690",
  "unigram_entropy": 4.562241641877156,
  "unique_1gram_corpus": 0.024755613257980754,
  "unique_1gram_sample": 0.2580821049845153,
  "unique_2gram_corpus": 0.13877167232364004,
  "unique_2gram_sample": 0.6089434090287211,
  "unique_3gram_corpus": 0.2824485017293624,
  "unique_3gram_sample": 0.7970137333407354,
  "unique_4gram_corpus": 0.376290633904225,
  "unique_4gram_sample": 0.8938740552379545
}
