{
  "empty_samples": 0,
  "gen_ppl": 6859.0554579130485,
  "max_tokens": 1037,
  "mean_tokens": 1025.984375,
  "method": "candi",
  "min_tokens": 1013,
  "nfe": 128,
  "num_samples": 256,
  "rank_wasserstein": 5.103136502452761,
  "rep_1": 0.1335273712686493,
  "rep_2": 0.007298446758153769,
  "rep_3": 0.0010398077772463977,
  "source_entropy": 6.683085918426514,
  "source_file": "/data/remote_cache/patrick/discrete_diffusion/gen-sample-candi-proj/candi-orig-50k/samples_steps128_temp1.279.json",
  "source_gen_ppl": 6858.802734375,
  "temperature": 1.2793103456497192,
  "temperature_label": "1.279",
  "unigram_entropy": 6.684899970386594,
  "unique_1gram_corpus": 0.12717588291732027,
  "unique_1gram_sample": 0.8664726287313506,
  "unique_2gram_corpus": 0.48260644217137455,
  "unique_2gram_sample": 0.9927015532418472,
  "unique_3gram_corpus": 0.497940032043946,
  "unique_3gram_sample": 0.9989601922227535,
  "unique_4gram_corpus": 0.49974034305264925,
  "unique_4gram_sample": 0.9998774276667173
}
