{
  "empty_samples": 0,
  "gen_ppl": 11761.75007298295,
  "max_tokens": 1043,
  "mean_tokens": 1028.84375,
  "method": "candi",
  "min_tokens": 1018,
  "nfe": 64,
  "num_samples": 256,
  "rank_wasserstein": 5.677721142590349,
  "rep_1": 0.0951730525953575,
  "rep_2": 0.003794269222837182,
  "rep_3": 0.0003804388317840378,
  "source_entropy": 6.769742012023926,
  "source_file": "/data/remote_cache/patrick/discrete_diffusion/gen-sample-candi-proj/candi-orig-50k/samples_steps64_temp1.345.json",
  "source_gen_ppl": 11761.583984375,
  "temperature": 1.344827651977539,
  "temperature_label": "1.345",
  "unigram_entropy": 6.773386343862858,
  "unique_1gram_corpus": 0.13296175925644685,
  "unique_1gram_sample": 0.9048269474046422,
  "unique_2gram_corpus": 0.490327901249582,
  "unique_2gram_sample": 0.996205730777163,
  "unique_3gram_corpus": 0.4990261420006695,
  "unique_3gram_sample": 0.9996195611682163,
  "unique_4gram_corpus": 0.49990099613123345,
  "unique_4gram_sample": 0.9999314140562235
}
