{
  "empty_samples": 0,
  "gen_ppl": 231.29446948128142,
  "max_tokens": 1027,
  "mean_tokens": 1021.546875,
  "method": "candi",
  "min_tokens": 1012,
  "nfe": 64,
  "num_samples": 256,
  "rank_wasserstein": 1.9962281512560833,
  "rep_1": 0.41384608855102717,
  "rep_2": 0.07904037225305147,
  "rep_3": 0.023541599660421957,
  "source_entropy": 5.846038818359375,
  "source_file": "/data/remote_cache/patrick/discrete_diffusion/gen-sample-candi-proj/candi-orig-50k/samples_steps64_temp1.017.json",
  "source_gen_ppl": 231.26284790039062,
  "temperature": 1.017241358757019,
  "temperature_label": "1.017",
  "unigram_entropy": 5.846898933421799,
  "unique_1gram_corpus": 0.07963566282751341,
  "unique_1gram_sample": 0.5861539114489731,
  "unique_2gram_corpus": 0.355163438720049,
  "unique_2gram_sample": 0.9209596277469481,
  "unique_3gram_corpus": 0.46280133637798654,
  "unique_3gram_sample": 0.9764584003395772,
  "unique_4gram_corpus": 0.4884754628990443,
  "unique_4gram_sample": 0.9952280957471829
}
