{
  "empty_samples": 0,
  "gen_ppl": 61.732624026200234,
  "max_tokens": 1027,
  "mean_tokens": 1022.5390625,
  "method": "duo",
  "min_tokens": 1014,
  "nfe": 64,
  "num_samples": 256,
  "rank_wasserstein": 0.9871065147219529,
  "rep_1": 0.5430790952964891,
  "rep_2": 0.1505565275267037,
  "rep_3": 0.05103023948502722,
  "source_entropy": 5.3995208740234375,
  "source_file": "/data/remote_cache/patrick/discrete_diffusion/gen-sample-candi-proj/duo-50k/samples_steps64_temp0.925.json",
  "source_gen_ppl": 61.722042083740234,
  "temperature": 0.925000011920929,
  "temperature_label": "0.925",
  "unigram_entropy": 5.398341998060486,
  "unique_1gram_corpus": 0.05789051457386255,
  "unique_1gram_sample": 0.45692090470351104,
  "unique_2gram_corpus": 0.2784669272008382,
  "unique_2gram_sample": 0.8494434724732963,
  "unique_3gram_corpus": 0.4235430111231044,
  "unique_3gram_sample": 0.9489697605149723,
  "unique_4gram_corpus": 0.4712262741281676,
  "unique_4gram_sample": 0.983600570655245
}
