{
  "empty_samples": 0,
  "gen_ppl": 362.6679357541722,
  "max_tokens": 1028,
  "mean_tokens": 1021.5234375,
  "method": "duo",
  "min_tokens": 1006,
  "nfe": 128,
  "num_samples": 256,
  "rank_wasserstein": 2.363707124948536,
  "rep_1": 0.3884123088288934,
  "rep_2": 0.06064976148260664,
  "rep_3": 0.017524431626711735,
  "source_entropy": 5.957601547241211,
  "source_file": "/data/remote_cache/patrick/discrete_diffusion/gen-sample-candi-proj/duo-50k/samples_steps128_temp1.150.json",
  "source_gen_ppl": 362.6242980957031,
  "temperature": 1.149999976158142,
  "temperature_label": "1.150",
  "unigram_entropy": 5.9571392486064045,
  "unique_1gram_corpus": 0.08472716148522046,
  "unique_1gram_sample": 0.6115876911711067,
  "unique_2gram_corpus": 0.381115695836236,
  "unique_2gram_sample": 0.9393502385173927,
  "unique_3gram_corpus": 0.474574517812397,
  "unique_3gram_sample": 0.9824755683732879,
  "unique_4gram_corpus": 0.4928665117242331,
  "unique_4gram_sample": 0.9957811198230873
}
