{
  "empty_samples": 0,
  "gen_ppl": 172.1858687478892,
  "max_tokens": 1026,
  "mean_tokens": 1021.890625,
  "method": "duo",
  "min_tokens": 1013,
  "nfe": 64,
  "num_samples": 256,
  "rank_wasserstein": 1.763770190573854,
  "rep_1": 0.45400438412021704,
  "rep_2": 0.08773637442457513,
  "rep_3": 0.025184990930995164,
  "source_entropy": 5.738104343414307,
  "source_file": "/data/remote_cache/patrick/discrete_diffusion/gen-sample-candi-proj/duo-50k/samples_steps64_temp1.075.json",
  "source_gen_ppl": 172.16079711914062,
  "temperature": 1.0750000476837158,
  "temperature_label": "1.075",
  "unigram_entropy": 5.738355523075882,
  "unique_1gram_corpus": 0.07332838947416706,
  "unique_1gram_sample": 0.5459956158797828,
  "unique_2gram_corpus": 0.34133415981756127,
  "unique_2gram_sample": 0.9122636255754245,
  "unique_3gram_corpus": 0.45891869532578555,
  "unique_3gram_sample": 0.9748150090690044,
  "unique_4gram_corpus": 0.4872026867456946,
  "unique_4gram_sample": 0.9942946201980443
}
