{
  "empty_samples": 0,
  "gen_ppl": 93.25990952324705,
  "max_tokens": 1026,
  "mean_tokens": 1021.984375,
  "method": "duo",
  "min_tokens": 1017,
  "nfe": 16,
  "num_samples": 256,
  "rank_wasserstein": 1.2913838107544886,
  "rep_1": 0.522253504056325,
  "rep_2": 0.12918191392420636,
  "rep_3": 0.03864085186235715,
  "source_entropy": 5.455732822418213,
  "source_file": "/data/remote_cache/patrick/discrete_diffusion/gen-sample-candi-proj/duo-50k/samples_steps16_temp0.950.json",
  "source_gen_ppl": 93.2449722290039,
  "temperature": 0.949999988079071,
  "temperature_label": "0.950",
  "unigram_entropy": 5.457462263399902,
  "unique_1gram_corpus": 0.060295534117143425,
  "unique_1gram_sample": 0.477746495943675,
  "unique_2gram_corpus": 0.28764749093246406,
  "unique_2gram_sample": 0.8708180860757936,
  "unique_3gram_corpus": 0.4325050935216532,
  "unique_3gram_sample": 0.9613591481376432,
  "unique_4gram_corpus": 0.4767308134631603,
  "unique_4gram_sample": 0.9899562705537608
}
