{
  "empty_samples": 0,
  "gen_ppl": 125.5881969861415,
  "max_tokens": 1027,
  "mean_tokens": 1022.3984375,
  "method": "duo",
  "min_tokens": 1015,
  "nfe": 16,
  "num_samples": 256,
  "rank_wasserstein": 1.512721420018899,
  "rep_1": 0.4971356204537971,
  "rep_2": 0.10982401801657532,
  "rep_3": 0.03297882083823398,
  "source_entropy": 5.566275596618652,
  "source_file": "/data/remote_cache/patrick/discrete_diffusion/gen-sample-candi-proj/duo-50k/samples_steps16_temp1.000.json",
  "source_gen_ppl": 125.569091796875,
  "temperature": 1.0,
  "temperature_label": "1.000",
  "unigram_entropy": 5.568666037576418,
  "unique_1gram_corpus": 0.06285006915417943,
  "unique_1gram_sample": 0.5028643795462029,
  "unique_2gram_corpus": 0.30406764622645116,
  "unique_2gram_sample": 0.8901759819834247,
  "unique_3gram_corpus": 0.44247421733238396,
  "unique_3gram_sample": 0.9670211791617648,
  "unique_4gram_corpus": 0.48061816481840547,
  "unique_4gram_sample": 0.9921928634954064
}
