{
  "empty_samples": 0,
  "gen_ppl": 708.698637547931,
  "max_tokens": 1029,
  "mean_tokens": 1022.0234375,
  "method": "duo",
  "min_tokens": 1015,
  "nfe": 16,
  "num_samples": 256,
  "rank_wasserstein": 2.9179050989859103,
  "rep_1": 0.3541649284797385,
  "rep_2": 0.047478861353241704,
  "rep_3": 0.012201351827842193,
  "source_entropy": 6.056812286376953,
  "source_file": "/data/remote_cache/patrick/discrete_diffusion/gen-sample-candi-proj/duo-50k/samples_steps16_temp1.175.json",
  "source_gen_ppl": 708.6431884765625,
  "temperature": 1.1749999523162842,
  "temperature_label": "1.175",
  "unigram_entropy": 6.061369523215041,
  "unique_1gram_corpus": 0.08853071801496724,
  "unique_1gram_sample": 0.6458350715202611,
  "unique_2gram_corpus": 0.3974872026382842,
  "unique_2gram_sample": 0.9525211386467581,
  "unique_3gram_corpus": 0.4793279872551948,
  "unique_3gram_sample": 0.9877986481721583,
  "unique_4gram_corpus": 0.4946065089891517,
  "unique_4gram_sample": 0.9982430692152908
}
