{
  "empty_samples": 0,
  "gen_ppl": 14.138928246127977,
  "max_tokens": 1026,
  "mean_tokens": 1021.7421875,
  "method": "duo",
  "min_tokens": 999,
  "nfe": 128,
  "num_samples": 256,
  "rank_wasserstein": 0.02461165020575858,
  "rep_1": 0.7252980894464173,
  "rep_2": 0.4264230001881117,
  "rep_3": 0.2548631998009825,
  "source_entropy": 4.286004066467285,
  "source_file": "/data/remote_cache/patrick/discrete_diffusion/gen-sample-candi-proj/duo-50k/samples_steps128_temp0.650.json",
  "source_gen_ppl": 14.136459350585938,
  "temperature": 0.6500000357627869,
  "temperature_label": "0.650",
  "unigram_entropy": 4.2953547692234,
  "unique_1gram_corpus": 0.04022694081034997,
  "unique_1gram_sample": 0.2747019105535826,
  "unique_2gram_corpus": 0.16928169606980215,
  "unique_2gram_sample": 0.5735769998118883,
  "unique_3gram_corpus": 0.30013330575283276,
  "unique_3gram_sample": 0.7451368001990178,
  "unique_4gram_corpus": 0.3815980183897116,
  "unique_4gram_sample": 0.8408908982533638
}
