{
  "empty_samples": 0,
  "gen_ppl": 538.8280683051447,
  "max_tokens": 1028,
  "mean_tokens": 1021.609375,
  "method": "duo",
  "min_tokens": 1013,
  "nfe": 16,
  "num_samples": 256,
  "rank_wasserstein": 2.6887849311577257,
  "rep_1": 0.37507702459547965,
  "rep_2": 0.05344887465335099,
  "rep_3": 0.014250171191009863,
  "source_entropy": 5.990102291107178,
  "source_file": "/data/remote_cache/patrick/discrete_diffusion/gen-sample-candi-proj/duo-50k/samples_steps16_temp1.150.json",
  "source_gen_ppl": 538.7803955078125,
  "temperature": 1.149999976158142,
  "temperature_label": "1.150",
  "unigram_entropy": 5.993078087369522,
  "unique_1gram_corpus": 0.08475062325069208,
  "unique_1gram_sample": 0.6249229754045198,
  "unique_2gram_corpus": 0.38376276427991857,
  "unique_2gram_sample": 0.9465511253466481,
  "unique_3gram_corpus": 0.47566086889893494,
  "unique_3gram_sample": 0.98574982880899,
  "unique_4gram_corpus": 0.4932889509288092,
  "unique_4gram_sample": 0.9976464486649699
}
