{
  "empty_samples": 0,
  "gen_ppl": 6057.634190468203,
  "max_tokens": 1039,
  "mean_tokens": 1026.7421875,
  "method": "duo",
  "min_tokens": 1019,
  "nfe": 8,
  "num_samples": 256,
  "rank_wasserstein": 4.903864287415958,
  "rep_1": 0.19960289340569998,
  "rep_2": 0.01173813593950952,
  "rep_3": 0.00178435942640598,
  "source_entropy": 6.517960071563721,
  "source_file": "/data/remote_cache/patrick/discrete_diffusion/gen-sample-candi-proj/duo-50k/samples_steps8_temp1.325.json",
  "source_gen_ppl": 6057.5263671875,
  "temperature": 1.3249999284744263,
  "temperature_label": "1.325",
  "unigram_entropy": 6.527051422120415,
  "unique_1gram_corpus": 0.11460322774552399,
  "unique_1gram_sample": 0.8003971065942994,
  "unique_2gram_corpus": 0.46786244716097336,
  "unique_2gram_sample": 0.9882618640604911,
  "unique_3gram_corpus": 0.49589073471223705,
  "unique_3gram_sample": 0.9982156405735947,
  "unique_4gram_corpus": 0.4994123886781798,
  "unique_4gram_sample": 0.9999008237051734
}
