{
  "empty_samples": 0,
  "gen_ppl": 55.799214217386336,
  "max_tokens": 1025,
  "mean_tokens": 1022.46875,
  "method": "duo",
  "min_tokens": 1009,
  "nfe": 32,
  "num_samples": 256,
  "rank_wasserstein": 0.9095760677799957,
  "rep_1": 0.5564150439491914,
  "rep_2": 0.16182031302445243,
  "rep_3": 0.05708878475807201,
  "source_entropy": 5.332817554473877,
  "source_file": "/data/remote_cache/patrick/discrete_diffusion/gen-sample-candi-proj/duo-50k/samples_steps32_temp0.900.json",
  "source_gen_ppl": 55.78962326049805,
  "temperature": 0.8999999761581421,
  "temperature_label": "0.900",
  "unigram_entropy": 5.333077935882468,
  "unique_1gram_corpus": 0.05415431400715181,
  "unique_1gram_sample": 0.4435849560508093,
  "unique_2gram_corpus": 0.26286826567136784,
  "unique_2gram_sample": 0.8381796869755472,
  "unique_3gram_corpus": 0.4114951768488746,
  "unique_3gram_sample": 0.9429112152419284,
  "unique_4gram_corpus": 0.46462618398062716,
  "unique_4gram_sample": 0.9813634061554728
}
