{
  "empty_samples": 0,
  "gen_ppl": 39.5966958021724,
  "max_tokens": 1030,
  "mean_tokens": 1022.8828125,
  "method": "duo",
  "min_tokens": 1009,
  "nfe": 64,
  "num_samples": 256,
  "rank_wasserstein": 0.6706806159005996,
  "rep_1": 0.588148068179783,
  "rep_2": 0.19780895706129417,
  "rep_3": 0.07513013643414684,
  "source_entropy": 5.19640588760376,
  "source_file": "/data/remote_cache/patrick/discrete_diffusion/gen-sample-candi-proj/duo-50k/samples_steps64_temp0.850.json",
  "source_gen_ppl": 39.589759826660156,
  "temperature": 0.8500000238418579,
  "temperature_label": "0.850",
  "unigram_entropy": 5.196709978628902,
  "unique_1gram_corpus": 0.05120714280258766,
  "unique_1gram_sample": 0.4118519318202169,
  "unique_2gram_corpus": 0.24560209784328865,
  "unique_2gram_sample": 0.8021910429387068,
  "unique_3gram_corpus": 0.39686086643759616,
  "unique_3gram_sample": 0.924869863565853,
  "unique_4gram_corpus": 0.45508828373357846,
  "unique_4gram_sample": 0.9714827641556176
}
