{
  "empty_samples": 0,
  "gen_ppl": 47.46710133816649,
  "max_tokens": 1024,
  "mean_tokens": 1014.46875,
  "method": "duo",
  "min_tokens": 990,
  "nfe": 8,
  "num_samples": 256,
  "rank_wasserstein": 0.7803453868654703,
  "rep_1": 0.6590122223860215,
  "rep_2": 0.27011070137727644,
  "rep_3": 0.09754644721671851,
  "source_entropy": 4.592308521270752,
  "source_file": "/data/remote_cache/patrick/discrete_diffusion/gen-sample-candi-proj/duo-50k/samples_steps8_temp0.775.json",
  "source_gen_ppl": 47.45985794067383,
  "temperature": 0.7750000357627869,
  "temperature_label": "0.775",
  "unigram_entropy": 4.6468058634472085,
  "unique_1gram_corpus": 0.04062317099467085,
  "unique_1gram_sample": 0.3409877776139785,
  "unique_2gram_corpus": 0.1882535228639265,
  "unique_2gram_sample": 0.7298892986227237,
  "unique_3gram_corpus": 0.34569353992407176,
  "unique_3gram_sample": 0.902453552783282,
  "unique_4gram_corpus": 0.4357370160966416,
  "unique_4gram_sample": 0.9713944788080889
}
