{
  "empty_samples": 0,
  "gen_ppl": 682.9971588332303,
  "max_tokens": 1029,
  "mean_tokens": 1021.640625,
  "method": "duo",
  "min_tokens": 1011,
  "nfe": 128,
  "num_samples": 256,
  "rank_wasserstein": 2.8937162646834866,
  "rep_1": 0.3430687167627008,
  "rep_2": 0.045120672309769294,
  "rep_3": 0.011944097478536012,
  "source_entropy": 6.108205318450928,
  "source_file": "/data/remote_cache/patrick/discrete_diffusion/gen-sample-candi-proj/duo-50k/samples_steps128_temp1.200.json",
  "source_gen_ppl": 682.9365234375,
  "temperature": 1.2000000476837158,
  "temperature_label": "1.200",
  "unigram_entropy": 6.109116627489554,
  "unique_1gram_corpus": 0.09415003441156229,
  "unique_1gram_sample": 0.6569312832372989,
  "unique_2gram_corpus": 0.4091371840602563,
  "unique_2gram_sample": 0.9548793276902309,
  "unique_3gram_corpus": 0.48250379269656896,
  "unique_3gram_sample": 0.9880559025214641,
  "unique_4gram_corpus": 0.49532158360560186,
  "unique_4gram_sample": 0.9974149416432395
}
