{
  "empty_samples": 0,
  "gen_ppl": 58.93456612087353,
  "max_tokens": 1025,
  "mean_tokens": 1022.34375,
  "method": "duo",
  "min_tokens": 1016,
  "nfe": 16,
  "num_samples": 256,
  "rank_wasserstein": 0.9514678120615088,
  "rep_1": 0.5659486081012196,
  "rep_2": 0.16959368943424802,
  "rep_3": 0.0566867558379548,
  "source_entropy": 5.266270160675049,
  "source_file": "/data/remote_cache/patrick/discrete_diffusion/gen-sample-candi-proj/duo-50k/samples_steps16_temp0.875.json",
  "source_gen_ppl": 58.92465591430664,
  "temperature": 0.875,
  "temperature_label": "0.875",
  "unigram_entropy": 5.269633345433913,
  "unique_1gram_corpus": 0.053098731468745226,
  "unique_1gram_sample": 0.43405139189878056,
  "unique_2gram_corpus": 0.2554003610439678,
  "unique_2gram_sample": 0.8304063105657532,
  "unique_3gram_corpus": 0.40731141465805026,
  "unique_3gram_sample": 0.9433132441620445,
  "unique_4gram_corpus": 0.4637251295257365,
  "unique_4gram_sample": 0.9826039850629181
}
