{
  "empty_samples": 0,
  "gen_ppl": 1958.9549795864366,
  "max_tokens": 1034,
  "mean_tokens": 1023.1328125,
  "method": "duo",
  "min_tokens": 1010,
  "nfe": 128,
  "num_samples": 256,
  "rank_wasserstein": 3.840725855633535,
  "rep_1": 0.26153682009296736,
  "rep_2": 0.024417170227188065,
  "rep_3": 0.005447171912460862,
  "source_entropy": 6.349354267120361,
  "source_file": "/data/remote_cache/patrick/discrete_diffusion/gen-sample-candi-proj/duo-50k/samples_steps128_temp1.275.json",
  "source_gen_ppl": 1958.8594970703125,
  "temperature": 1.274999976158142,
  "temperature_label": "1.275",
  "unigram_entropy": 6.3537391508054855,
  "unique_1gram_corpus": 0.10866212078405021,
  "unique_1gram_sample": 0.7384631799070325,
  "unique_2gram_corpus": 0.44729540712205634,
  "unique_2gram_sample": 0.9755828297728111,
  "unique_3gram_corpus": 0.4917983244711373,
  "unique_3gram_sample": 0.9945528280875389,
  "unique_4gram_corpus": 0.49830368288442833,
  "unique_4gram_sample": 0.9990501565160256
}
