{
  "empty_samples": 0,
  "gen_ppl": 254.90337247634685,
  "max_tokens": 1028,
  "mean_tokens": 1021.84375,
  "method": "duo",
  "min_tokens": 1011,
  "nfe": 32,
  "num_samples": 256,
  "rank_wasserstein": 2.0797017978473638,
  "rep_1": 0.426806512188925,
  "rep_2": 0.07801958280435214,
  "rep_3": 0.02321741222788369,
  "source_entropy": 5.821462154388428,
  "source_file": "/data/remote_cache/patrick/discrete_diffusion/gen-sample-candi-proj/duo-50k/samples_steps32_temp1.100.json",
  "source_gen_ppl": 254.87066650390625,
  "temperature": 1.100000023841858,
  "temperature_label": "1.100",
  "unigram_entropy": 5.822205872583171,
  "unique_1gram_corpus": 0.07656961986605094,
  "unique_1gram_sample": 0.5731934878110749,
  "unique_2gram_corpus": 0.3546966357486148,
  "unique_2gram_sample": 0.9219804171956469,
  "unique_3gram_corpus": 0.4642561666922016,
  "unique_3gram_sample": 0.9767825877721158,
  "unique_4gram_corpus": 0.48929929761064933,
  "unique_4gram_sample": 0.995077821738491
}
