{
  "empty_samples": 0,
  "gen_ppl": 114.97921410182673,
  "max_tokens": 1025,
  "mean_tokens": 1021.59375,
  "method": "duo",
  "min_tokens": 1007,
  "nfe": 128,
  "num_samples": 256,
  "rank_wasserstein": 1.44645457500747,
  "rep_1": 0.4834961983317278,
  "rep_2": 0.10564244143363476,
  "rep_3": 0.0323020327013486,
  "source_entropy": 5.630711555480957,
  "source_file": "/data/remote_cache/patrick/discrete_diffusion/gen-sample-candi-proj/duo-50k/samples_steps128_temp1.025.json",
  "source_gen_ppl": 114.96058654785156,
  "temperature": 1.024999976158142,
  "temperature_label": "1.025",
  "unigram_entropy": 5.6298923857177074,
  "unique_1gram_corpus": 0.0681839038267413,
  "unique_1gram_sample": 0.5165038016682725,
  "unique_2gram_corpus": 0.3228551088520775,
  "unique_2gram_sample": 0.894357558566365,
  "unique_3gram_corpus": 0.45122138106476234,
  "unique_3gram_sample": 0.9676979672986512,
  "unique_4gram_corpus": 0.48395459426292375,
  "unique_4gram_sample": 0.9912796520984173
}
