{
  "empty_samples": 0,
  "gen_ppl": 126.32903260013816,
  "max_tokens": 1026,
  "mean_tokens": 1021.9453125,
  "method": "duo",
  "min_tokens": 1014,
  "nfe": 32,
  "num_samples": 256,
  "rank_wasserstein": 1.5217363459576716,
  "rep_1": 0.48268312261307533,
  "rep_2": 0.10274532452019604,
  "rep_3": 0.03119024928560782,
  "source_entropy": 5.626910209655762,
  "source_file": "/data/remote_cache/patrick/discrete_diffusion/gen-sample-candi-proj/duo-50k/samples_steps32_temp1.025.json",
  "source_gen_ppl": 126.30941772460938,
  "temperature": 1.024999976158142,
  "temperature_label": "1.025",
  "unigram_entropy": 5.627291736875521,
  "unique_1gram_corpus": 0.06630277733183497,
  "unique_1gram_sample": 0.5173168773869248,
  "unique_2gram_corpus": 0.31705833288695373,
  "unique_2gram_sample": 0.8972546754798042,
  "unique_3gram_corpus": 0.4484500547670295,
  "unique_3gram_sample": 0.9688097507143915,
  "unique_4gram_corpus": 0.4832202415181139,
  "unique_4gram_sample": 0.9920249898224285
}
