{
  "empty_samples": 0,
  "gen_ppl": 34.960753062034534,
  "max_tokens": 1032,
  "mean_tokens": 1022.9375,
  "method": "duo",
  "min_tokens": 1013,
  "nfe": 128,
  "num_samples": 256,
  "rank_wasserstein": 0.5817331373730673,
  "rep_1": 0.602519357748962,
  "rep_2": 0.21202230258274393,
  "rep_3": 0.08177793906608054,
  "source_entropy": 5.122406482696533,
  "source_file": "/data/remote_cache/patrick/discrete_diffusion/gen-sample-candi-proj/duo-50k/samples_steps128_temp0.825.json",
  "source_gen_ppl": 34.954586029052734,
  "temperature": 0.824999988079071,
  "temperature_label": "0.825",
  "unigram_entropy": 5.122768514729325,
  "unique_1gram_corpus": 0.05005498869676789,
  "unique_1gram_sample": 0.39748064225103813,
  "unique_2gram_corpus": 0.2395189896642407,
  "unique_2gram_sample": 0.7879776974172561,
  "unique_3gram_corpus": 0.3927073767982859,
  "unique_3gram_sample": 0.9182220609339192,
  "unique_4gram_corpus": 0.4551711195538942,
  "unique_4gram_sample": 0.9674401540142
}
