{
  "empty_samples": 0,
  "gen_ppl": 689.5999132422918,
  "max_tokens": 1029,
  "mean_tokens": 1022.125,
  "method": "duo",
  "min_tokens": 1002,
  "nfe": 64,
  "num_samples": 256,
  "rank_wasserstein": 2.90221744524413,
  "rep_1": 0.34167870421339686,
  "rep_2": 0.044068703841128744,
  "rep_3": 0.011451190413485558,
  "source_entropy": 6.110309600830078,
  "source_file": "/data/remote_cache/patrick/discrete_diffusion/gen-sample-candi-proj/duo-50k/samples_steps64_temp1.200.json",
  "source_gen_ppl": 689.5382690429688,
  "temperature": 1.2000000476837158,
  "temperature_label": "1.200",
  "unigram_entropy": 6.112439562244783,
  "unique_1gram_corpus": 0.09309649015531368,
  "unique_1gram_sample": 0.6583212957866033,
  "unique_2gram_corpus": 0.4074817909168809,
  "unique_2gram_sample": 0.9559312961588708,
  "unique_3gram_corpus": 0.4825465629212106,
  "unique_3gram_sample": 0.988548809586514,
  "unique_4gram_corpus": 0.4955652827180179,
  "unique_4gram_sample": 0.9979757268495248
}
