{
  "empty_samples": 0,
  "gen_ppl": 144.77077517550288,
  "max_tokens": 1026,
  "mean_tokens": 1021.5,
  "method": "duo",
  "min_tokens": 1013,
  "nfe": 128,
  "num_samples": 256,
  "rank_wasserstein": 1.6282455047692186,
  "rep_1": 0.46925437447016943,
  "rep_2": 0.10215527757556084,
  "rep_3": 0.03332095791524011,
  "source_entropy": 5.684128284454346,
  "source_file": "/data/remote_cache/patrick/discrete_diffusion/gen-sample-candi-proj/duo-50k/samples_steps128_temp1.050.json",
  "source_gen_ppl": 144.7487335205078,
  "temperature": 1.0499999523162842,
  "temperature_label": "1.050",
  "unigram_entropy": 5.683477727295972,
  "unique_1gram_corpus": 0.07208302741067059,
  "unique_1gram_sample": 0.5307456255298306,
  "unique_2gram_corpus": 0.3338781540911318,
  "unique_2gram_sample": 0.8978447224244385,
  "unique_3gram_corpus": 0.4535004904364885,
  "unique_3gram_sample": 0.9666790420847599,
  "unique_4gram_corpus": 0.48409502331860577,
  "unique_4gram_sample": 0.9897169557173117
}
