{
  "empty_samples": 0,
  "gen_ppl": 6505.167410604321,
  "max_tokens": 1040,
  "mean_tokens": 1027.3125,
  "method": "duo",
  "min_tokens": 1015,
  "nfe": 128,
  "num_samples": 256,
  "rank_wasserstein": 5.002055812971764,
  "rep_1": 0.16812086544471655,
  "rep_2": 0.01067590967605103,
  "rep_3": 0.002098247116519029,
  "source_entropy": 6.602622032165527,
  "source_file": "/data/remote_cache/patrick/discrete_diffusion/gen-sample-candi-proj/duo-50k/samples_steps128_temp1.375.json",
  "source_gen_ppl": 6505.02783203125,
  "temperature": 1.375,
  "temperature_label": "1.375",
  "unigram_entropy": 6.608440635124016,
  "unique_1gram_corpus": 0.12422431100565796,
  "unique_1gram_sample": 0.8318791345552825,
  "unique_2gram_corpus": 0.47778758906278546,
  "unique_2gram_sample": 0.989324090323949,
  "unique_3gram_corpus": 0.49684928375495274,
  "unique_3gram_sample": 0.9979017528834803,
  "unique_4gram_corpus": 0.49945085118066995,
  "unique_4gram_sample": 0.9997326827141827
}
