{
  "empty_samples": 0,
  "gen_ppl": 84.74539614190061,
  "max_tokens": 1027,
  "mean_tokens": 1021.8046875,
  "method": "duo",
  "min_tokens": 1001,
  "nfe": 64,
  "num_samples": 256,
  "rank_wasserstein": 1.224810872899929,
  "rep_1": 0.5152807809679416,
  "rep_2": 0.12991112512181352,
  "rep_3": 0.04209600317066032,
  "source_entropy": 5.500322341918945,
  "source_file": "/data/remote_cache/patrick/discrete_diffusion/gen-sample-candi-proj/duo-50k/samples_steps64_temp0.975.json",
  "source_gen_ppl": 84.7311782836914,
  "temperature": 0.9750000238418579,
  "temperature_label": "0.975",
  "unigram_entropy": 5.500395315221312,
  "unique_1gram_corpus": 0.06274132012141508,
  "unique_1gram_sample": 0.4847192190320586,
  "unique_2gram_corpus": 0.2981524991772728,
  "unique_2gram_sample": 0.8700888748781864,
  "unique_3gram_corpus": 0.4353928065269851,
  "unique_3gram_sample": 0.9579039968293396,
  "unique_4gram_corpus": 0.47637780180511785,
  "unique_4gram_sample": 0.988036457867592
}
