{
  "empty_samples": 0,
  "gen_ppl": 31.184574571311103,
  "max_tokens": 1022,
  "mean_tokens": 1005.9140625,
  "method": "duo",
  "min_tokens": 967,
  "nfe": 8,
  "num_samples": 256,
  "rank_wasserstein": 0.4578698014622456,
  "rep_1": 0.7402945371022649,
  "rep_2": 0.39967235876287754,
  "rep_3": 0.1829851554496536,
  "source_entropy": 3.98217511177063,
  "source_file": "/data/remote_cache/patrick/discrete_diffusion/gen-sample-candi-proj/duo-50k/samples_steps8_temp0.700.json",
  "source_gen_ppl": 31.179777145385742,
  "temperature": 0.7000000476837158,
  "temperature_label": "0.700",
  "unigram_entropy": 4.080624977282455,
  "unique_1gram_corpus": 0.030635227599276157,
  "unique_1gram_sample": 0.25970546289773594,
  "unique_2gram_corpus": 0.1354982157989256,
  "unique_2gram_sample": 0.6003276412371228,
  "unique_3gram_corpus": 0.2722157804219422,
  "unique_3gram_sample": 0.8170148445503467,
  "unique_4gram_corpus": 0.3802357193490843,
  "unique_4gram_sample": 0.9304212676322368
}
