{
  "empty_samples": 0,
  "gen_ppl": 70.62196611980953,
  "max_tokens": 1025,
  "mean_tokens": 1022.1796875,
  "method": "duo",
  "min_tokens": 1012,
  "nfe": 64,
  "num_samples": 256,
  "rank_wasserstein": 1.0843103895580308,
  "rep_1": 0.5313334955136941,
  "rep_2": 0.1428792356531717,
  "rep_3": 0.04845079845225709,
  "source_entropy": 5.442485332489014,
  "source_file": "/data/remote_cache/patrick/discrete_diffusion/gen-sample-candi-proj/duo-50k/samples_steps64_temp0.950.json",
  "source_gen_ppl": 70.61002349853516,
  "temperature": 0.949999988079071,
  "temperature_label": "0.950",
  "unigram_entropy": 5.441826595873755,
  "unique_1gram_corpus": 0.059668753200498324,
  "unique_1gram_sample": 0.468666504486306,
  "unique_2gram_corpus": 0.2861274108529504,
  "unique_2gram_sample": 0.857120764346828,
  "unique_3gram_corpus": 0.42762074695787355,
  "unique_3gram_sample": 0.9515492015477418,
  "unique_4gram_corpus": 0.47275305660955885,
  "unique_4gram_sample": 0.9848345745285926
}
