{
  "empty_samples": 0,
  "gen_ppl": 34.81392930029396,
  "max_tokens": 1030,
  "mean_tokens": 1022.9921875,
  "method": "duo",
  "min_tokens": 1016,
  "nfe": 32,
  "num_samples": 256,
  "rank_wasserstein": 0.5781257202124825,
  "rep_1": 0.6140256102896282,
  "rep_2": 0.22903434758855948,
  "rep_3": 0.08881341824915481,
  "source_entropy": 5.037518501281738,
  "source_file": "/data/remote_cache/patrick/discrete_diffusion/gen-sample-candi-proj/duo-50k/samples_steps32_temp0.800.json",
  "source_gen_ppl": 34.807838439941406,
  "temperature": 0.800000011920929,
  "temperature_label": "0.800",
  "unigram_entropy": 5.039131587065875,
  "unique_1gram_corpus": 0.04838364784677302,
  "unique_1gram_sample": 0.3859743897103715,
  "unique_2gram_corpus": 0.2292894545732523,
  "unique_2gram_sample": 0.7709656524114411,
  "unique_3gram_corpus": 0.3816255633689655,
  "unique_3gram_sample": 0.9111865817508457,
  "unique_4gram_corpus": 0.4486017815700182,
  "unique_4gram_sample": 0.9668645167942729
}
