{
  "empty_samples": 0,
  "gen_ppl": 13.555371259758969,
  "max_tokens": 1026,
  "mean_tokens": 1021.078125,
  "method": "duo",
  "min_tokens": 993,
  "nfe": 64,
  "num_samples": 256,
  "rank_wasserstein": 0.05000815163829336,
  "rep_1": 0.7421747357571947,
  "rep_2": 0.4538957063969908,
  "rep_3": 0.2773977902198327,
  "source_entropy": 4.149733066558838,
  "source_file": "/data/remote_cache/patrick/discrete_diffusion/gen-sample-candi-proj/duo-50k/samples_steps64_temp0.625.json",
  "source_gen_ppl": 13.55295467376709,
  "temperature": 0.625,
  "temperature_label": "0.625",
  "unigram_entropy": 4.163607036430388,
  "unique_1gram_corpus": 0.037877396746698495,
  "unique_1gram_sample": 0.25782526424280594,
  "unique_2gram_corpus": 0.15829057210691583,
  "unique_2gram_sample": 0.5461042936030088,
  "unique_3gram_corpus": 0.28449425798439154,
  "unique_3gram_sample": 0.7226022097801681,
  "unique_4gram_corpus": 0.36996408674432524,
  "unique_4gram_sample": 0.8276519075366108
}
