{
  "empty_samples": 0,
  "gen_ppl": 1497.367784254755,
  "max_tokens": 1035,
  "mean_tokens": 1023.0703125,
  "method": "duo",
  "min_tokens": 1009,
  "nfe": 128,
  "num_samples": 256,
  "rank_wasserstein": 3.6017800929750106,
  "rep_1": 0.27757227542676755,
  "rep_2": 0.02692731145462108,
  "rep_3": 0.006562871431898357,
  "source_entropy": 6.3076982498168945,
  "source_file": "/data/remote_cache/patrick/discrete_diffusion/gen-sample-candi-proj/duo-50k/samples_steps128_temp1.250.json",
  "source_gen_ppl": 1497.2802734375,
  "temperature": 1.25,
  "temperature_label": "1.250",
  "unigram_entropy": 6.311152867704338,
  "unique_1gram_corpus": 0.1061602254243889,
  "unique_1gram_sample": 0.722427724573232,
  "unique_2gram_corpus": 0.44108159755398435,
  "unique_2gram_sample": 0.9730726885453783,
  "unique_3gram_corpus": 0.49043589370834834,
  "unique_3gram_sample": 0.9934371285681018,
  "unique_4gram_corpus": 0.49775214637471377,
  "unique_4gram_sample": 0.9986147452292669
}
