{
  "empty_samples": 0,
  "gen_ppl": 2626.5276214475493,
  "max_tokens": 1039,
  "mean_tokens": 1024.1796875,
  "method": "duo",
  "min_tokens": 1014,
  "nfe": 16,
  "num_samples": 256,
  "rank_wasserstein": 4.099350218666414,
  "rep_1": 0.2514720868164593,
  "rep_2": 0.021929018932185837,
  "rep_3": 0.004236466633521425,
  "source_entropy": 6.373143672943115,
  "source_file": "/data/remote_cache/patrick/discrete_diffusion/gen-sample-candi-proj/duo-50k/samples_steps16_temp1.275.json",
  "source_gen_ppl": 2626.437255859375,
  "temperature": 1.274999976158142,
  "temperature_label": "1.275",
  "unigram_entropy": 6.378914408591788,
  "unique_1gram_corpus": 0.10731911972233876,
  "unique_1gram_sample": 0.7485279131835407,
  "unique_2gram_corpus": 0.44673467362007224,
  "unique_2gram_sample": 0.9780709810678145,
  "unique_3gram_corpus": 0.4918258317474148,
  "unique_3gram_sample": 0.9957635333664788,
  "unique_4gram_corpus": 0.4983130723504525,
  "unique_4gram_sample": 0.9993574414077863
}
