{
  "empty_samples": 0,
  "gen_ppl": 804.827529151964,
  "max_tokens": 1028,
  "mean_tokens": 1022.0625,
  "method": "duo",
  "min_tokens": 1013,
  "nfe": 32,
  "num_samples": 256,
  "rank_wasserstein": 3.0331707903996064,
  "rep_1": 0.33436942508315476,
  "rep_2": 0.03962145989348645,
  "rep_3": 0.009809450261596464,
  "source_entropy": 6.126203536987305,
  "source_file": "/data/remote_cache/patrick/discrete_diffusion/gen-sample-candi-proj/duo-50k/samples_steps32_temp1.200.json",
  "source_gen_ppl": 804.7638549804688,
  "temperature": 1.2000000476837158,
  "temperature_label": "1.200",
  "unigram_entropy": 6.1286691680793615,
  "unique_1gram_corpus": 0.09387039075399009,
  "unique_1gram_sample": 0.6656305749168449,
  "unique_2gram_corpus": 0.41077385688926976,
  "unique_2gram_sample": 0.9603785401065137,
  "unique_3gram_corpus": 0.48390110900067396,
  "unique_3gram_sample": 0.9901905497384043,
  "unique_4gram_corpus": 0.4961783195338853,
  "unique_4gram_sample": 0.9984734257309041
}
