{
  "empty_samples": 0,
  "gen_ppl": 81.22990772454524,
  "max_tokens": 1029,
  "mean_tokens": 1022.625,
  "method": "duo",
  "min_tokens": 1012,
  "nfe": 128,
  "num_samples": 256,
  "rank_wasserstein": 1.1894987598941629,
  "rep_1": 0.5104465957304901,
  "rep_2": 0.1276240194883562,
  "rep_3": 0.041800525074673765,
  "source_entropy": 5.529641151428223,
  "source_file": "/data/remote_cache/patrick/discrete_diffusion/gen-sample-candi-proj/duo-50k/samples_steps128_temp0.975.json",
  "source_gen_ppl": 81.21640014648438,
  "temperature": 0.9750000238418579,
  "temperature_label": "0.975",
  "unigram_entropy": 5.529231428100692,
  "unique_1gram_corpus": 0.0630347756997922,
  "unique_1gram_sample": 0.4895534042695099,
  "unique_2gram_corpus": 0.30079224275052,
  "unique_2gram_sample": 0.8723759805116441,
  "unique_3gram_corpus": 0.43734308022045315,
  "unique_3gram_sample": 0.9581994749253258,
  "unique_4gram_corpus": 0.47742736300110333,
  "unique_4gram_sample": 0.9875425832112541
}
