{
  "empty_samples": 0,
  "gen_ppl": 31.271253615024083,
  "max_tokens": 1025,
  "mean_tokens": 1022.8125,
  "method": "duo",
  "min_tokens": 1014,
  "nfe": 32,
  "num_samples": 256,
  "rank_wasserstein": 0.5073754962022415,
  "rep_1": 0.6214338296669141,
  "rep_2": 0.24208731599701383,
  "rep_3": 0.09935459135581894,
  "source_entropy": 5.000946521759033,
  "source_file": "/data/remote_cache/patrick/discrete_diffusion/gen-sample-candi-proj/duo-50k/samples_steps32_temp0.775.json",
  "source_gen_ppl": 31.26578712463379,
  "temperature": 0.7750000357627869,
  "temperature_label": "0.775",
  "unigram_entropy": 5.003049008943409,
  "unique_1gram_corpus": 0.04738007943782462,
  "unique_1gram_sample": 0.37856617033308637,
  "unique_2gram_corpus": 0.22090800660590862,
  "unique_2gram_sample": 0.7579126840029862,
  "unique_3gram_corpus": 0.3723328537317088,
  "unique_3gram_sample": 0.9006454086441803,
  "unique_4gram_corpus": 0.4420887724459153,
  "unique_4gram_sample": 0.9593443267737121
}
