{
  "empty_samples": 0,
  "gen_ppl": 30.758140998810507,
  "max_tokens": 1026,
  "mean_tokens": 1022.8046875,
  "method": "duo",
  "min_tokens": 1014,
  "nfe": 128,
  "num_samples": 256,
  "rank_wasserstein": 0.49366958328625077,
  "rep_1": 0.616837207797669,
  "rep_2": 0.23853503016326177,
  "rep_3": 0.09917810016946609,
  "source_entropy": 5.054912567138672,
  "source_file": "/data/remote_cache/patrick/discrete_diffusion/gen-sample-candi-proj/duo-50k/samples_steps128_temp0.800.json",
  "source_gen_ppl": 30.752771377563477,
  "temperature": 0.800000011920929,
  "temperature_label": "0.800",
  "unigram_entropy": 5.055352884780835,
  "unique_1gram_corpus": 0.049244189155126454,
  "unique_1gram_sample": 0.3831627922023319,
  "unique_2gram_corpus": 0.23265744584872047,
  "unique_2gram_sample": 0.7614649698367385,
  "unique_3gram_corpus": 0.38276711846505895,
  "unique_3gram_sample": 0.9008218998305332,
  "unique_4gram_corpus": 0.44746619680545446,
  "unique_4gram_sample": 0.9572070570395756
}
