{
  "empty_samples": 0,
  "gen_ppl": 21.90901946327133,
  "max_tokens": 1021,
  "mean_tokens": 1001.375,
  "method": "duo",
  "min_tokens": 975,
  "nfe": 8,
  "num_samples": 256,
  "rank_wasserstein": 0.20198176534334358,
  "rep_1": 0.7985276212751179,
  "rep_2": 0.5102887527409602,
  "rep_3": 0.2777439737174093,
  "source_entropy": 3.5299370288848877,
  "source_file": "/data/remote_cache/patrick/discrete_diffusion/gen-sample-candi-proj/duo-50k/samples_steps8_temp0.650.json",
  "source_gen_ppl": 21.905487060546875,
  "temperature": 0.6500000357627869,
  "temperature_label": "0.650",
  "unigram_entropy": 3.6504099798140173,
  "unique_1gram_corpus": 0.02396314442641368,
  "unique_1gram_sample": 0.20147237872488133,
  "unique_2gram_corpus": 0.1006770898413095,
  "unique_2gram_sample": 0.48971124725904,
  "unique_3gram_corpus": 0.21377032520325204,
  "unique_3gram_sample": 0.722256026282592,
  "unique_4gram_corpus": 0.32009045949668213,
  "unique_4gram_sample": 0.8728454970552454
}
