{
  "empty_samples": 0,
  "gen_ppl": 4867.901219521721,
  "max_tokens": 1035,
  "mean_tokens": 1026.21875,
  "method": "duo",
  "min_tokens": 1017,
  "nfe": 16,
  "num_samples": 256,
  "rank_wasserstein": 4.697332670285133,
  "rep_1": 0.20191304084307782,
  "rep_2": 0.014216054371985098,
  "rep_3": 0.0025782651441384153,
  "source_entropy": 6.511270523071289,
  "source_file": "/data/remote_cache/patrick/discrete_diffusion/gen-sample-candi-proj/duo-50k/samples_steps16_temp1.325.json",
  "source_gen_ppl": 4867.78662109375,
  "temperature": 1.3249999284744263,
  "temperature_label": "1.325",
  "unigram_entropy": 6.518352952543263,
  "unique_1gram_corpus": 0.11600916593075307,
  "unique_1gram_sample": 0.7980869591569222,
  "unique_2gram_corpus": 0.4656132837504191,
  "unique_2gram_sample": 0.9857839456280155,
  "unique_3gram_corpus": 0.49526315789473685,
  "unique_3gram_sample": 0.9974217348558617,
  "unique_4gram_corpus": 0.49919448431725866,
  "unique_4gram_sample": 0.9996880164973361
}
