{
  "empty_samples": 0,
  "gen_ppl": 45.78331591270712,
  "max_tokens": 1028,
  "mean_tokens": 1022.875,
  "method": "duo",
  "min_tokens": 1018,
  "nfe": 64,
  "num_samples": 256,
  "rank_wasserstein": 0.7689841997651929,
  "rep_1": 0.5736932746022139,
  "rep_2": 0.18429766815806423,
  "rep_3": 0.06788766331202677,
  "source_entropy": 5.263608455657959,
  "source_file": "/data/remote_cache/patrick/discrete_diffusion/gen-sample-candi-proj/duo-50k/samples_steps64_temp0.875.json",
  "source_gen_ppl": 45.77538299560547,
  "temperature": 0.875,
  "temperature_label": "0.875",
  "unigram_entropy": 5.263648502688256,
  "unique_1gram_corpus": 0.05387693999755591,
  "unique_1gram_sample": 0.42630672539778636,
  "unique_2gram_corpus": 0.25740443425076454,
  "unique_2gram_sample": 0.8157023318419352,
  "unique_3gram_corpus": 0.406716817680911,
  "unique_3gram_sample": 0.9321123366879728,
  "unique_4gram_corpus": 0.4620166380683907,
  "unique_4gram_sample": 0.9755027775766846
}
