{
  "empty_samples": 0,
  "gen_ppl": 52.80168282172592,
  "max_tokens": 1029,
  "mean_tokens": 1022.640625,
  "method": "duo",
  "min_tokens": 1018,
  "nfe": 16,
  "num_samples": 256,
  "rank_wasserstein": 0.8718555194420902,
  "rep_1": 0.5836311530389525,
  "rep_2": 0.18580562063287537,
  "rep_3": 0.06300606608895364,
  "source_entropy": 5.179352760314941,
  "source_file": "/data/remote_cache/patrick/discrete_diffusion/gen-sample-candi-proj/duo-50k/samples_steps16_temp0.850.json",
  "source_gen_ppl": 52.792701721191406,
  "temperature": 0.8500000238418579,
  "temperature_label": "0.850",
  "unigram_entropy": 5.182815267672885,
  "unique_1gram_corpus": 0.051337682775901845,
  "unique_1gram_sample": 0.4163688469610478,
  "unique_2gram_corpus": 0.2449797354133211,
  "unique_2gram_sample": 0.8141943793671254,
  "unique_3gram_corpus": 0.3996915233998255,
  "unique_3gram_sample": 0.9369939339110457,
  "unique_4gram_corpus": 0.46068237890188024,
  "unique_4gram_sample": 0.9802467862773759
}
