{
  "empty_samples": 0,
  "gen_ppl": 11676.398665495593,
  "max_tokens": 1046,
  "mean_tokens": 1030.1015625,
  "method": "duo",
  "min_tokens": 1021,
  "nfe": 8,
  "num_samples": 256,
  "rank_wasserstein": 5.582342175239347,
  "rep_1": 0.14362138900454147,
  "rep_2": 0.005825008208446101,
  "rep_3": 0.0005246364229630563,
  "source_entropy": 6.657032489776611,
  "source_file": "/data/remote_cache/patrick/discrete_diffusion/gen-sample-candi-proj/duo-50k/samples_steps8_temp1.400.json",
  "source_gen_ppl": 11676.2890625,
  "temperature": 1.399999976158142,
  "temperature_label": "1.400",
  "unigram_entropy": 6.666394297187478,
  "unique_1gram_corpus": 0.1251962412686856,
  "unique_1gram_sample": 0.8563786109954602,
  "unique_2gram_corpus": 0.48368570886316187,
  "unique_2gram_sample": 0.9941749917915543,
  "unique_3gram_corpus": 0.4983852215476037,
  "unique_3gram_sample": 0.9994753635770368,
  "unique_4gram_corpus": 0.49985167606051617,
  "unique_4gram_sample": 0.9999924150485437
}
