{
  "empty_samples": 0,
  "gen_ppl": 173.5934003313534,
  "max_tokens": 1027,
  "mean_tokens": 1021.4609375,
  "method": "duo",
  "min_tokens": 1006,
  "nfe": 128,
  "num_samples": 256,
  "rank_wasserstein": 1.7751280721062137,
  "rep_1": 0.45208947154085644,
  "rep_2": 0.09024116804305911,
  "rep_3": 0.02702379673100059,
  "source_entropy": 5.745272636413574,
  "source_file": "/data/remote_cache/patrick/discrete_diffusion/gen-sample-candi-proj/duo-50k/samples_steps128_temp1.075.json",
  "source_gen_ppl": 173.5678253173828,
  "temperature": 1.0750000476837158,
  "temperature_label": "1.075",
  "unigram_entropy": 5.744880390188234,
  "unique_1gram_corpus": 0.07440706096506994,
  "unique_1gram_sample": 0.5479105284591432,
  "unique_2gram_corpus": 0.3433152910372917,
  "unique_2gram_sample": 0.9097588319569413,
  "unique_3gram_corpus": 0.45932669686031985,
  "unique_3gram_sample": 0.972976203268998,
  "unique_4gram_corpus": 0.4872701610119436,
  "unique_4gram_sample": 0.9933806171041738
}
