{
  "empty_samples": 0,
  "gen_ppl": 13.578622289122404,
  "max_tokens": 1024,
  "mean_tokens": 1014.203125,
  "method": "duo",
  "min_tokens": 989,
  "nfe": 16,
  "num_samples": 256,
  "rank_wasserstein": 0.07205756259909148,
  "rep_1": 0.8007018122233694,
  "rep_2": 0.5515084498205497,
  "rep_3": 0.3519535719674177,
  "source_entropy": 3.532134771347046,
  "source_file": "/data/remote_cache/patrick/discrete_diffusion/gen-sample-candi-proj/duo-50k/samples_steps16_temp0.600.json",
  "source_gen_ppl": 13.576210975646973,
  "temperature": 0.6000000238418579,
  "temperature_label": "0.600",
  "unigram_entropy": 3.586863878203774,
  "unique_1gram_corpus": 0.027688764269977968,
  "unique_1gram_sample": 0.19929818777663047,
  "unique_2gram_corpus": 0.10835839309121752,
  "unique_2gram_sample": 0.44849155017945047,
  "unique_3gram_corpus": 0.2130717339960791,
  "unique_3gram_sample": 0.6480464280325818,
  "unique_4gram_corpus": 0.3074655809138248,
  "unique_4gram_sample": 0.7906139312837998
}
