{
  "empty_samples": 0,
  "gen_ppl": 93.2451484701207,
  "max_tokens": 1027,
  "mean_tokens": 1022.09375,
  "method": "duo",
  "min_tokens": 1015,
  "nfe": 64,
  "num_samples": 256,
  "rank_wasserstein": 1.2938757336516353,
  "rep_1": 0.5084944550394926,
  "rep_2": 0.12410657451158812,
  "rep_3": 0.03909991581463036,
  "source_entropy": 5.5281081199646,
  "source_file": "/data/remote_cache/patrick/discrete_diffusion/gen-sample-candi-proj/duo-50k/samples_steps64_temp1.000.json",
  "source_gen_ppl": 93.22981262207031,
  "temperature": 1.0,
  "temperature_label": "1.000",
  "unigram_entropy": 5.527921873600108,
  "unique_1gram_corpus": 0.06365227627113462,
  "unique_1gram_sample": 0.49150554496050736,
  "unique_2gram_corpus": 0.303645753634277,
  "unique_2gram_sample": 0.875893425488412,
  "unique_3gram_corpus": 0.43991437674233375,
  "unique_3gram_sample": 0.9609000841853695,
  "unique_4gram_corpus": 0.4790293152617215,
  "unique_4gram_sample": 0.9887792186483942
}
