{
  "empty_samples": 0,
  "gen_ppl": 7409.34142421754,
  "max_tokens": 1040,
  "mean_tokens": 1027.890625,
  "method": "duo",
  "min_tokens": 1012,
  "nfe": 32,
  "num_samples": 256,
  "rank_wasserstein": 5.127268655102326,
  "rep_1": 0.1629688500752766,
  "rep_2": 0.008789599760738334,
  "rep_3": 0.0013178633773282952,
  "source_entropy": 6.616914749145508,
  "source_file": "/data/remote_cache/patrick/discrete_diffusion/gen-sample-candi-proj/duo-50k/samples_steps32_temp1.375.json",
  "source_gen_ppl": 7409.2138671875,
  "temperature": 1.375,
  "temperature_label": "1.375",
  "unigram_entropy": 6.623167305319772,
  "unique_1gram_corpus": 0.12480048643307745,
  "unique_1gram_sample": 0.837031149924724,
  "unique_2gram_corpus": 0.4793026582066615,
  "unique_2gram_sample": 0.9912104002392617,
  "unique_3gram_corpus": 0.49757070837839074,
  "unique_3gram_sample": 0.9986821366226721,
  "unique_4gram_corpus": 0.49966459835653193,
  "unique_4gram_sample": 0.9998319987134204
}
