{
  "empty_samples": 0,
  "gen_ppl": 70.97783385607572,
  "max_tokens": 1024,
  "mean_tokens": 1018.7734375,
  "method": "duo",
  "min_tokens": 999,
  "nfe": 8,
  "num_samples": 256,
  "rank_wasserstein": 1.0833209826716763,
  "rep_1": 0.6005878297324144,
  "rep_2": 0.191503759559802,
  "rep_3": 0.05951348744769184,
  "source_entropy": 5.015320777893066,
  "source_file": "/data/remote_cache/patrick/discrete_diffusion/gen-sample-candi-proj/duo-50k/samples_steps8_temp0.850.json",
  "source_gen_ppl": 70.96731567382812,
  "temperature": 0.8500000238418579,
  "temperature_label": "0.850",
  "unigram_entropy": 5.041700423300262,
  "unique_1gram_corpus": 0.04795901934771439,
  "unique_1gram_sample": 0.399412170267586,
  "unique_2gram_corpus": 0.23063135674534638,
  "unique_2gram_sample": 0.8084962404401977,
  "unique_3gram_corpus": 0.39146887750005765,
  "unique_3gram_sample": 0.940486512552308,
  "unique_4gram_corpus": 0.46075189010836876,
  "unique_4gram_sample": 0.9848168112092801
}
