{
  "empty_samples": 0,
  "gen_ppl": 15.72545634111842,
  "max_tokens": 1030,
  "mean_tokens": 1021.8515625,
  "method": "duo",
  "min_tokens": 986,
  "nfe": 64,
  "num_samples": 256,
  "rank_wasserstein": 0.0509859577509221,
  "rep_1": 0.7117922549193314,
  "rep_2": 0.3969862200132724,
  "rep_3": 0.22497408756193016,
  "source_entropy": 4.403227806091309,
  "source_file": "/data/remote_cache/patrick/discrete_diffusion/gen-sample-candi-proj/duo-50k/samples_steps64_temp0.650.json",
  "source_gen_ppl": 15.7227144241333,
  "temperature": 0.6500000357627869,
  "temperature_label": "0.650",
  "unigram_entropy": 4.4114126980282355,
  "unique_1gram_corpus": 0.04088396522856029,
  "unique_1gram_sample": 0.2882077450806682,
  "unique_2gram_corpus": 0.1772149476922606,
  "unique_2gram_sample": 0.6030137799867278,
  "unique_3gram_corpus": 0.3112087390168606,
  "unique_3gram_sample": 0.7750259124380703,
  "unique_4gram_corpus": 0.39310498186530485,
  "unique_4gram_sample": 0.8689000621670486
}
