{
  "empty_samples": 0,
  "gen_ppl": 554.2103360450269,
  "max_tokens": 1030,
  "mean_tokens": 1022.1328125,
  "method": "duo",
  "min_tokens": 1015,
  "nfe": 32,
  "num_samples": 256,
  "rank_wasserstein": 2.7144879252589584,
  "rep_1": 0.36293132554856705,
  "rep_2": 0.04902950505331892,
  "rep_3": 0.012239579727539826,
  "source_entropy": 6.040539741516113,
  "source_file": "/data/remote_cache/patrick/discrete_diffusion/gen-sample-candi-proj/duo-50k/samples_steps32_temp1.175.json",
  "source_gen_ppl": 554.159423828125,
  "temperature": 1.1749999523162842,
  "temperature_label": "1.175",
  "unigram_entropy": 6.043006911481371,
  "unique_1gram_corpus": 0.08772251649048787,
  "unique_1gram_sample": 0.637068674451433,
  "unique_2gram_corpus": 0.3940361883631078,
  "unique_2gram_sample": 0.9509704949466817,
  "unique_3gram_corpus": 0.4789319711740965,
  "unique_3gram_sample": 0.9877604202724607,
  "unique_4gram_corpus": 0.49449210036106067,
  "unique_4gram_sample": 0.9979678747972022
}
