{
  "empty_samples": 0,
  "gen_ppl": 227.2268233327341,
  "max_tokens": 1029,
  "mean_tokens": 1021.6953125,
  "method": "duo",
  "min_tokens": 1014,
  "nfe": 64,
  "num_samples": 256,
  "rank_wasserstein": 1.9832404362904972,
  "rep_1": 0.43009536208793775,
  "rep_2": 0.07646890789061052,
  "rep_3": 0.022362381318759613,
  "source_entropy": 5.817343711853027,
  "source_file": "/data/remote_cache/patrick/discrete_diffusion/gen-sample-candi-proj/duo-50k/samples_steps64_temp1.100.json",
  "source_gen_ppl": 227.19569396972656,
  "temperature": 1.100000023841858,
  "temperature_label": "1.100",
  "unigram_entropy": 5.817331917560663,
  "unique_1gram_corpus": 0.07670308999288866,
  "unique_1gram_sample": 0.5699046379120618,
  "unique_2gram_corpus": 0.3566923589158738,
  "unique_2gram_sample": 0.9235310921093884,
  "unique_3gram_corpus": 0.466197010442764,
  "unique_3gram_sample": 0.9776376186812409,
  "unique_4gram_corpus": 0.489803900516132,
  "unique_4gram_sample": 0.9944481877978584
}
