{
  "empty_samples": 0,
  "gen_ppl": 6406.919202456036,
  "max_tokens": 1047,
  "mean_tokens": 1028.0703125,
  "method": "duo",
  "min_tokens": 1019,
  "nfe": 64,
  "num_samples": 256,
  "rank_wasserstein": 4.988197313798682,
  "rep_1": 0.1725716532578672,
  "rep_2": 0.011183615070504476,
  "rep_3": 0.0023780366523986516,
  "source_entropy": 6.593505382537842,
  "source_file": "/data/remote_cache/patrick/discrete_diffusion/gen-sample-candi-proj/duo-50k/samples_steps64_temp1.375.json",
  "source_gen_ppl": 6406.78515625,
  "temperature": 1.375,
  "temperature_label": "1.375",
  "unigram_entropy": 6.598375076622829,
  "unique_1gram_corpus": 0.12349821039113022,
  "unique_1gram_sample": 0.8274283467421326,
  "unique_2gram_corpus": 0.4762598410223253,
  "unique_2gram_sample": 0.9888163849294963,
  "unique_3gram_corpus": 0.496303402696879,
  "unique_3gram_sample": 0.9976219633476013,
  "unique_4gram_corpus": 0.499321692871678,
  "unique_4gram_sample": 0.9994658455869581
}
