{
  "empty_samples": 0,
  "gen_ppl": 22.207483552069487,
  "max_tokens": 1025,
  "mean_tokens": 1019.6640625,
  "method": "duo",
  "min_tokens": 1000,
  "nfe": 16,
  "num_samples": 256,
  "rank_wasserstein": 0.26683604424933355,
  "rep_1": 0.7084445607880229,
  "rep_2": 0.367284929905559,
  "rep_3": 0.17498844235004943,
  "source_entropy": 4.341819763183594,
  "source_file": "/data/remote_cache/patrick/discrete_diffusion/gen-sample-candi-proj/duo-50k/samples_steps16_temp0.675.json",
  "source_gen_ppl": 22.203580856323242,
  "temperature": 0.675000011920929,
  "temperature_label": "0.675",
  "unigram_entropy": 4.367215488363023,
  "unique_1gram_corpus": 0.037401258073660903,
  "unique_1gram_sample": 0.29155543921197713,
  "unique_2gram_corpus": 0.16397088711471058,
  "unique_2gram_sample": 0.6327150700944416,
  "unique_3gram_corpus": 0.3055173843283869,
  "unique_3gram_sample": 0.8250115576499502,
  "unique_4gram_corpus": 0.4003673165146427,
  "unique_4gram_sample": 0.9225985499209155
}
