{
  "empty_samples": 0,
  "gen_ppl": 161.8930270587079,
  "max_tokens": 1029,
  "mean_tokens": 1021.546875,
  "method": "duo",
  "min_tokens": 1012,
  "nfe": 16,
  "num_samples": 256,
  "rank_wasserstein": 1.710157337070752,
  "rep_1": 0.47508074447072457,
  "rep_2": 0.09957580072887959,
  "rep_3": 0.02905169818856209,
  "source_entropy": 5.63911771774292,
  "source_file": "/data/remote_cache/patrick/discrete_diffusion/gen-sample-candi-proj/duo-50k/samples_steps16_temp1.025.json",
  "source_gen_ppl": 161.87014770507812,
  "temperature": 1.024999976158142,
  "temperature_label": "1.025",
  "unigram_entropy": 5.640974006941367,
  "unique_1gram_corpus": 0.06822909496933266,
  "unique_1gram_sample": 0.5249192555292754,
  "unique_2gram_corpus": 0.32146903467809845,
  "unique_2gram_sample": 0.9004241992711203,
  "unique_3gram_corpus": 0.4500812248088152,
  "unique_3gram_sample": 0.970948301811438,
  "unique_4gram_corpus": 0.4841110957706291,
  "unique_4gram_sample": 0.9936280264304707
}
