{
  "empty_samples": 0,
  "gen_ppl": 407.131800854243,
  "max_tokens": 1027,
  "mean_tokens": 1021.4765625,
  "method": "duo",
  "min_tokens": 1016,
  "nfe": 16,
  "num_samples": 256,
  "rank_wasserstein": 2.454501140889897,
  "rep_1": 0.3991313621184003,
  "rep_2": 0.06085868686145289,
  "rep_3": 0.016375145800207488,
  "source_entropy": 5.912219047546387,
  "source_file": "/data/remote_cache/patrick/discrete_diffusion/gen-sample-candi-proj/duo-50k/samples_steps16_temp1.125.json",
  "source_gen_ppl": 407.0909423828125,
  "temperature": 1.125,
  "temperature_label": "1.125",
  "unigram_entropy": 5.915456013583457,
  "unique_1gram_corpus": 0.08051686819784473,
  "unique_1gram_sample": 0.6008686378815995,
  "unique_2gram_corpus": 0.372271686788495,
  "unique_2gram_sample": 0.9391413131385478,
  "unique_3gram_corpus": 0.4724467979125317,
  "unique_3gram_sample": 0.9836248541997924,
  "unique_4gram_corpus": 0.4923369002416293,
  "unique_4gram_sample": 0.9971927312592834
}
