{
  "empty_samples": 0,
  "gen_ppl": 318.77017158329005,
  "max_tokens": 1028,
  "mean_tokens": 1021.5546875,
  "method": "duo",
  "min_tokens": 1014,
  "nfe": 16,
  "num_samples": 256,
  "rank_wasserstein": 2.2560703420998736,
  "rep_1": 0.4188543997311267,
  "rep_2": 0.0710004533468704,
  "rep_3": 0.018674269350101965,
  "source_entropy": 5.844638347625732,
  "source_file": "/data/remote_cache/patrick/discrete_diffusion/gen-sample-candi-proj/duo-50k/samples_steps16_temp1.100.json",
  "source_gen_ppl": 318.734375,
  "temperature": 1.100000023841858,
  "temperature_label": "1.100",
  "unigram_entropy": 5.846835219318389,
  "unique_1gram_corpus": 0.07650333820234172,
  "unique_1gram_sample": 0.5811456002688736,
  "unique_2gram_corpus": 0.35704005940396993,
  "unique_2gram_sample": 0.9289995466531284,
  "unique_3gram_corpus": 0.46634560125054597,
  "unique_3gram_sample": 0.9813257306498971,
  "unique_4gram_corpus": 0.4906999041227229,
  "unique_4gram_sample": 0.9972460108050176
}
