{
  "empty_samples": 0,
  "gen_ppl": 7923.93162307924,
  "max_tokens": 1039,
  "mean_tokens": 1028.1875,
  "method": "duo",
  "min_tokens": 1017,
  "nfe": 16,
  "num_samples": 256,
  "rank_wasserstein": 5.194316701742549,
  "rep_1": 0.16467493897752175,
  "rep_2": 0.00882246651883092,
  "rep_3": 0.0013254254482826149,
  "source_entropy": 6.608935356140137,
  "source_file": "/data/remote_cache/patrick/discrete_diffusion/gen-sample-candi-proj/duo-50k/samples_steps16_temp1.375.json",
  "source_gen_ppl": 7923.8046875,
  "temperature": 1.375,
  "temperature_label": "1.375",
  "unigram_entropy": 6.615839366908049,
  "unique_1gram_corpus": 0.12330177496808704,
  "unique_1gram_sample": 0.8353250610224782,
  "unique_2gram_corpus": 0.4779015819896562,
  "unique_2gram_sample": 0.9911775334811693,
  "unique_3gram_corpus": 0.497331597539436,
  "unique_3gram_sample": 0.9986745745517174,
  "unique_4gram_corpus": 0.49966469548253367,
  "unique_4gram_sample": 0.9998780246994166
}
