{
  "empty_samples": 0,
  "gen_ppl": 35.086066841194075,
  "max_tokens": 1025,
  "mean_tokens": 1022.8671875,
  "method": "duo",
  "min_tokens": 1013,
  "nfe": 64,
  "num_samples": 256,
  "rank_wasserstein": 0.5805067994309562,
  "rep_1": 0.6043848996141961,
  "rep_2": 0.21507071531257357,
  "rep_3": 0.08429190212504216,
  "source_entropy": 5.1271491050720215,
  "source_file": "/data/remote_cache/patrick/discrete_diffusion/gen-sample-candi-proj/duo-50k/samples_steps64_temp0.825.json",
  "source_gen_ppl": 35.07986831665039,
  "temperature": 0.824999988079071,
  "temperature_label": "0.825",
  "unigram_entropy": 5.127269326795302,
  "unique_1gram_corpus": 0.049382480313457114,
  "unique_1gram_sample": 0.39561510038580394,
  "unique_2gram_corpus": 0.23601097867720702,
  "unique_2gram_sample": 0.7849292846874264,
  "unique_3gram_corpus": 0.38860573501388984,
  "unique_3gram_sample": 0.9157080978749579,
  "unique_4gram_corpus": 0.45182047294761113,
  "unique_4gram_sample": 0.9665583788345559
}
