{
  "empty_samples": 0,
  "gen_ppl": 149.3185234313161,
  "max_tokens": 1026,
  "mean_tokens": 1021.484375,
  "method": "duo",
  "min_tokens": 1015,
  "nfe": 64,
  "num_samples": 256,
  "rank_wasserstein": 1.6559024284717732,
  "rep_1": 0.46106415803851786,
  "rep_2": 0.09243391021804624,
  "rep_3": 0.027040338225678286,
  "source_entropy": 5.701979160308838,
  "source_file": "/data/remote_cache/patrick/discrete_diffusion/gen-sample-candi-proj/duo-50k/samples_steps64_temp1.050.json",
  "source_gen_ppl": 149.29598999023438,
  "temperature": 1.0499999523162842,
  "temperature_label": "1.050",
  "unigram_entropy": 5.700763659522144,
  "unique_1gram_corpus": 0.07173996175908222,
  "unique_1gram_sample": 0.5389358419614818,
  "unique_2gram_corpus": 0.3339406838051783,
  "unique_2gram_sample": 0.907566089781954,
  "unique_3gram_corpus": 0.45690989624044015,
  "unique_3gram_sample": 0.9729596617743212,
  "unique_4gram_corpus": 0.48656474847736375,
  "unique_4gram_sample": 0.99337329622096
}
