{
  "empty_samples": 0,
  "gen_ppl": 20.241386423301638,
  "max_tokens": 1028,
  "mean_tokens": 1021.8984375,
  "method": "duo",
  "min_tokens": 987,
  "nfe": 32,
  "num_samples": 256,
  "rank_wasserstein": 0.21182586428572694,
  "rep_1": 0.6919330758145958,
  "rep_2": 0.35627800320624137,
  "rep_3": 0.1776046645697208,
  "source_entropy": 4.497930526733398,
  "source_file": "/data/remote_cache/patrick/discrete_diffusion/gen-sample-candi-proj/duo-50k/samples_steps32_temp0.675.json",
  "source_gen_ppl": 20.237829208374023,
  "temperature": 0.675000011920929,
  "temperature_label": "0.675",
  "unigram_entropy": 4.508404864496535,
  "unique_1gram_corpus": 0.04137137527426741,
  "unique_1gram_sample": 0.30806692418540427,
  "unique_2gram_corpus": 0.18080352018366175,
  "unique_2gram_sample": 0.6437219967937583,
  "unique_3gram_corpus": 0.32279562150030255,
  "unique_3gram_sample": 0.8223953354302794,
  "unique_4gram_corpus": 0.4096757374308958,
  "unique_4gram_sample": 0.9124670850162226
}
