{
  "empty_samples": 0,
  "gen_ppl": 53.51606646636567,
  "max_tokens": 1028,
  "mean_tokens": 1022.5625,
  "method": "duo",
  "min_tokens": 1012,
  "nfe": 64,
  "num_samples": 256,
  "rank_wasserstein": 0.8838596063709874,
  "rep_1": 0.5576951080817286,
  "rep_2": 0.16388024137074766,
  "rep_3": 0.056304583075011364,
  "source_entropy": 5.328734397888184,
  "source_file": "/data/remote_cache/patrick/discrete_diffusion/gen-sample-candi-proj/duo-50k/samples_steps64_temp0.900.json",
  "source_gen_ppl": 53.50680160522461,
  "temperature": 0.8999999761581421,
  "temperature_label": "0.900",
  "unigram_entropy": 5.329276391262646,
  "unique_1gram_corpus": 0.05492482122119675,
  "unique_1gram_sample": 0.44230489191827166,
  "unique_2gram_corpus": 0.266205261547874,
  "unique_2gram_sample": 0.8361197586292536,
  "unique_3gram_corpus": 0.4151050278645355,
  "unique_3gram_sample": 0.9436954169249882,
  "unique_4gram_corpus": 0.46711978176914115,
  "unique_4gram_sample": 0.9816135432253548
}
