{
  "empty_samples": 0,
  "gen_ppl": 94.22116825740588,
  "max_tokens": 1025,
  "mean_tokens": 1022.2109375,
  "method": "duo",
  "min_tokens": 1015,
  "nfe": 32,
  "num_samples": 256,
  "rank_wasserstein": 1.303264480754057,
  "rep_1": 0.5107964483735308,
  "rep_2": 0.12353579948501206,
  "rep_3": 0.039128670444887534,
  "source_entropy": 5.517961025238037,
  "source_file": "/data/remote_cache/patrick/discrete_diffusion/gen-sample-candi-proj/duo-50k/samples_steps32_temp0.975.json",
  "source_gen_ppl": 94.20597076416016,
  "temperature": 0.9750000238418579,
  "temperature_label": "0.975",
  "unigram_entropy": 5.517388648554843,
  "unique_1gram_corpus": 0.06316348600995085,
  "unique_1gram_sample": 0.4892035516264692,
  "unique_2gram_corpus": 0.2979879891366714,
  "unique_2gram_sample": 0.8764642005149875,
  "unique_3gram_corpus": 0.4367816091954023,
  "unique_3gram_sample": 0.9608713295551121,
  "unique_4gram_corpus": 0.47752550609770117,
  "unique_4gram_sample": 0.9893150952521409
}
