{
  "empty_samples": 0,
  "gen_ppl": 14.1969446975605,
  "max_tokens": 1021,
  "mean_tokens": 996.5078125,
  "method": "duo",
  "min_tokens": 960,
  "nfe": 8,
  "num_samples": 256,
  "rank_wasserstein": 0.16707515924981656,
  "rep_1": 0.8638776999032539,
  "rep_2": 0.6483294850240016,
  "rep_3": 0.4258744793766246,
  "source_entropy": 2.988564968109131,
  "source_file": "/data/remote_cache/patrick/discrete_diffusion/gen-sample-candi-proj/duo-50k/samples_steps8_temp0.600.json",
  "source_gen_ppl": 14.19447135925293,
  "temperature": 0.6000000238418579,
  "temperature_label": "0.600",
  "unigram_entropy": 3.127822330132448,
  "unique_1gram_corpus": 0.01620110855879517,
  "unique_1gram_sample": 0.1361223000967469,
  "unique_2gram_corpus": 0.06316656856974691,
  "unique_2gram_sample": 0.35167051497599955,
  "unique_3gram_corpus": 0.14195542707212266,
  "unique_3gram_sample": 0.5741255206233747,
  "unique_4gram_corpus": 0.23444786072077314,
  "unique_4gram_sample": 0.7560742429615729
}
