{
  "empty_samples": 0,
  "gen_ppl": 40.69044879877708,
  "max_tokens": 1025,
  "mean_tokens": 1021.53125,
  "method": "duo",
  "min_tokens": 1006,
  "nfe": 16,
  "num_samples": 256,
  "rank_wasserstein": 0.6861072258531744,
  "rep_1": 0.6145311653877027,
  "rep_2": 0.2265549527128219,
  "rep_3": 0.08367821790017212,
  "source_entropy": 4.974268436431885,
  "source_file": "/data/remote_cache/patrick/discrete_diffusion/gen-sample-candi-proj/duo-50k/samples_steps16_temp0.800.json",
  "source_gen_ppl": 40.683475494384766,
  "temperature": 0.800000011920929,
  "temperature_label": "0.800",
  "unigram_entropy": 4.983868775978208,
  "unique_1gram_corpus": 0.048514026124996175,
  "unique_1gram_sample": 0.3854688346122969,
  "unique_2gram_corpus": 0.225158465260128,
  "unique_2gram_sample": 0.7734450472871788,
  "unique_3gram_corpus": 0.3795287356321839,
  "unique_3gram_sample": 0.9163217820998273,
  "unique_4gram_corpus": 0.4502692295891756,
  "unique_4gram_sample": 0.9721683235135476
}
