{
  "empty_samples": 0,
  "gen_ppl": 3426.59503241168,
  "max_tokens": 1038,
  "mean_tokens": 1026.1796875,
  "method": "duo",
  "min_tokens": 1012,
  "nfe": 128,
  "num_samples": 256,
  "rank_wasserstein": 4.369801694538522,
  "rep_1": 0.21862869132802495,
  "rep_2": 0.018139791347641876,
  "rep_3": 0.004238550059434321,
  "source_entropy": 6.472706317901611,
  "source_file": "/data/remote_cache/patrick/discrete_diffusion/gen-sample-candi-proj/duo-50k/samples_steps128_temp1.325.json",
  "source_gen_ppl": 3426.477294921875,
  "temperature": 1.3249999284744263,
  "temperature_label": "1.325",
  "unigram_entropy": 6.477472978873381,
  "unique_1gram_corpus": 0.11647037327466102,
  "unique_1gram_sample": 0.7813713086719755,
  "unique_2gram_corpus": 0.4625408655494845,
  "unique_2gram_sample": 0.9818602086523591,
  "unique_3gram_corpus": 0.49434761051146114,
  "unique_3gram_sample": 0.9957614499405659,
  "unique_4gram_corpus": 0.4988432200477983,
  "unique_4gram_sample": 0.9991902875141953
}
