{
  "empty_samples": 0,
  "gen_ppl": 41.85323700180476,
  "max_tokens": 1024,
  "mean_tokens": 1011.4765625,
  "method": "duo",
  "min_tokens": 984,
  "nfe": 8,
  "num_samples": 256,
  "rank_wasserstein": 0.6821651471717691,
  "rep_1": 0.6869718438230116,
  "rep_2": 0.309788142315053,
  "rep_3": 0.11960221639502633,
  "source_entropy": 4.383473873138428,
  "source_file": "/data/remote_cache/patrick/discrete_diffusion/gen-sample-candi-proj/duo-50k/samples_steps8_temp0.750.json",
  "source_gen_ppl": 41.8469352722168,
  "temperature": 0.75,
  "temperature_label": "0.750",
  "unigram_entropy": 4.453462571135376,
  "unique_1gram_corpus": 0.03627123095103847,
  "unique_1gram_sample": 0.31302815617698865,
  "unique_2gram_corpus": 0.1678856665713115,
  "unique_2gram_sample": 0.6902118576849469,
  "unique_3gram_corpus": 0.3206411119624186,
  "unique_3gram_sample": 0.8803977836049732,
  "unique_4gram_corpus": 0.41939032420498124,
  "unique_4gram_sample": 0.963550107876006
}
