{
  "empty_samples": 0,
  "gen_ppl": 44.72632747658458,
  "max_tokens": 1026,
  "mean_tokens": 1022.21875,
  "method": "duo",
  "min_tokens": 1011,
  "nfe": 16,
  "num_samples": 256,
  "rank_wasserstein": 0.7557097411617996,
  "rep_1": 0.6008860808890407,
  "rep_2": 0.20758847081767223,
  "rep_3": 0.0746755949608917,
  "source_entropy": 5.074095726013184,
  "source_file": "/data/remote_cache/patrick/discrete_diffusion/gen-sample-candi-proj/duo-50k/samples_steps16_temp0.825.json",
  "source_gen_ppl": 44.71870803833008,
  "temperature": 0.824999988079071,
  "temperature_label": "0.825",
  "unigram_entropy": 5.078811451644829,
  "unique_1gram_corpus": 0.04852725382898719,
  "unique_1gram_sample": 0.39911391911095956,
  "unique_2gram_corpus": 0.23193411671103767,
  "unique_2gram_sample": 0.7924115291823275,
  "unique_3gram_corpus": 0.38638312861824975,
  "unique_3gram_sample": 0.9253244050391072,
  "unique_4gram_corpus": 0.4537367775563391,
  "unique_4gram_sample": 0.9759738215898498
}
