{
  "empty_samples": 0,
  "gen_ppl": 77.04849969417971,
  "max_tokens": 1026,
  "mean_tokens": 1022.4609375,
  "method": "duo",
  "min_tokens": 1016,
  "nfe": 32,
  "num_samples": 256,
  "rank_wasserstein": 1.1502615243662944,
  "rep_1": 0.528174744165612,
  "rep_2": 0.13802858934662834,
  "rep_3": 0.04462873031938814,
  "source_entropy": 5.445187568664551,
  "source_file": "/data/remote_cache/patrick/discrete_diffusion/gen-sample-candi-proj/duo-50k/samples_steps32_temp0.950.json",
  "source_gen_ppl": 77.03565216064453,
  "temperature": 0.949999988079071,
  "temperature_label": "0.950",
  "unigram_entropy": 5.445298715773872,
  "unique_1gram_corpus": 0.05998089780324738,
  "unique_1gram_sample": 0.47182525583438795,
  "unique_2gram_corpus": 0.285463528799896,
  "unique_2gram_sample": 0.8619714106533718,
  "unique_3gram_corpus": 0.42803879986831933,
  "unique_3gram_sample": 0.9553712696806114,
  "unique_4gram_corpus": 0.47355756335685983,
  "unique_4gram_sample": 0.9872200283832514
}
