{
  "empty_samples": 0,
  "gen_ppl": 947.9109563392662,
  "max_tokens": 1029,
  "mean_tokens": 1022.0078125,
  "method": "duo",
  "min_tokens": 1013,
  "nfe": 16,
  "num_samples": 256,
  "rank_wasserstein": 3.1696092848128825,
  "rep_1": 0.33128676613459446,
  "rep_2": 0.03915448731369214,
  "rep_3": 0.00881607885988293,
  "source_entropy": 6.130379676818848,
  "source_file": "/data/remote_cache/patrick/discrete_diffusion/gen-sample-candi-proj/duo-50k/samples_steps16_temp1.200.json",
  "source_gen_ppl": 947.8485107421875,
  "temperature": 1.2000000476837158,
  "temperature_label": "1.200",
  "unigram_entropy": 6.13468355204015,
  "unique_1gram_corpus": 0.09237331539478814,
  "unique_1gram_sample": 0.6687132338654049,
  "unique_2gram_corpus": 0.4087451889600502,
  "unique_2gram_sample": 0.9608455126863079,
  "unique_3gram_corpus": 0.48374323113333995,
  "unique_3gram_sample": 0.9911839211401179,
  "unique_4gram_corpus": 0.4963276164774252,
  "unique_4gram_sample": 0.998879987573324
}
