{
  "empty_samples": 0,
  "gen_ppl": 311.8521437534044,
  "max_tokens": 1026,
  "mean_tokens": 1020.6015625,
  "method": "duo",
  "min_tokens": 1012,
  "nfe": 8,
  "num_samples": 256,
  "rank_wasserstein": 2.2301242461642112,
  "rep_1": 0.4478125174898123,
  "rep_2": 0.08000005426727624,
  "rep_3": 0.02159725001350609,
  "source_entropy": 5.725027084350586,
  "source_file": "/data/remote_cache/patrick/discrete_diffusion/gen-sample-candi-proj/duo-50k/samples_steps8_temp1.050.json",
  "source_gen_ppl": 311.8211364746094,
  "temperature": 1.0499999523162842,
  "temperature_label": "1.050",
  "unigram_entropy": 5.7332497289163,
  "unique_1gram_corpus": 0.07022512764377627,
  "unique_1gram_sample": 0.5521874825101878,
  "unique_2gram_corpus": 0.33828701468864214,
  "unique_2gram_sample": 0.9199999457327238,
  "unique_3gram_corpus": 0.4603201386705118,
  "unique_3gram_sample": 0.9784027499864942,
  "unique_4gram_corpus": 0.4882805002571918,
  "unique_4gram_sample": 0.9962228766784458
}
