{
  "empty_samples": 0,
  "gen_ppl": 20.53768183866557,
  "max_tokens": 1035,
  "mean_tokens": 1022.4375,
  "method": "duo",
  "min_tokens": 1000,
  "nfe": 64,
  "num_samples": 256,
  "rank_wasserstein": 0.2253922428656093,
  "rep_1": 0.6729881170628286,
  "rep_2": 0.32887900502862777,
  "rep_3": 0.16508210996553163,
  "source_entropy": 4.657693862915039,
  "source_file": "/data/remote_cache/patrick/discrete_diffusion/gen-sample-candi-proj/duo-50k/samples_steps64_temp0.700.json",
  "source_gen_ppl": 20.53411293029785,
  "temperature": 0.7000000476837158,
  "temperature_label": "0.700",
  "unigram_entropy": 4.665447388306938,
  "unique_1gram_corpus": 0.043374442203068644,
  "unique_1gram_sample": 0.32701188293717187,
  "unique_2gram_corpus": 0.1941274551795876,
  "unique_2gram_sample": 0.6711209949713725,
  "unique_3gram_corpus": 0.33853815765296746,
  "unique_3gram_sample": 0.834917890034468,
  "unique_4gram_corpus": 0.4166781619765802,
  "unique_4gram_sample": 0.9147104328585636
}
