{
  "empty_samples": 0,
  "gen_ppl": 56.88609084007197,
  "max_tokens": 1027,
  "mean_tokens": 1022.765625,
  "method": "duo",
  "min_tokens": 1014,
  "nfe": 128,
  "num_samples": 256,
  "rank_wasserstein": 0.9258204038050866,
  "rep_1": 0.5521747576797226,
  "rep_2": 0.155577664995312,
  "rep_3": 0.05209568282897119,
  "source_entropy": 5.365786552429199,
  "source_file": "/data/remote_cache/patrick/discrete_diffusion/gen-sample-candi-proj/duo-50k/samples_steps128_temp0.925.json",
  "source_gen_ppl": 56.87624740600586,
  "temperature": 0.925000011920929,
  "temperature_label": "0.925",
  "unigram_entropy": 5.364956705305545,
  "unique_1gram_corpus": 0.056017691003254044,
  "unique_1gram_sample": 0.4478252423202777,
  "unique_2gram_corpus": 0.27247947027969355,
  "unique_2gram_sample": 0.844422335004688,
  "unique_3gram_corpus": 0.4205559552419293,
  "unique_3gram_sample": 0.9479043171710289,
  "unique_4gram_corpus": 0.46965065502183406,
  "unique_4gram_sample": 0.9838114115182702
}
