{
  "empty_samples": 0,
  "gen_ppl": 2877.964015199685,
  "max_tokens": 1033,
  "mean_tokens": 1024.5625,
  "method": "duo",
  "min_tokens": 1017,
  "nfe": 8,
  "num_samples": 256,
  "rank_wasserstein": 4.175879245528624,
  "rep_1": 0.2608188381038603,
  "rep_2": 0.021590631263034153,
  "rep_3": 0.0037064573449571755,
  "source_entropy": 6.339602470397949,
  "source_file": "/data/remote_cache/patrick/discrete_diffusion/gen-sample-candi-proj/duo-50k/samples_steps8_temp1.250.json",
  "source_gen_ppl": 2877.883544921875,
  "temperature": 1.25,
  "temperature_label": "1.250",
  "unigram_entropy": 6.34860647484366,
  "unique_1gram_corpus": 0.10391249313731471,
  "unique_1gram_sample": 0.7391811618961407,
  "unique_2gram_corpus": 0.4433389814984429,
  "unique_2gram_sample": 0.9784093687369649,
  "unique_3gram_corpus": 0.49166462930138743,
  "unique_3gram_sample": 0.9962935426550433,
  "unique_4gram_corpus": 0.49849724686448454,
  "unique_4gram_sample": 0.999678822574667
}
