{
  "empty_samples": 0,
  "gen_ppl": 18.81637599424331,
  "max_tokens": 1031,
  "mean_tokens": 1022.359375,
  "method": "duo",
  "min_tokens": 1005,
  "nfe": 64,
  "num_samples": 256,
  "rank_wasserstein": 0.16321092104085183,
  "rep_1": 0.6876881480796909,
  "rep_2": 0.3522645583728104,
  "rep_3": 0.18163299406662503,
  "source_entropy": 4.572874546051025,
  "source_file": "/data/remote_cache/patrick/discrete_diffusion/gen-sample-candi-proj/duo-50k/samples_steps64_temp0.675.json",
  "source_gen_ppl": 18.8131046295166,
  "temperature": 0.675000011920929,
  "temperature_label": "0.675",
  "unigram_entropy": 4.578825184499486,
  "unique_1gram_corpus": 0.042044290932432636,
  "unique_1gram_sample": 0.3123118519203094,
  "unique_2gram_corpus": 0.18759465785488091,
  "unique_2gram_sample": 0.6477354416271895,
  "unique_3gram_corpus": 0.330811754437009,
  "unique_3gram_sample": 0.818367005933375,
  "unique_4gram_corpus": 0.4120886279679333,
  "unique_4gram_sample": 0.9039309799915809
}
