{
  "empty_samples": 0,
  "gen_ppl": 38.39528379635255,
  "max_tokens": 1026,
  "mean_tokens": 1023.046875,
  "method": "duo",
  "min_tokens": 1017,
  "nfe": 128,
  "num_samples": 256,
  "rank_wasserstein": 0.6450295972394297,
  "rep_1": 0.5924440289280357,
  "rep_2": 0.20151438687444123,
  "rep_3": 0.07753612910000396,
  "source_entropy": 5.196493625640869,
  "source_file": "/data/remote_cache/patrick/discrete_diffusion/gen-sample-candi-proj/duo-50k/samples_steps128_temp0.850.json",
  "source_gen_ppl": 38.38857650756836,
  "temperature": 0.8500000238418579,
  "temperature_label": "0.850",
  "unigram_entropy": 5.196717378760591,
  "unique_1gram_corpus": 0.05088583428789614,
  "unique_1gram_sample": 0.4075559710719642,
  "unique_2gram_corpus": 0.2475539282383697,
  "unique_2gram_sample": 0.7984856131255594,
  "unique_3gram_corpus": 0.39797542350834775,
  "unique_3gram_sample": 0.9224638708999958,
  "unique_4gram_corpus": 0.4567843083191643,
  "unique_4gram_sample": 0.9701756255642018
}
