{
  "empty_samples": 0,
  "gen_ppl": 23.33760176455388,
  "max_tokens": 1034,
  "mean_tokens": 1022.9296875,
  "method": "duo",
  "min_tokens": 1014,
  "nfe": 64,
  "num_samples": 256,
  "rank_wasserstein": 0.3048403992493639,
  "rep_1": 0.6556666514726975,
  "rep_2": 0.29547139794448807,
  "rep_3": 0.13477085572344405,
  "source_entropy": 4.802014350891113,
  "source_file": "/data/remote_cache/patrick/discrete_diffusion/gen-sample-candi-proj/duo-50k/samples_steps64_temp0.725.json",
  "source_gen_ppl": 23.333518981933594,
  "temperature": 0.7250000238418579,
  "temperature_label": "0.725",
  "unigram_entropy": 4.805003753552968,
  "unique_1gram_corpus": 0.04533165311032192,
  "unique_1gram_sample": 0.3443333485273034,
  "unique_2gram_corpus": 0.20562737468178308,
  "unique_2gram_sample": 0.7045286020555132,
  "unique_3gram_corpus": 0.35356101592451733,
  "unique_3gram_sample": 0.8652291442765557,
  "unique_4gram_corpus": 0.42884007016415043,
  "unique_4gram_sample": 0.9367192935895704
}
