{
  "empty_samples": 0,
  "gen_ppl": 61.537251568559576,
  "max_tokens": 1024,
  "mean_tokens": 1017.9296875,
  "method": "duo",
  "min_tokens": 990,
  "nfe": 8,
  "num_samples": 256,
  "rank_wasserstein": 0.9741398335427001,
  "rep_1": 0.6191243200835823,
  "rep_2": 0.21453151310186958,
  "rep_3": 0.07102725814051533,
  "source_entropy": 4.896521091461182,
  "source_file": "/data/remote_cache/patrick/discrete_diffusion/gen-sample-candi-proj/duo-50k/samples_steps8_temp0.825.json",
  "source_gen_ppl": 61.52804183959961,
  "temperature": 0.824999988079071,
  "temperature_label": "0.825",
  "unigram_entropy": 4.928977188649306,
  "unique_1gram_corpus": 0.04574619133504739,
  "unique_1gram_sample": 0.3808756799164179,
  "unique_2gram_corpus": 0.2189302972335538,
  "unique_2gram_sample": 0.7854684868981305,
  "unique_3gram_corpus": 0.3797091641738248,
  "unique_3gram_sample": 0.928972741859485,
  "unique_4gram_corpus": 0.45468820962043244,
  "unique_4gram_sample": 0.9802819703005695
}
