{
  "empty_samples": 0,
  "gen_ppl": 12.539366279485614,
  "max_tokens": 1027,
  "mean_tokens": 1021.875,
  "method": "duo",
  "min_tokens": 987,
  "nfe": 128,
  "num_samples": 256,
  "rank_wasserstein": 0.08960682476120423,
  "rep_1": 0.7469516002631126,
  "rep_2": 0.46585079061875667,
  "rep_3": 0.2936208621502169,
  "source_entropy": 4.143775939941406,
  "source_file": "/data/remote_cache/patrick/discrete_diffusion/gen-sample-candi-proj/duo-50k/samples_steps128_temp0.625.json",
  "source_gen_ppl": 12.537174224853516,
  "temperature": 0.625,
  "temperature_label": "0.625",
  "unigram_entropy": 4.152145945957363,
  "unique_1gram_corpus": 0.03763761467889908,
  "unique_1gram_sample": 0.25304839973688725,
  "unique_2gram_corpus": 0.15661733194563487,
  "unique_2gram_sample": 0.5341492093812433,
  "unique_3gram_corpus": 0.2817708971687707,
  "unique_3gram_sample": 0.7063791378497835,
  "unique_4gram_corpus": 0.3641155993129677,
  "unique_4gram_sample": 0.8094175875785099
}
