{
  "empty_samples": 0,
  "gen_ppl": 33.20256387202704,
  "max_tokens": 1025,
  "mean_tokens": 1020.9609375,
  "method": "duo",
  "min_tokens": 1006,
  "nfe": 16,
  "num_samples": 256,
  "rank_wasserstein": 0.5462490735944835,
  "rep_1": 0.647147753597241,
  "rep_2": 0.2741636862237449,
  "rep_3": 0.10943765116244424,
  "source_entropy": 4.727524280548096,
  "source_file": "/data/remote_cache/patrick/discrete_diffusion/gen-sample-candi-proj/duo-50k/samples_steps16_temp0.750.json",
  "source_gen_ppl": 33.19687271118164,
  "temperature": 0.75,
  "temperature_label": "0.750",
  "unigram_entropy": 4.743830743369786,
  "unique_1gram_corpus": 0.04500202780774852,
  "unique_1gram_sample": 0.3528522464027588,
  "unique_2gram_corpus": 0.20281490559534296,
  "unique_2gram_sample": 0.7258363137762555,
  "unique_3gram_corpus": 0.35426713793923037,
  "unique_3gram_sample": 0.8905623488375553,
  "unique_4gram_corpus": 0.436841418583412,
  "unique_4gram_sample": 0.9603305183400188
}
