{
  "empty_samples": 0,
  "gen_ppl": 534.274580862564,
  "max_tokens": 1033,
  "mean_tokens": 1021.6640625,
  "method": "duo",
  "min_tokens": 1013,
  "nfe": 64,
  "num_samples": 256,
  "rank_wasserstein": 2.6914735625028494,
  "rep_1": 0.36294225177394995,
  "rep_2": 0.05020171230164277,
  "rep_3": 0.013361418935859598,
  "source_entropy": 6.0433759689331055,
  "source_file": "/data/remote_cache/patrick/discrete_diffusion/gen-sample-candi-proj/duo-50k/samples_steps64_temp1.175.json",
  "source_gen_ppl": 534.22265625,
  "temperature": 1.1749999523162842,
  "temperature_label": "1.175",
  "unigram_entropy": 6.043918233874483,
  "unique_1gram_corpus": 0.09030916167710461,
  "unique_1gram_sample": 0.6370577482260503,
  "unique_2gram_corpus": 0.3955796241723755,
  "unique_2gram_sample": 0.9497982876983565,
  "unique_3gram_corpus": 0.4788571603699135,
  "unique_3gram_sample": 0.9866385810641403,
  "unique_4gram_corpus": 0.49443204564802246,
  "unique_4gram_sample": 0.997522093682553
}
