{
  "empty_samples": 0,
  "gen_ppl": 8345.725032733586,
  "max_tokens": 1044,
  "mean_tokens": 1028.453125,
  "method": "duo",
  "min_tokens": 1013,
  "nfe": 128,
  "num_samples": 256,
  "rank_wasserstein": 5.258491467359504,
  "rep_1": 0.15079454108296858,
  "rep_2": 0.00802025981993039,
  "rep_3": 0.0014469917002933302,
  "source_entropy": 6.6489105224609375,
  "source_file": "/data/remote_cache/patrick/discrete_diffusion/gen-sample-candi-proj/duo-50k/samples_steps128_temp1.400.json",
  "source_gen_ppl": 8345.57421875,
  "temperature": 1.399999976158142,
  "temperature_label": "1.400",
  "unigram_entropy": 6.654688739790431,
  "unique_1gram_corpus": 0.12763783594901323,
  "unique_1gram_sample": 0.8492054589170304,
  "unique_2gram_corpus": 0.4836595343461533,
  "unique_2gram_sample": 0.9919797401800707,
  "unique_3gram_corpus": 0.4977889577276118,
  "unique_3gram_sample": 0.9985530082997072,
  "unique_4gram_corpus": 0.4996038336710905,
  "unique_4gram_sample": 0.9996645005574822
}
