{
  "empty_samples": 0,
  "gen_ppl": 44.91216879141831,
  "max_tokens": 1027,
  "mean_tokens": 1022.6328125,
  "method": "duo",
  "min_tokens": 1017,
  "nfe": 32,
  "num_samples": 256,
  "rank_wasserstein": 0.7597331142457201,
  "rep_1": 0.5856390878212645,
  "rep_2": 0.1942631748929297,
  "rep_3": 0.07075773899228405,
  "source_entropy": 5.196991443634033,
  "source_file": "/data/remote_cache/patrick/discrete_diffusion/gen-sample-candi-proj/duo-50k/samples_steps32_temp0.850.json",
  "source_gen_ppl": 44.90441131591797,
  "temperature": 0.8500000238418579,
  "temperature_label": "0.850",
  "unigram_entropy": 5.197605408549819,
  "unique_1gram_corpus": 0.051613100376632005,
  "unique_1gram_sample": 0.4143609121787353,
  "unique_2gram_corpus": 0.24502749122498452,
  "unique_2gram_sample": 0.8057368251070705,
  "unique_3gram_corpus": 0.39714561278618504,
  "unique_3gram_sample": 0.9292422610077161,
  "unique_4gram_corpus": 0.4572533004375043,
  "unique_4gram_sample": 0.9743658774148081
}
