{
  "empty_samples": 0,
  "gen_ppl": 858.724719876874,
  "max_tokens": 1028,
  "mean_tokens": 1021.5,
  "method": "duo",
  "min_tokens": 1012,
  "nfe": 8,
  "num_samples": 256,
  "rank_wasserstein": 3.079643244796275,
  "rep_1": 0.3620183683311037,
  "rep_2": 0.04707498009615675,
  "rep_3": 0.010947497334677118,
  "source_entropy": 6.0243048667907715,
  "source_file": "/data/remote_cache/patrick/discrete_diffusion/gen-sample-candi-proj/duo-50k/samples_steps8_temp1.150.json",
  "source_gen_ppl": 858.671875,
  "temperature": 1.149999976158142,
  "temperature_label": "1.150",
  "unigram_entropy": 6.031478325552527,
  "unique_1gram_corpus": 0.08610958149779736,
  "unique_1gram_sample": 0.6379816316688962,
  "unique_2gram_corpus": 0.39300587947084764,
  "unique_2gram_sample": 0.9529250199038427,
  "unique_3gram_corpus": 0.47911813388916136,
  "unique_3gram_sample": 0.9890525026653229,
  "unique_4gram_corpus": 0.49487987849779086,
  "unique_4gram_sample": 0.998865325976112
}
