{
  "empty_samples": 0,
  "gen_ppl": 30.992317060084876,
  "max_tokens": 1025,
  "mean_tokens": 1023.0234375,
  "method": "duo",
  "min_tokens": 1016,
  "nfe": 64,
  "num_samples": 256,
  "rank_wasserstein": 0.5015794513369273,
  "rep_1": 0.6144434166426707,
  "rep_2": 0.234179178333672,
  "rep_3": 0.09631770755133645,
  "source_entropy": 5.060287952423096,
  "source_file": "/data/remote_cache/patrick/discrete_diffusion/gen-sample-candi-proj/duo-50k/samples_steps64_temp0.800.json",
  "source_gen_ppl": 30.986881256103516,
  "temperature": 0.800000011920929,
  "temperature_label": "0.800",
  "unigram_entropy": 5.0604006091059865,
  "unique_1gram_corpus": 0.04762232048080521,
  "unique_1gram_sample": 0.38555658335732884,
  "unique_2gram_corpus": 0.22733318554644202,
  "unique_2gram_sample": 0.7658208216663281,
  "unique_3gram_corpus": 0.3789893718771759,
  "unique_3gram_sample": 0.9036822924486643,
  "unique_4gram_corpus": 0.4454248140744315,
  "unique_4gram_sample": 0.9591032848201958
}
