{
  "empty_samples": 0,
  "gen_ppl": 28.010012048400338,
  "max_tokens": 1024,
  "mean_tokens": 1020.1171875,
  "method": "duo",
  "min_tokens": 997,
  "nfe": 16,
  "num_samples": 256,
  "rank_wasserstein": 0.4281319999639278,
  "rep_1": 0.6705423716823474,
  "rep_2": 0.3107708073758455,
  "rep_3": 0.13666931872385654,
  "source_entropy": 4.595680236816406,
  "source_file": "/data/remote_cache/patrick/discrete_diffusion/gen-sample-candi-proj/duo-50k/samples_steps16_temp0.725.json",
  "source_gen_ppl": 28.005163192749023,
  "temperature": 0.7250000238418579,
  "temperature_label": "0.725",
  "unigram_entropy": 4.6151197674518984,
  "unique_1gram_corpus": 0.04222094581658051,
  "unique_1gram_sample": 0.32945762831765196,
  "unique_2gram_corpus": 0.18914195037064863,
  "unique_2gram_sample": 0.689229192624154,
  "unique_3gram_corpus": 0.3368541808945741,
  "unique_3gram_sample": 0.8633306812761432,
  "unique_4gram_corpus": 0.42288253412294247,
  "unique_4gram_sample": 0.9440717695488
}
