{
  "empty_samples": 0,
  "gen_ppl": 68.71233519670032,
  "max_tokens": 1027,
  "mean_tokens": 1022.453125,
  "method": "duo",
  "min_tokens": 1012,
  "nfe": 128,
  "num_samples": 256,
  "rank_wasserstein": 1.066589129195746,
  "rep_1": 0.5348389445672235,
  "rep_2": 0.14541118946346177,
  "rep_3": 0.04881163567277677,
  "source_entropy": 5.432730197906494,
  "source_file": "/data/remote_cache/patrick/discrete_diffusion/gen-sample-candi-proj/duo-50k/samples_steps128_temp0.950.json",
  "source_gen_ppl": 68.70072174072266,
  "temperature": 0.949999988079071,
  "temperature_label": "0.950",
  "unigram_entropy": 5.432495217519191,
  "unique_1gram_corpus": 0.06059263108027568,
  "unique_1gram_sample": 0.4651610554327763,
  "unique_2gram_corpus": 0.28642941275450107,
  "unique_2gram_sample": 0.8545888105365376,
  "unique_3gram_corpus": 0.4289301627647032,
  "unique_3gram_sample": 0.9511883643272232,
  "unique_4gram_corpus": 0.47393670013027817,
  "unique_4gram_sample": 0.9848274040730404
}
