{
  "empty_samples": 0,
  "gen_ppl": 1983.9639281483715,
  "max_tokens": 1034,
  "mean_tokens": 1023.0546875,
  "method": "duo",
  "min_tokens": 1014,
  "nfe": 64,
  "num_samples": 256,
  "rank_wasserstein": 3.846526975116027,
  "rep_1": 0.2593048709688268,
  "rep_2": 0.02444191551633255,
  "rep_3": 0.005743094116083402,
  "source_entropy": 6.355684280395508,
  "source_file": "/data/remote_cache/patrick/discrete_diffusion/gen-sample-candi-proj/duo-50k/samples_steps64_temp1.275.json",
  "source_gen_ppl": 1983.864501953125,
  "temperature": 1.274999976158142,
  "temperature_label": "1.275",
  "unigram_entropy": 6.358414538567863,
  "unique_1gram_corpus": 0.1078418645142076,
  "unique_1gram_sample": 0.7406951290311733,
  "unique_2gram_corpus": 0.445667046314486,
  "unique_2gram_sample": 0.9755580844836668,
  "unique_3gram_corpus": 0.49130418149125826,
  "unique_3gram_sample": 0.9942569058839175,
  "unique_4gram_corpus": 0.4982307933857713,
  "unique_4gram_sample": 0.9991111882454691
}
