{
  "empty_samples": 0,
  "gen_ppl": 647.020753517448,
  "max_tokens": 1027,
  "mean_tokens": 1021.34375,
  "method": "duo",
  "min_tokens": 1015,
  "nfe": 8,
  "num_samples": 256,
  "rank_wasserstein": 2.8309554937869366,
  "rep_1": 0.3859400273972551,
  "rep_2": 0.05392438864670217,
  "rep_3": 0.012515904577876904,
  "source_entropy": 5.951740264892578,
  "source_file": "/data/remote_cache/patrick/discrete_diffusion/gen-sample-candi-proj/duo-50k/samples_steps8_temp1.125.json",
  "source_gen_ppl": 646.9744262695312,
  "temperature": 1.125,
  "temperature_label": "1.125",
  "unigram_entropy": 5.959550455373416,
  "unique_1gram_corpus": 0.08135345592509867,
  "unique_1gram_sample": 0.6140599726027449,
  "unique_2gram_corpus": 0.37822348473247375,
  "unique_2gram_sample": 0.9460756113532978,
  "unique_3gram_corpus": 0.47550507373003464,
  "unique_3gram_sample": 0.9874840954221232,
  "unique_4gram_corpus": 0.49385874735323904,
  "unique_4gram_sample": 0.9981507613056517
}
