{
  "empty_samples": 0,
  "gen_ppl": 245.021926089116,
  "max_tokens": 1026,
  "mean_tokens": 1020.859375,
  "method": "duo",
  "min_tokens": 1014,
  "nfe": 8,
  "num_samples": 256,
  "rank_wasserstein": 2.034123225523832,
  "rep_1": 0.47027016040137015,
  "rep_2": 0.08943969237360999,
  "rep_3": 0.023973980868988214,
  "source_entropy": 5.648245334625244,
  "source_file": "/data/remote_cache/patrick/discrete_diffusion/gen-sample-candi-proj/duo-50k/samples_steps8_temp1.025.json",
  "source_gen_ppl": 244.99537658691406,
  "temperature": 1.024999976158142,
  "temperature_label": "1.025",
  "unigram_entropy": 5.658511096184106,
  "unique_1gram_corpus": 0.06721512206321267,
  "unique_1gram_sample": 0.5297298395986297,
  "unique_2gram_corpus": 0.3242826063642353,
  "unique_2gram_sample": 0.9105603076263901,
  "unique_3gram_corpus": 0.45290766328768384,
  "unique_3gram_sample": 0.9760260191310116,
  "unique_4gram_corpus": 0.48564312358964123,
  "unique_4gram_sample": 0.9959947001444689
}
