{
  "empty_samples": 0,
  "gen_ppl": 39.59143797592151,
  "max_tokens": 1028,
  "mean_tokens": 1022.6875,
  "method": "duo",
  "min_tokens": 1015,
  "nfe": 32,
  "num_samples": 256,
  "rank_wasserstein": 0.6717599868369084,
  "rep_1": 0.5899769747113094,
  "rep_2": 0.20436808733197245,
  "rep_3": 0.07585566732582806,
  "source_entropy": 5.14990234375,
  "source_file": "/data/remote_cache/patrick/discrete_diffusion/gen-sample-candi-proj/duo-50k/samples_steps32_temp0.825.json",
  "source_gen_ppl": 39.58456802368164,
  "temperature": 0.824999988079071,
  "temperature_label": "0.825",
  "unigram_entropy": 5.1513823105184455,
  "unique_1gram_corpus": 0.05067072052802053,
  "unique_1gram_sample": 0.410023025288691,
  "unique_2gram_corpus": 0.23961200831956933,
  "unique_2gram_sample": 0.795631912668028,
  "unique_3gram_corpus": 0.3909818749617292,
  "unique_3gram_sample": 0.9241443326741717,
  "unique_4gram_corpus": 0.4529190928593319,
  "unique_4gram_sample": 0.9723214825848447
}
