{
  "empty_samples": 0,
  "gen_ppl": 98.94751178677105,
  "max_tokens": 1026,
  "mean_tokens": 1021.65625,
  "method": "duo",
  "min_tokens": 996,
  "nfe": 128,
  "num_samples": 256,
  "rank_wasserstein": 1.339460535929266,
  "rep_1": 0.4974304189540156,
  "rep_2": 0.11868264840354183,
  "rep_3": 0.03938782233888357,
  "source_entropy": 5.5683512687683105,
  "source_file": "/data/remote_cache/patrick/discrete_diffusion/gen-sample-candi-proj/duo-50k/samples_steps128_temp1.000.json",
  "source_gen_ppl": 98.93134307861328,
  "temperature": 1.0,
  "temperature_label": "1.000",
  "unigram_entropy": 5.568998674350793,
  "unique_1gram_corpus": 0.06580919462881962,
  "unique_1gram_sample": 0.5025695810459845,
  "unique_2gram_corpus": 0.3118895624751232,
  "unique_2gram_sample": 0.8813173515964591,
  "unique_3gram_corpus": 0.44264687854362683,
  "unique_3gram_sample": 0.960612177661116,
  "unique_4gram_corpus": 0.47983326686504896,
  "unique_4gram_sample": 0.9877921358361053
}
