{
  "empty_samples": 0,
  "gen_ppl": 26.012601200682276,
  "max_tokens": 1024,
  "mean_tokens": 1019.546875,
  "method": "duo",
  "min_tokens": 1005,
  "nfe": 16,
  "num_samples": 256,
  "rank_wasserstein": 0.37973149540555523,
  "rep_1": 0.6833919006243246,
  "rep_2": 0.33169218248359483,
  "rep_3": 0.15025062320151752,
  "source_entropy": 4.467959880828857,
  "source_file": "/data/remote_cache/patrick/discrete_diffusion/gen-sample-candi-proj/duo-50k/samples_steps16_temp0.700.json",
  "source_gen_ppl": 26.00807762145996,
  "temperature": 0.7000000476837158,
  "temperature_label": "0.700",
  "unigram_entropy": 4.492463219398125,
  "unique_1gram_corpus": 0.04122159047370921,
  "unique_1gram_sample": 0.316608099375676,
  "unique_2gram_corpus": 0.18043091413932225,
  "unique_2gram_sample": 0.6683078175164046,
  "unique_3gram_corpus": 0.32603688405018194,
  "unique_3gram_sample": 0.8497493767984825,
  "unique_4gram_corpus": 0.41608001967444935,
  "unique_4gram_sample": 0.9369884473387581
}
