{
  "empty_samples": 0,
  "gen_ppl": 48.668138008091105,
  "max_tokens": 1025,
  "mean_tokens": 1022.359375,
  "method": "duo",
  "min_tokens": 1013,
  "nfe": 128,
  "num_samples": 256,
  "rank_wasserstein": 0.8122707102435054,
  "rep_1": 0.5711820506719197,
  "rep_2": 0.17862478405021356,
  "rep_3": 0.06583597627563495,
  "source_entropy": 5.294356346130371,
  "source_file": "/data/remote_cache/patrick/discrete_diffusion/gen-sample-candi-proj/duo-50k/samples_steps128_temp0.900.json",
  "source_gen_ppl": 48.65970230102539,
  "temperature": 0.8999999761581421,
  "temperature_label": "0.900",
  "unigram_entropy": 5.293756949320246,
  "unique_1gram_corpus": 0.0549586587397411,
  "unique_1gram_sample": 0.4288179493280796,
  "unique_2gram_corpus": 0.2648278183181116,
  "unique_2gram_sample": 0.8213752159497865,
  "unique_3gram_corpus": 0.4118570356645177,
  "unique_3gram_sample": 0.9341640237243641,
  "unique_4gram_corpus": 0.4641931973206211,
  "unique_4gram_sample": 0.9757884788627236
}
