{
  "empty_samples": 0,
  "gen_ppl": 4797.263596417779,
  "max_tokens": 1038,
  "mean_tokens": 1025.8359375,
  "method": "duo",
  "min_tokens": 1014,
  "nfe": 128,
  "num_samples": 256,
  "rank_wasserstein": 4.689666522528912,
  "rep_1": 0.1925188418768102,
  "rep_2": 0.012837297815447254,
  "rep_3": 0.002664822580064734,
  "source_entropy": 6.547144889831543,
  "source_file": "/data/remote_cache/patrick/discrete_diffusion/gen-sample-candi-proj/duo-50k/samples_steps128_temp1.350.json",
  "source_gen_ppl": 4797.13818359375,
  "temperature": 1.350000023841858,
  "temperature_label": "1.350",
  "unigram_entropy": 6.552088498211545,
  "unique_1gram_corpus": 0.12058382264464194,
  "unique_1gram_sample": 0.8074811581231895,
  "unique_2gram_corpus": 0.47281958240267113,
  "unique_2gram_sample": 0.9871627021845523,
  "unique_3gram_corpus": 0.49621139861580604,
  "unique_3gram_sample": 0.9973351774199349,
  "unique_4gram_corpus": 0.49926292553638396,
  "unique_4gram_sample": 0.9995261719093282
}
