{
  "empty_samples": 0,
  "gen_ppl": 5509.966791446695,
  "max_tokens": 1040,
  "mean_tokens": 1027.0234375,
  "method": "duo",
  "min_tokens": 1017,
  "nfe": 32,
  "num_samples": 256,
  "rank_wasserstein": 4.829476023703709,
  "rep_1": 0.1845381434828729,
  "rep_2": 0.012330126303642972,
  "rep_3": 0.0024806542844847106,
  "source_entropy": 6.558043956756592,
  "source_file": "/data/remote_cache/patrick/discrete_diffusion/gen-sample-candi-proj/duo-50k/samples_steps32_temp1.350.json",
  "source_gen_ppl": 5509.83154296875,
  "temperature": 1.350000023841858,
  "temperature_label": "1.350",
  "unigram_entropy": 6.56455580760479,
  "unique_1gram_corpus": 0.11960763431944561,
  "unique_1gram_sample": 0.8154618565171267,
  "unique_2gram_corpus": 0.4716784308350656,
  "unique_2gram_sample": 0.9876698736963571,
  "unique_3gram_corpus": 0.4962234095256968,
  "unique_3gram_sample": 0.9975193457155149,
  "unique_4gram_corpus": 0.4993095555979401,
  "unique_4gram_sample": 0.9995328716983457
}
