{
  "empty_samples": 0,
  "gen_ppl": 963.4822875269003,
  "max_tokens": 1031,
  "mean_tokens": 1022.265625,
  "method": "duo",
  "min_tokens": 1001,
  "nfe": 64,
  "num_samples": 256,
  "rank_wasserstein": 3.201791935562261,
  "rep_1": 0.316972327850678,
  "rep_2": 0.03642418853790617,
  "rep_3": 0.009199619332079937,
  "source_entropy": 6.186649799346924,
  "source_file": "/data/remote_cache/patrick/discrete_diffusion/gen-sample-candi-proj/duo-50k/samples_steps64_temp1.225.json",
  "source_gen_ppl": 963.4141845703125,
  "temperature": 1.225000023841858,
  "temperature_label": "1.225",
  "unigram_entropy": 6.18944032726465,
  "unique_1gram_corpus": 0.09826901031715705,
  "unique_1gram_sample": 0.6830276721493218,
  "unique_2gram_corpus": 0.4214210308899803,
  "unique_2gram_sample": 0.9635758114620934,
  "unique_3gram_corpus": 0.4858760739390784,
  "unique_3gram_sample": 0.9908003806679194,
  "unique_4gram_corpus": 0.49656998758297183,
  "unique_4gram_sample": 0.9981441441472461
}
