{
  "empty_samples": 0,
  "gen_ppl": 331.54192114642325,
  "max_tokens": 1028,
  "mean_tokens": 1021.9609375,
  "method": "duo",
  "min_tokens": 1015,
  "nfe": 32,
  "num_samples": 256,
  "rank_wasserstein": 2.2905542544919566,
  "rep_1": 0.4008873747315564,
  "rep_2": 0.06482368579704234,
  "rep_3": 0.018135625264753506,
  "source_entropy": 5.907821178436279,
  "source_file": "/data/remote_cache/patrick/discrete_diffusion/gen-sample-candi-proj/duo-50k/samples_steps32_temp1.125.json",
  "source_gen_ppl": 331.50323486328125,
  "temperature": 1.125,
  "temperature_label": "1.125",
  "unigram_entropy": 5.909153006009758,
  "unique_1gram_corpus": 0.08185473698695064,
  "unique_1gram_sample": 0.5991126252684433,
  "unique_2gram_corpus": 0.3706641261679025,
  "unique_2gram_sample": 0.9351763142029572,
  "unique_3gram_corpus": 0.47115774960744516,
  "unique_3gram_sample": 0.9818643747352475,
  "unique_4gram_corpus": 0.4916083326305136,
  "unique_4gram_sample": 0.9962523195363515
}
