{
  "empty_samples": 0,
  "gen_ppl": 1181.9509387292578,
  "max_tokens": 1031,
  "mean_tokens": 1022.640625,
  "method": "duo",
  "min_tokens": 1016,
  "nfe": 8,
  "num_samples": 256,
  "rank_wasserstein": 3.3564280198016947,
  "rep_1": 0.33566380869204016,
  "rep_2": 0.03802076947382953,
  "rep_3": 0.008029981703060577,
  "source_entropy": 6.112142562866211,
  "source_file": "/data/remote_cache/patrick/discrete_diffusion/gen-sample-candi-proj/duo-50k/samples_steps8_temp1.175.json",
  "source_gen_ppl": 1181.8916015625,
  "temperature": 1.1749999523162842,
  "temperature_label": "1.175",
  "unigram_entropy": 6.122040860463274,
  "unique_1gram_corpus": 0.0904368286757628,
  "unique_1gram_sample": 0.6643361913079602,
  "unique_2gram_corpus": 0.40770436644490327,
  "unique_2gram_sample": 0.9619792305261696,
  "unique_3gram_corpus": 0.48382985563601294,
  "unique_3gram_sample": 0.9919700182969393,
  "unique_4gram_corpus": 0.4964486568490737,
  "unique_4gram_sample": 0.9992107936667743
}
