{
  "empty_samples": 0,
  "gen_ppl": 113.78106432376325,
  "max_tokens": 1026,
  "mean_tokens": 1020.4296875,
  "method": "duo",
  "min_tokens": 1009,
  "nfe": 8,
  "num_samples": 256,
  "rank_wasserstein": 1.4398201534437305,
  "rep_1": 0.5433113476430926,
  "rep_2": 0.14031784937503405,
  "rep_3": 0.04026842711406228,
  "source_entropy": 5.320244312286377,
  "source_file": "/data/remote_cache/patrick/discrete_diffusion/gen-sample-candi-proj/duo-50k/samples_steps8_temp0.925.json",
  "source_gen_ppl": 113.76557159423828,
  "temperature": 0.925000011920929,
  "temperature_label": "0.925",
  "unigram_entropy": 5.334153533068322,
  "unique_1gram_corpus": 0.056088504383110666,
  "unique_1gram_sample": 0.45668865235690703,
  "unique_2gram_corpus": 0.271594105159901,
  "unique_2gram_sample": 0.8596821506249657,
  "unique_3gram_corpus": 0.42303945258862063,
  "unique_3gram_sample": 0.9597315728859372,
  "unique_4gram_corpus": 0.4741651373328931,
  "unique_4gram_sample": 0.9913249230103636
}
