{
  "empty_samples": 0,
  "gen_ppl": 10085.029225038497,
  "max_tokens": 1046,
  "mean_tokens": 1028.875,
  "method": "duo",
  "min_tokens": 1017,
  "nfe": 16,
  "num_samples": 256,
  "rank_wasserstein": 5.443250172295901,
  "rep_1": 0.14257916019415154,
  "rep_2": 0.00648658971896771,
  "rep_3": 0.0008529134929089006,
  "source_entropy": 6.660660266876221,
  "source_file": "/data/remote_cache/patrick/discrete_diffusion/gen-sample-candi-proj/duo-50k/samples_steps16_temp1.400.json",
  "source_gen_ppl": 10084.912109375,
  "temperature": 1.399999976158142,
  "temperature_label": "1.400",
  "unigram_entropy": 6.667415606657658,
  "unique_1gram_corpus": 0.1264389199368242,
  "unique_1gram_sample": 0.8574208398058483,
  "unique_2gram_corpus": 0.48358643439134136,
  "unique_2gram_sample": 0.9935134102810319,
  "unique_3gram_corpus": 0.4983300365185636,
  "unique_3gram_sample": 0.9991470865070909,
  "unique_4gram_corpus": 0.4997791519434629,
  "unique_4gram_sample": 0.9999085575077358
}
