{
  "empty_samples": 0,
  "gen_ppl": 156.54848792414757,
  "max_tokens": 1026,
  "mean_tokens": 1021.9296875,
  "method": "duo",
  "min_tokens": 1014,
  "nfe": 32,
  "num_samples": 256,
  "rank_wasserstein": 1.6887369971648203,
  "rep_1": 0.4651578640856491,
  "rep_2": 0.0940234255248307,
  "rep_3": 0.02794420473202957,
  "source_entropy": 5.693607807159424,
  "source_file": "/data/remote_cache/patrick/discrete_diffusion/gen-sample-candi-proj/duo-50k/samples_steps32_temp1.050.json",
  "source_gen_ppl": 156.52525329589844,
  "temperature": 1.0499999523162842,
  "temperature_label": "1.050",
  "unigram_entropy": 5.693721710120282,
  "unique_1gram_corpus": 0.06956049752689077,
  "unique_1gram_sample": 0.5348421359143508,
  "unique_2gram_corpus": 0.32943319125490705,
  "unique_2gram_sample": 0.9059765744751697,
  "unique_3gram_corpus": 0.4542554250829178,
  "unique_3gram_sample": 0.9720557952679705,
  "unique_4gram_corpus": 0.48500264523895326,
  "unique_4gram_sample": 0.9936201136513348
}
