{
  "empty_samples": 0,
  "gen_ppl": 4117.4599614657845,
  "max_tokens": 1038,
  "mean_tokens": 1026.2265625,
  "method": "duo",
  "min_tokens": 1016,
  "nfe": 32,
  "num_samples": 256,
  "rank_wasserstein": 4.542194155857948,
  "rep_1": 0.2083406931342299,
  "rep_2": 0.016304741644617288,
  "rep_3": 0.0033602047973138394,
  "source_entropy": 6.493334770202637,
  "source_file": "/data/remote_cache/patrick/discrete_diffusion/gen-sample-candi-proj/duo-50k/samples_steps32_temp1.325.json",
  "source_gen_ppl": 4117.3447265625,
  "temperature": 1.3249999284744263,
  "temperature_label": "1.325",
  "unigram_entropy": 6.498362303451838,
  "unique_1gram_corpus": 0.1168038246914896,
  "unique_1gram_sample": 0.7916593068657706,
  "unique_2gram_corpus": 0.46360941560173435,
  "unique_2gram_sample": 0.9836952583553829,
  "unique_3gram_corpus": 0.4945919558203217,
  "unique_3gram_sample": 0.9966397952026859,
  "unique_4gram_corpus": 0.49893871255907707,
  "unique_4gram_sample": 0.9993651473876797
}
