{
  "empty_samples": 0,
  "gen_ppl": 1550.7022930572855,
  "max_tokens": 1029,
  "mean_tokens": 1022.875,
  "method": "duo",
  "min_tokens": 1017,
  "nfe": 8,
  "num_samples": 256,
  "rank_wasserstein": 3.602513777036902,
  "rep_1": 0.3120624716168674,
  "rep_2": 0.0332353863677775,
  "rep_3": 0.007047848922861748,
  "source_entropy": 6.184641361236572,
  "source_file": "/data/remote_cache/patrick/discrete_diffusion/gen-sample-candi-proj/duo-50k/samples_steps8_temp1.200.json",
  "source_gen_ppl": 1550.6326904296875,
  "temperature": 1.2000000476837158,
  "temperature_label": "1.200",
  "unigram_entropy": 6.193281784733589,
  "unique_1gram_corpus": 0.09476200659904681,
  "unique_1gram_sample": 0.6879375283831323,
  "unique_2gram_corpus": 0.41916284403669724,
  "unique_2gram_sample": 0.966764613632223,
  "unique_3gram_corpus": 0.4858691992163585,
  "unique_3gram_sample": 0.9929521510771385,
  "unique_4gram_corpus": 0.49683248559872534,
  "unique_4gram_sample": 0.9993104908912248
}
