{
  "empty_samples": 0,
  "gen_ppl": 11.551942391345655,
  "max_tokens": 1026,
  "mean_tokens": 1021.515625,
  "method": "duo",
  "min_tokens": 987,
  "nfe": 64,
  "num_samples": 256,
  "rank_wasserstein": 0.14379040405131932,
  "rep_1": 0.7616038215405174,
  "rep_2": 0.4888898657583196,
  "rep_3": 0.3146437485130871,
  "source_entropy": 4.03279447555542,
  "source_file": "/data/remote_cache/patrick/discrete_diffusion/gen-sample-candi-proj/duo-50k/samples_steps64_temp0.600.json",
  "source_gen_ppl": 11.54991626739502,
  "temperature": 0.6000000238418579,
  "temperature_label": "0.600",
  "unigram_entropy": 4.044460112158294,
  "unique_1gram_corpus": 0.034301053887452776,
  "unique_1gram_sample": 0.2383961784594829,
  "unique_2gram_corpus": 0.145422810160305,
  "unique_2gram_sample": 0.5111101342416804,
  "unique_3gram_corpus": 0.26733359898235987,
  "unique_3gram_sample": 0.6853562514869133,
  "unique_4gram_corpus": 0.3513576743115748,
  "unique_4gram_sample": 0.7916241204273653
}
