{
  "empty_samples": 0,
  "gen_ppl": 67.01912730533849,
  "max_tokens": 1026,
  "mean_tokens": 1022.4765625,
  "method": "duo",
  "min_tokens": 1016,
  "nfe": 32,
  "num_samples": 256,
  "rank_wasserstein": 1.0467478294304842,
  "rep_1": 0.5394193240979407,
  "rep_2": 0.1492348561172555,
  "rep_3": 0.050352398175313236,
  "source_entropy": 5.3945746421813965,
  "source_file": "/data/remote_cache/patrick/discrete_diffusion/gen-sample-candi-proj/duo-50k/samples_steps32_temp0.925.json",
  "source_gen_ppl": 67.00778198242188,
  "temperature": 0.925000011920929,
  "temperature_label": "0.925",
  "unigram_entropy": 5.39490661321966,
  "unique_1gram_corpus": 0.05761898576526051,
  "unique_1gram_sample": 0.4605806759020597,
  "unique_2gram_corpus": 0.2769351964450971,
  "unique_2gram_sample": 0.8507651438827443,
  "unique_3gram_corpus": 0.42209522205464667,
  "unique_3gram_sample": 0.9496476018246864,
  "unique_4gram_corpus": 0.47018614025273386,
  "unique_4gram_sample": 0.9848644210900238
}
