{
  "empty_samples": 0,
  "gen_ppl": 28.49265662550516,
  "max_tokens": 1026,
  "mean_tokens": 1022.8359375,
  "method": "duo",
  "min_tokens": 1016,
  "nfe": 32,
  "num_samples": 256,
  "rank_wasserstein": 0.4394077900170612,
  "rep_1": 0.6376551573484096,
  "rep_2": 0.2621969746054663,
  "rep_3": 0.10944239638802183,
  "source_entropy": 4.895445823669434,
  "source_file": "/data/remote_cache/patrick/discrete_diffusion/gen-sample-candi-proj/duo-50k/samples_steps32_temp0.750.json",
  "source_gen_ppl": 28.48763656616211,
  "temperature": 0.75,
  "temperature_label": "0.750",
  "unigram_entropy": 4.898522686297762,
  "unique_1gram_corpus": 0.04666865256677589,
  "unique_1gram_sample": 0.36234484265158984,
  "unique_2gram_corpus": 0.2148094346114148,
  "unique_2gram_sample": 0.7378030253945336,
  "unique_3gram_corpus": 0.3663090145178201,
  "unique_3gram_sample": 0.8905576036119774,
  "unique_4gram_corpus": 0.439791939573614,
  "unique_4gram_sample": 0.9544410006940862
}
