{
  "empty_samples": 0,
  "gen_ppl": 195.4184354822488,
  "max_tokens": 1028,
  "mean_tokens": 1021.8984375,
  "method": "duo",
  "min_tokens": 1009,
  "nfe": 32,
  "num_samples": 256,
  "rank_wasserstein": 1.859699653522112,
  "rep_1": 0.4470929950748761,
  "rep_2": 0.08570131118839922,
  "rep_3": 0.0252753783534318,
  "source_entropy": 5.754803657531738,
  "source_file": "/data/remote_cache/patrick/discrete_diffusion/gen-sample-candi-proj/duo-50k/samples_steps32_temp1.075.json",
  "source_gen_ppl": 195.39114379882812,
  "temperature": 1.0750000476837158,
  "temperature_label": "1.075",
  "unigram_entropy": 5.755934149376364,
  "unique_1gram_corpus": 0.07321697514582999,
  "unique_1gram_sample": 0.5529070049251239,
  "unique_2gram_corpus": 0.3416759135259231,
  "unique_2gram_sample": 0.9142986888115991,
  "unique_3gram_corpus": 0.4596084168920006,
  "unique_3gram_sample": 0.9747246216465677,
  "unique_4gram_corpus": 0.48751332244534923,
  "unique_4gram_sample": 0.9945338232813207
}
