{
  "empty_samples": 0,
  "gen_ppl": 25.34044593404874,
  "max_tokens": 1026,
  "mean_tokens": 1022.3828125,
  "method": "duo",
  "min_tokens": 1007,
  "nfe": 32,
  "num_samples": 256,
  "rank_wasserstein": 0.35939684413199063,
  "rep_1": 0.6550154851464317,
  "rep_2": 0.2917048181527043,
  "rep_3": 0.12858232961893543,
  "source_entropy": 4.772819519042969,
  "source_file": "/data/remote_cache/patrick/discrete_diffusion/gen-sample-candi-proj/duo-50k/samples_steps32_temp0.725.json",
  "source_gen_ppl": 25.336002349853516,
  "temperature": 0.7250000238418579,
  "temperature_label": "0.725",
  "unigram_entropy": 4.778765647620615,
  "unique_1gram_corpus": 0.04454208535513697,
  "unique_1gram_sample": 0.3449845148535688,
  "unique_2gram_corpus": 0.20200096376695198,
  "unique_2gram_sample": 0.708295181847295,
  "unique_3gram_corpus": 0.35182491252517056,
  "unique_3gram_sample": 0.8714176703810639,
  "unique_4gram_corpus": 0.4300434546025858,
  "unique_4gram_sample": 0.9428345615164602
}
