{
  "empty_samples": 0,
  "gen_ppl": 18.7445141176657,
  "max_tokens": 1029,
  "mean_tokens": 1021.8671875,
  "method": "duo",
  "min_tokens": 959,
  "nfe": 128,
  "num_samples": 256,
  "rank_wasserstein": 0.16559363779900294,
  "rep_1": 0.6806738807993423,
  "rep_2": 0.3407777078771245,
  "rep_3": 0.1755143127711623,
  "source_entropy": 4.616671085357666,
  "source_file": "/data/remote_cache/patrick/discrete_diffusion/gen-sample-candi-proj/duo-50k/samples_steps128_temp0.700.json",
  "source_gen_ppl": 18.74123191833496,
  "temperature": 0.7000000476837158,
  "temperature_label": "0.700",
  "unigram_entropy": 4.622444491852697,
  "unique_1gram_corpus": 0.04236653185421907,
  "unique_1gram_sample": 0.31932611920065757,
  "unique_2gram_corpus": 0.19260203105509255,
  "unique_2gram_sample": 0.6592222921228755,
  "unique_3gram_corpus": 0.3359391158468857,
  "unique_3gram_sample": 0.8244856872288371,
  "unique_4gram_corpus": 0.41455737453513786,
  "unique_4gram_sample": 0.9063383743785011
}
