{
  "empty_samples": 0,
  "gen_ppl": 3807.394150150334,
  "max_tokens": 1037,
  "mean_tokens": 1025.4921875,
  "method": "duo",
  "min_tokens": 1013,
  "nfe": 64,
  "num_samples": 256,
  "rank_wasserstein": 4.462480308025074,
  "rep_1": 0.2120027299750412,
  "rep_2": 0.015448145249683617,
  "rep_3": 0.0032688178182803482,
  "source_entropy": 6.492166996002197,
  "source_file": "/data/remote_cache/patrick/discrete_diffusion/gen-sample-candi-proj/duo-50k/samples_steps64_temp1.325.json",
  "source_gen_ppl": 3807.275146484375,
  "temperature": 1.3249999284744263,
  "temperature_label": "1.325",
  "unigram_entropy": 6.497037248593321,
  "unique_1gram_corpus": 0.11603041222583668,
  "unique_1gram_sample": 0.787997270024958,
  "unique_2gram_corpus": 0.464715750943684,
  "unique_2gram_sample": 0.9845518547503171,
  "unique_3gram_corpus": 0.4950460662407352,
  "unique_3gram_sample": 0.9967311821817194,
  "unique_4gram_corpus": 0.49904491935299017,
  "unique_4gram_sample": 0.9994500380400553
}
