{
  "empty_samples": 0,
  "gen_ppl": 4687.777722928875,
  "max_tokens": 1036,
  "mean_tokens": 1025.6328125,
  "method": "duo",
  "min_tokens": 1017,
  "nfe": 8,
  "num_samples": 256,
  "rank_wasserstein": 4.644861802514761,
  "rep_1": 0.22364170130988012,
  "rep_2": 0.015891445300961912,
  "rep_3": 0.0025652628571683324,
  "source_entropy": 6.444599628448486,
  "source_file": "/data/remote_cache/patrick/discrete_diffusion/gen-sample-candi-proj/duo-50k/samples_steps8_temp1.300.json",
  "source_gen_ppl": 4687.68408203125,
  "temperature": 1.2999999523162842,
  "temperature_label": "1.300",
  "unigram_entropy": 6.4544214591972295,
  "unique_1gram_corpus": 0.11091475537206451,
  "unique_1gram_sample": 0.77635829869012,
  "unique_2gram_corpus": 0.4585026648265766,
  "unique_2gram_sample": 0.9841085546990385,
  "unique_3gram_corpus": 0.49402404121350885,
  "unique_3gram_sample": 0.997434737142832,
  "unique_4gram_corpus": 0.4990144923107481,
  "unique_4gram_sample": 0.999732439053505
}
