{
  "empty_samples": 0,
  "gen_ppl": 17.254126486071243,
  "max_tokens": 1025,
  "mean_tokens": 1020.875,
  "method": "duo",
  "min_tokens": 1008,
  "nfe": 32,
  "num_samples": 256,
  "rank_wasserstein": 0.1087742427489487,
  "rep_1": 0.7167085366975806,
  "rep_2": 0.40140189103143964,
  "rep_3": 0.22056055486822396,
  "source_entropy": 4.2766289710998535,
  "source_file": "/data/remote_cache/patrick/discrete_diffusion/gen-sample-candi-proj/duo-50k/samples_steps32_temp0.650.json",
  "source_gen_ppl": 17.251087188720703,
  "temperature": 0.6500000357627869,
  "temperature_label": "0.650",
  "unigram_entropy": 4.293309109263355,
  "unique_1gram_corpus": 0.038921880739561654,
  "unique_1gram_sample": 0.2832914633024191,
  "unique_2gram_corpus": 0.16635387302365487,
  "unique_2gram_sample": 0.5985981089685604,
  "unique_3gram_corpus": 0.2999401913875598,
  "unique_3gram_sample": 0.7794394451317771,
  "unique_4gram_corpus": 0.38687753285030085,
  "unique_4gram_sample": 0.8777190874352593
}
