{
  "empty_samples": 0,
  "gen_ppl": 26.08656715034404,
  "max_tokens": 1025,
  "mean_tokens": 1022.7109375,
  "method": "duo",
  "min_tokens": 1015,
  "nfe": 64,
  "num_samples": 256,
  "rank_wasserstein": 0.38039255616168943,
  "rep_1": 0.6357017318504588,
  "rep_2": 0.2648097795443072,
  "rep_3": 0.11564296532973216,
  "source_entropy": 4.936619758605957,
  "source_file": "/data/remote_cache/patrick/discrete_diffusion/gen-sample-candi-proj/duo-50k/samples_steps64_temp0.750.json",
  "source_gen_ppl": 26.082014083862305,
  "temperature": 0.75,
  "temperature_label": "0.750",
  "unigram_entropy": 4.939412108265501,
  "unique_1gram_corpus": 0.04667053709885644,
  "unique_1gram_sample": 0.3642982681495414,
  "unique_2gram_corpus": 0.21615855756658178,
  "unique_2gram_sample": 0.7351902204556922,
  "unique_3gram_corpus": 0.3650756595816335,
  "unique_3gram_sample": 0.8843570346702676,
  "unique_4gram_corpus": 0.43603043141821746,
  "unique_4gram_sample": 0.9470960700566168
}
