{
  "empty_samples": 0,
  "gen_ppl": 67.38727111892958,
  "max_tokens": 1026,
  "mean_tokens": 1022.21875,
  "method": "duo",
  "min_tokens": 1015,
  "nfe": 16,
  "num_samples": 256,
  "rank_wasserstein": 1.0500840751482556,
  "rep_1": 0.555931787989596,
  "rep_2": 0.15875937490894543,
  "rep_3": 0.05129393322124365,
  "source_entropy": 5.305951118469238,
  "source_file": "/data/remote_cache/patrick/discrete_diffusion/gen-sample-candi-proj/duo-50k/samples_steps16_temp0.900.json",
  "source_gen_ppl": 67.37603759765625,
  "temperature": 0.8999999761581421,
  "temperature_label": "0.900",
  "unigram_entropy": 5.308347229944014,
  "unique_1gram_corpus": 0.05440066032832992,
  "unique_1gram_sample": 0.4440682120104043,
  "unique_2gram_corpus": 0.26432112365739463,
  "unique_2gram_sample": 0.8412406250910541,
  "unique_3gram_corpus": 0.41539421692651696,
  "unique_3gram_sample": 0.9487060667787562,
  "unique_4gram_corpus": 0.4683351218764372,
  "unique_4gram_sample": 0.9849748010204958
}
