{
  "empty_samples": 0,
  "gen_ppl": 13.077302688981375,
  "max_tokens": 1025,
  "mean_tokens": 1019.359375,
  "method": "duo",
  "min_tokens": 986,
  "nfe": 32,
  "num_samples": 256,
  "rank_wasserstein": 0.07568398749744973,
  "rep_1": 0.7699093195023166,
  "rep_2": 0.5044655096037143,
  "rep_3": 0.3185214632362092,
  "source_entropy": 3.870286464691162,
  "source_file": "/data/remote_cache/patrick/discrete_diffusion/gen-sample-candi-proj/duo-50k/samples_steps32_temp0.600.json",
  "source_gen_ppl": 13.074970245361328,
  "temperature": 0.6000000238418579,
  "temperature_label": "0.600",
  "unigram_entropy": 3.8947949941764066,
  "unique_1gram_corpus": 0.034028725149067275,
  "unique_1gram_sample": 0.2300906804976834,
  "unique_2gram_corpus": 0.1362332182585347,
  "unique_2gram_sample": 0.49553449039628567,
  "unique_3gram_corpus": 0.2523920689284453,
  "unique_3gram_sample": 0.6814785367637904,
  "unique_4gram_corpus": 0.34395514012944484,
  "unique_4gram_sample": 0.8042638440742139
}
