{
  "empty_samples": 0,
  "gen_ppl": 3383.4695869538714,
  "max_tokens": 1035,
  "mean_tokens": 1025.078125,
  "method": "duo",
  "min_tokens": 1014,
  "nfe": 16,
  "num_samples": 256,
  "rank_wasserstein": 4.340908200664789,
  "rep_1": 0.23251136829855756,
  "rep_2": 0.01874428495961817,
  "rep_3": 0.0037828130147988612,
  "source_entropy": 6.426949501037598,
  "source_file": "/data/remote_cache/patrick/discrete_diffusion/gen-sample-candi-proj/duo-50k/samples_steps16_temp1.300.json",
  "source_gen_ppl": 3383.371337890625,
  "temperature": 1.2999999523162842,
  "temperature_label": "1.300",
  "unigram_entropy": 6.433155482569951,
  "unique_1gram_corpus": 0.11026979650941239,
  "unique_1gram_sample": 0.767488631701443,
  "unique_2gram_corpus": 0.45454372072443205,
  "unique_2gram_sample": 0.981255715040382,
  "unique_3gram_corpus": 0.4932189929288147,
  "unique_3gram_sample": 0.996217186985201,
  "unique_4gram_corpus": 0.498666167275618,
  "unique_4gram_sample": 0.9994570372454528
}
