{
  "empty_samples": 0,
  "gen_ppl": 132.74204201969366,
  "max_tokens": 1026,
  "mean_tokens": 1020.671875,
  "method": "duo",
  "min_tokens": 1013,
  "nfe": 8,
  "num_samples": 256,
  "rank_wasserstein": 1.559358396682864,
  "rep_1": 0.5266962506613809,
  "rep_2": 0.12877437281267237,
  "rep_3": 0.036531671840797475,
  "source_entropy": 5.402275085449219,
  "source_file": "/data/remote_cache/patrick/discrete_diffusion/gen-sample-candi-proj/duo-50k/samples_steps8_temp0.950.json",
  "source_gen_ppl": 132.72470092773438,
  "temperature": 0.949999988079071,
  "temperature_label": "0.950",
  "unigram_entropy": 5.413457061086493,
  "unique_1gram_corpus": 0.0585743153253831,
  "unique_1gram_sample": 0.47330374933861896,
  "unique_2gram_corpus": 0.2836850089642808,
  "unique_2gram_sample": 0.8712256271873274,
  "unique_3gram_corpus": 0.43060817547357927,
  "unique_3gram_sample": 0.963468328159203,
  "unique_4gram_corpus": 0.4772458583470237,
  "unique_4gram_sample": 0.9918041962940725
}
