{
  "empty_samples": 0,
  "gen_ppl": 2738.789237405709,
  "max_tokens": 1035,
  "mean_tokens": 1024.265625,
  "method": "duo",
  "min_tokens": 1012,
  "nfe": 128,
  "num_samples": 256,
  "rank_wasserstein": 4.1541675202716455,
  "rep_1": 0.23672298743493797,
  "rep_2": 0.02077023776345509,
  "rep_3": 0.004589227344891438,
  "source_entropy": 6.424874305725098,
  "source_file": "/data/remote_cache/patrick/discrete_diffusion/gen-sample-candi-proj/duo-50k/samples_steps128_temp1.300.json",
  "source_gen_ppl": 2738.6796875,
  "temperature": 1.2999999523162842,
  "temperature_label": "1.300",
  "unigram_entropy": 6.428704941189907,
  "unique_1gram_corpus": 0.11357222400195262,
  "unique_1gram_sample": 0.7632770125650621,
  "unique_2gram_corpus": 0.45795858846523846,
  "unique_2gram_sample": 0.9792297622365441,
  "unique_3gram_corpus": 0.49357661444401985,
  "unique_3gram_sample": 0.9954107726551096,
  "unique_4gram_corpus": 0.4986306819051116,
  "unique_4gram_sample": 0.9991418979406674
}
