{
  "empty_samples": 0,
  "gen_ppl": 80.61304132358177,
  "max_tokens": 1025,
  "mean_tokens": 1018.8515625,
  "method": "duo",
  "min_tokens": 1004,
  "nfe": 8,
  "num_samples": 256,
  "rank_wasserstein": 1.1756550070835665,
  "rep_1": 0.5837450522691038,
  "rep_2": 0.17552380265498024,
  "rep_3": 0.05224653792267683,
  "source_entropy": 5.09480619430542,
  "source_file": "/data/remote_cache/patrick/discrete_diffusion/gen-sample-candi-proj/duo-50k/samples_steps8_temp0.875.json",
  "source_gen_ppl": 80.60139465332031,
  "temperature": 0.875,
  "temperature_label": "0.875",
  "unigram_entropy": 5.121636999582802,
  "unique_1gram_corpus": 0.05017137862022958,
  "unique_1gram_sample": 0.41625494773089655,
  "unique_2gram_corpus": 0.24316690332732088,
  "unique_2gram_sample": 0.8244761973450213,
  "unique_3gram_corpus": 0.4028480988344845,
  "unique_3gram_sample": 0.947753462077324,
  "unique_4gram_corpus": 0.4667343438771351,
  "unique_4gram_sample": 0.9872307716024834
}
