{
  "empty_samples": 0,
  "gen_ppl": 1111.0565906793497,
  "max_tokens": 1032,
  "mean_tokens": 1022.421875,
  "method": "duo",
  "min_tokens": 1009,
  "nfe": 32,
  "num_samples": 256,
  "rank_wasserstein": 3.317242771760284,
  "rep_1": 0.3088388101540962,
  "rep_2": 0.03597282110489456,
  "rep_3": 0.008512235516889692,
  "source_entropy": 6.205732822418213,
  "source_file": "/data/remote_cache/patrick/discrete_diffusion/gen-sample-candi-proj/duo-50k/samples_steps32_temp1.225.json",
  "source_gen_ppl": 1110.984619140625,
  "temperature": 1.225000023841858,
  "temperature_label": "1.225",
  "unigram_entropy": 6.208365191294171,
  "unique_1gram_corpus": 0.0982005043172614,
  "unique_1gram_sample": 0.6911611898459041,
  "unique_2gram_corpus": 0.42154395680041606,
  "unique_2gram_sample": 0.9640271788951057,
  "unique_3gram_corpus": 0.4858476120477131,
  "unique_3gram_sample": 0.9914877644831115,
  "unique_4gram_corpus": 0.49683107766350415,
  "unique_4gram_sample": 0.9986974507612135
}
