{
  "empty_samples": 0,
  "gen_ppl": 78.22247955488702,
  "max_tokens": 1025,
  "mean_tokens": 1022.4296875,
  "method": "duo",
  "min_tokens": 1017,
  "nfe": 16,
  "num_samples": 256,
  "rank_wasserstein": 1.1632392887236784,
  "rep_1": 0.5424514519260291,
  "rep_2": 0.14393708940058356,
  "rep_3": 0.044753026491247294,
  "source_entropy": 5.3821797370910645,
  "source_file": "/data/remote_cache/patrick/discrete_diffusion/gen-sample-candi-proj/duo-50k/samples_steps16_temp0.925.json",
  "source_gen_ppl": 78.20965576171875,
  "temperature": 0.925000011920929,
  "temperature_label": "0.925",
  "unigram_entropy": 5.384608109073648,
  "unique_1gram_corpus": 0.05685751618005517,
  "unique_1gram_sample": 0.4575485480739712,
  "unique_2gram_corpus": 0.2733683638894625,
  "unique_2gram_sample": 0.8560629105994161,
  "unique_3gram_corpus": 0.42274241090227005,
  "unique_3gram_sample": 0.9552469735087527,
  "unique_4gram_corpus": 0.47172515269720355,
  "unique_4gram_sample": 0.9882736296808339
}
