{
  "empty_samples": 0,
  "gen_ppl": 8086.601707428684,
  "max_tokens": 1046,
  "mean_tokens": 1027.640625,
  "method": "duo",
  "min_tokens": 1015,
  "nfe": 8,
  "num_samples": 256,
  "rank_wasserstein": 5.197289428170126,
  "rep_1": 0.17584808136791397,
  "rep_2": 0.009158539625691076,
  "rep_3": 0.0012043215190818647,
  "source_entropy": 6.578563690185547,
  "source_file": "/data/remote_cache/patrick/discrete_diffusion/gen-sample-candi-proj/duo-50k/samples_steps8_temp1.350.json",
  "source_gen_ppl": 8086.486328125,
  "temperature": 1.350000023841858,
  "temperature_label": "1.350",
  "unigram_entropy": 6.586969517955203,
  "unique_1gram_corpus": 0.12080159345588347,
  "unique_1gram_sample": 0.8241519186320865,
  "unique_2gram_corpus": 0.47540522030286886,
  "unique_2gram_sample": 0.9908414603743093,
  "unique_3gram_corpus": 0.49717021373836473,
  "unique_3gram_sample": 0.9987956784809185,
  "unique_4gram_corpus": 0.49955777177973987,
  "unique_4gram_sample": 0.9998322406392675
}
