{
  "empty_samples": 0,
  "gen_ppl": 8702.886261718972,
  "max_tokens": 1043,
  "mean_tokens": 1028.703125,
  "method": "duo",
  "min_tokens": 1017,
  "nfe": 64,
  "num_samples": 256,
  "rank_wasserstein": 5.296907238938058,
  "rep_1": 0.1475667500781715,
  "rep_2": 0.007179600462106922,
  "rep_3": 0.0011114289810237772,
  "source_entropy": 6.656552791595459,
  "source_file": "/data/remote_cache/patrick/discrete_diffusion/gen-sample-candi-proj/duo-50k/samples_steps64_temp1.400.json",
  "source_gen_ppl": 8702.7392578125,
  "temperature": 1.399999976158142,
  "temperature_label": "1.400",
  "unigram_entropy": 6.661341466806783,
  "unique_1gram_corpus": 0.1278878138432796,
  "unique_1gram_sample": 0.8524332499218276,
  "unique_2gram_corpus": 0.48333282653976556,
  "unique_2gram_sample": 0.9928203995378937,
  "unique_3gram_corpus": 0.49805582188132524,
  "unique_3gram_sample": 0.9988885710189759,
  "unique_4gram_corpus": 0.4997029476730901,
  "unique_4gram_sample": 0.9997410640043449
}
