{
  "empty_samples": 0,
  "gen_ppl": 14.885174394853204,
  "max_tokens": 1025,
  "mean_tokens": 1020.375,
  "method": "duo",
  "min_tokens": 995,
  "nfe": 32,
  "num_samples": 256,
  "rank_wasserstein": 0.023856987133482114,
  "rep_1": 0.7458645141046183,
  "rep_2": 0.45367346909365647,
  "rep_3": 0.26774807799919276,
  "source_entropy": 4.08438777923584,
  "source_file": "/data/remote_cache/patrick/discrete_diffusion/gen-sample-candi-proj/duo-50k/samples_steps32_temp0.625.json",
  "source_gen_ppl": 14.88253116607666,
  "temperature": 0.625,
  "temperature_label": "0.625",
  "unigram_entropy": 4.103721972573765,
  "unique_1gram_corpus": 0.0364066519661889,
  "unique_1gram_sample": 0.25413548589538154,
  "unique_2gram_corpus": 0.15200797057020232,
  "unique_2gram_sample": 0.5463265309063432,
  "unique_3gram_corpus": 0.2771879219344544,
  "unique_3gram_sample": 0.7322519220008067,
  "unique_4gram_corpus": 0.3678315825039931,
  "unique_4gram_sample": 0.8459761833589954
}
