{
  "empty_samples": 0,
  "gen_ppl": 222.30947540922372,
  "max_tokens": 1028,
  "mean_tokens": 1021.46875,
  "method": "duo",
  "min_tokens": 999,
  "nfe": 128,
  "num_samples": 256,
  "rank_wasserstein": 1.9637992645806805,
  "rep_1": 0.4286243668998885,
  "rep_2": 0.08050925554196774,
  "rep_3": 0.024998270576973167,
  "source_entropy": 5.819821357727051,
  "source_file": "/data/remote_cache/patrick/discrete_diffusion/gen-sample-candi-proj/duo-50k/samples_steps128_temp1.100.json",
  "source_gen_ppl": 222.27830505371094,
  "temperature": 1.100000023841858,
  "temperature_label": "1.100",
  "unigram_entropy": 5.8198607859663545,
  "unique_1gram_corpus": 0.07808532444090922,
  "unique_1gram_sample": 0.5713756331001113,
  "unique_2gram_corpus": 0.35621267799724393,
  "unique_2gram_sample": 0.9194907444580324,
  "unique_3gram_corpus": 0.46307819636452807,
  "unique_3gram_sample": 0.9750017294230268,
  "unique_4gram_corpus": 0.4879376208155626,
  "unique_4gram_sample": 0.9936490685475917
}
