{
  "empty_samples": 0,
  "gen_ppl": 1342.9506107689442,
  "max_tokens": 1030,
  "mean_tokens": 1022.21875,
  "method": "duo",
  "min_tokens": 1013,
  "nfe": 16,
  "num_samples": 256,
  "rank_wasserstein": 3.4768258255572135,
  "rep_1": 0.3052403345005298,
  "rep_2": 0.03266659049231278,
  "rep_3": 0.007313341091620019,
  "source_entropy": 6.212791919708252,
  "source_file": "/data/remote_cache/patrick/discrete_diffusion/gen-sample-candi-proj/duo-50k/samples_steps16_temp1.225.json",
  "source_gen_ppl": 1342.876220703125,
  "temperature": 1.225000023841858,
  "temperature_label": "1.225",
  "unigram_entropy": 6.218101938058389,
  "unique_1gram_corpus": 0.09716914799302986,
  "unique_1gram_sample": 0.6947596654994712,
  "unique_2gram_corpus": 0.4226146760916797,
  "unique_2gram_sample": 0.9673334095076864,
  "unique_3gram_corpus": 0.48666033632493033,
  "unique_3gram_sample": 0.9926866589083809,
  "unique_4gram_corpus": 0.4970412386938525,
  "unique_4gram_sample": 0.999057184019554
}
