{
  "empty_samples": 0,
  "gen_ppl": 1525.9502884093024,
  "max_tokens": 1032,
  "mean_tokens": 1022.875,
  "method": "duo",
  "min_tokens": 1014,
  "nfe": 32,
  "num_samples": 256,
  "rank_wasserstein": 3.5997918598129086,
  "rep_1": 0.2854276990933428,
  "rep_2": 0.029109250017582123,
  "rep_3": 0.006750532017967234,
  "source_entropy": 6.2777557373046875,
  "source_file": "/data/remote_cache/patrick/discrete_diffusion/gen-sample-candi-proj/duo-50k/samples_steps32_temp1.250.json",
  "source_gen_ppl": 1525.8660888671875,
  "temperature": 1.25,
  "temperature_label": "1.250",
  "unigram_entropy": 6.281359203594864,
  "unique_1gram_corpus": 0.10100589637052426,
  "unique_1gram_sample": 0.7145723009066568,
  "unique_2gram_corpus": 0.4336659021406728,
  "unique_2gram_sample": 0.970890749982418,
  "unique_3gram_corpus": 0.4888729031468103,
  "unique_3gram_sample": 0.9932494679820331,
  "unique_4gram_corpus": 0.49756403971074886,
  "unique_4gram_sample": 0.9990268751419471
}
