{
  "empty_samples": 0,
  "gen_ppl": 436.7990082606704,
  "max_tokens": 1027,
  "mean_tokens": 1021.5390625,
  "method": "duo",
  "min_tokens": 1012,
  "nfe": 32,
  "num_samples": 256,
  "rank_wasserstein": 2.521422952883118,
  "rep_1": 0.3805985798146509,
  "rep_2": 0.05576540636319522,
  "rep_3": 0.014918959228826793,
  "source_entropy": 5.975902557373047,
  "source_file": "/data/remote_cache/patrick/discrete_diffusion/gen-sample-candi-proj/duo-50k/samples_steps32_temp1.150.json",
  "source_gen_ppl": 436.7541809082031,
  "temperature": 1.149999976158142,
  "temperature_label": "1.150",
  "unigram_entropy": 5.977291055595387,
  "unique_1gram_corpus": 0.08582714500944501,
  "unique_1gram_sample": 0.6194014201853496,
  "unique_2gram_corpus": 0.38356337413591163,
  "unique_2gram_sample": 0.9442345936368046,
  "unique_3gram_corpus": 0.47564769618623615,
  "unique_3gram_sample": 0.9850810407711738,
  "unique_4gram_corpus": 0.4934687396930346,
  "unique_4gram_sample": 0.9972074590102452
}
