{
  "empty_samples": 0,
  "gen_ppl": 106.49613194983093,
  "max_tokens": 1031,
  "mean_tokens": 1022.2265625,
  "method": "duo",
  "min_tokens": 1016,
  "nfe": 16,
  "num_samples": 256,
  "rank_wasserstein": 1.3937542749799252,
  "rep_1": 0.5119530111182438,
  "rep_2": 0.12272743960918021,
  "rep_3": 0.03799802544808205,
  "source_entropy": 5.500860214233398,
  "source_file": "/data/remote_cache/patrick/discrete_diffusion/gen-sample-candi-proj/duo-50k/samples_steps16_temp0.975.json",
  "source_gen_ppl": 106.4798583984375,
  "temperature": 0.9750000238418579,
  "temperature_label": "0.975",
  "unigram_entropy": 5.502425110569088,
  "unique_1gram_corpus": 0.06124804157591043,
  "unique_1gram_sample": 0.4880469888817562,
  "unique_2gram_corpus": 0.29413542232456374,
  "unique_2gram_sample": 0.8772725603908195,
  "unique_3gram_corpus": 0.43523191080412593,
  "unique_3gram_sample": 0.9620019745519173,
  "unique_4gram_corpus": 0.4773342224879466,
  "unique_4gram_sample": 0.9904799233955699
}
