{
  "empty_samples": 0,
  "gen_ppl": 3118.0135804567853,
  "max_tokens": 1043,
  "mean_tokens": 1024.8359375,
  "method": "duo",
  "min_tokens": 1014,
  "nfe": 32,
  "num_samples": 256,
  "rank_wasserstein": 4.266072259344726,
  "rep_1": 0.2304969734380738,
  "rep_2": 0.018469814877935822,
  "rep_3": 0.003958509865927917,
  "source_entropy": 6.434803485870361,
  "source_file": "/data/remote_cache/patrick/discrete_diffusion/gen-sample-candi-proj/duo-50k/samples_steps32_temp1.300.json",
  "source_gen_ppl": 3117.90966796875,
  "temperature": 1.2999999523162842,
  "temperature_label": "1.300",
  "unigram_entropy": 6.44025012535134,
  "unique_1gram_corpus": 0.11223214081522195,
  "unique_1gram_sample": 0.7695030265619264,
  "unique_2gram_corpus": 0.4566580949401378,
  "unique_2gram_sample": 0.9815301851220638,
  "unique_3gram_corpus": 0.49343507252354435,
  "unique_3gram_sample": 0.996041490134072,
  "unique_4gram_corpus": 0.4986887877976987,
  "unique_4gram_sample": 0.9992965089264331
}
