{
  "empty_samples": 0,
  "gen_ppl": 29.344698316076578,
  "max_tokens": 1025,
  "mean_tokens": 1022.8828125,
  "method": "duo",
  "min_tokens": 1009,
  "nfe": 64,
  "num_samples": 256,
  "rank_wasserstein": 0.45777475892533315,
  "rep_1": 0.6217310377273564,
  "rep_2": 0.24056863283761548,
  "rep_3": 0.09817529517254368,
  "source_entropy": 5.015655040740967,
  "source_file": "/data/remote_cache/patrick/discrete_diffusion/gen-sample-candi-proj/duo-50k/samples_steps64_temp0.775.json",
  "source_gen_ppl": 29.339536666870117,
  "temperature": 0.7750000357627869,
  "temperature_label": "0.775",
  "unigram_entropy": 5.017282014929311,
  "unique_1gram_corpus": 0.04714005300582758,
  "unique_1gram_sample": 0.3782689622726437,
  "unique_2gram_corpus": 0.22421082407626852,
  "unique_2gram_sample": 0.7594313671623855,
  "unique_3gram_corpus": 0.3777520987503157,
  "unique_3gram_sample": 0.9018247048274559,
  "unique_4gram_corpus": 0.4464667356084109,
  "unique_4gram_sample": 0.9589470167748284
}
