{
  "empty_samples": 0,
  "gen_ppl": 509.0041094943686,
  "max_tokens": 1028,
  "mean_tokens": 1021.125,
  "method": "duo",
  "min_tokens": 1014,
  "nfe": 8,
  "num_samples": 256,
  "rank_wasserstein": 2.633039827301402,
  "rep_1": 0.4069322324422035,
  "rep_2": 0.060838648413655036,
  "rep_3": 0.014203109533347436,
  "source_entropy": 5.874141693115234,
  "source_file": "/data/remote_cache/patrick/discrete_diffusion/gen-sample-candi-proj/duo-50k/samples_steps8_temp1.100.json",
  "source_gen_ppl": 508.9629211425781,
  "temperature": 1.100000023841858,
  "temperature_label": "1.100",
  "unigram_entropy": 5.883751308497091,
  "unique_1gram_corpus": 0.07793181539968172,
  "unique_1gram_sample": 0.5930677675577968,
  "unique_2gram_corpus": 0.36557254012988605,
  "unique_2gram_sample": 0.9391613515863451,
  "unique_3gram_corpus": 0.47094244449895745,
  "unique_3gram_sample": 0.9857968904666524,
  "unique_4gram_corpus": 0.4922076427255985,
  "unique_4gram_sample": 0.998236344985137
}
