{
  "empty_samples": 0,
  "gen_ppl": 391.2078228355159,
  "max_tokens": 1028,
  "mean_tokens": 1021.5390625,
  "method": "duo",
  "min_tokens": 1014,
  "nfe": 8,
  "num_samples": 256,
  "rank_wasserstein": 2.4126069578725127,
  "rep_1": 0.42660473504260304,
  "rep_2": 0.06916319394213356,
  "rep_3": 0.0168645433885232,
  "source_entropy": 5.803249835968018,
  "source_file": "/data/remote_cache/patrick/discrete_diffusion/gen-sample-candi-proj/duo-50k/samples_steps8_temp1.075.json",
  "source_gen_ppl": 391.1721496582031,
  "temperature": 1.0750000476837158,
  "temperature_label": "1.075",
  "unigram_entropy": 5.812317211124027,
  "unique_1gram_corpus": 0.07448931988344792,
  "unique_1gram_sample": 0.5733952649573972,
  "unique_2gram_corpus": 0.35390303837585835,
  "unique_2gram_sample": 0.9308368060578666,
  "unique_3gram_corpus": 0.46648301545582027,
  "unique_3gram_sample": 0.9831354566114767,
  "unique_4gram_corpus": 0.4907304426530033,
  "unique_4gram_sample": 0.9976148109969469
}
