{
  "empty_samples": 0,
  "gen_ppl": 21.053331346658215,
  "max_tokens": 1024,
  "mean_tokens": 1021.421875,
  "method": "duo",
  "min_tokens": 969,
  "nfe": 32,
  "num_samples": 256,
  "rank_wasserstein": 0.24170351246686883,
  "rep_1": 0.6842784881730885,
  "rep_2": 0.34286021232711233,
  "rep_3": 0.17088223114838377,
  "source_entropy": 4.530586242675781,
  "source_file": "/data/remote_cache/patrick/discrete_diffusion/gen-sample-candi-proj/duo-50k/samples_steps32_temp0.700.json",
  "source_gen_ppl": 21.049612045288086,
  "temperature": 0.7000000476837158,
  "temperature_label": "0.700",
  "unigram_entropy": 4.540492957525492,
  "unique_1gram_corpus": 0.04235440791788408,
  "unique_1gram_sample": 0.3157215118269117,
  "unique_2gram_corpus": 0.18692866002113095,
  "unique_2gram_sample": 0.6571397876728876,
  "unique_3gram_corpus": 0.329755682601965,
  "unique_3gram_sample": 0.8291177688516161,
  "unique_4gram_corpus": 0.4123835898065328,
  "unique_4gram_sample": 0.9135878334850904
}
