{
  "empty_samples": 0,
  "gen_ppl": 16.23782443746368,
  "max_tokens": 1026,
  "mean_tokens": 1015.4375,
  "method": "duo",
  "min_tokens": 943,
  "nfe": 16,
  "num_samples": 256,
  "rank_wasserstein": 0.05462002533774281,
  "rep_1": 0.7715014077960914,
  "rep_2": 0.4927873633205577,
  "rep_3": 0.29229042052565307,
  "source_entropy": 3.7843596935272217,
  "source_file": "/data/remote_cache/patrick/discrete_diffusion/gen-sample-candi-proj/duo-50k/samples_steps16_temp0.625.json",
  "source_gen_ppl": 16.234949111938477,
  "temperature": 0.625,
  "temperature_label": "0.625",
  "unigram_entropy": 3.8303228267700704,
  "unique_1gram_corpus": 0.031551978826860345,
  "unique_1gram_sample": 0.22849859220390897,
  "unique_2gram_corpus": 0.12828460969749245,
  "unique_2gram_sample": 0.5072126366794423,
  "unique_3gram_corpus": 0.24610699969164354,
  "unique_3gram_sample": 0.7077095794743479,
  "unique_4gram_corpus": 0.3424478362861905,
  "unique_4gram_sample": 0.8369997203701373
}
