{
  "empty_samples": 0,
  "gen_ppl": 19.27636391010846,
  "max_tokens": 1024,
  "mean_tokens": 1017.0625,
  "method": "duo",
  "min_tokens": 996,
  "nfe": 16,
  "num_samples": 256,
  "rank_wasserstein": 0.1646935973167992,
  "rep_1": 0.7375451870181361,
  "rep_2": 0.42794925006716883,
  "rep_3": 0.2304183198587014,
  "source_entropy": 4.061708927154541,
  "source_file": "/data/remote_cache/patrick/discrete_diffusion/gen-sample-candi-proj/duo-50k/samples_steps16_temp0.650.json",
  "source_gen_ppl": 19.272981643676758,
  "temperature": 0.6500000357627869,
  "temperature_label": "0.650",
  "unigram_entropy": 4.102052192146374,
  "unique_1gram_corpus": 0.03491212437780372,
  "unique_1gram_sample": 0.2624548129818646,
  "unique_2gram_corpus": 0.14624853909085317,
  "unique_2gram_sample": 0.5720507499328314,
  "unique_3gram_corpus": 0.2754871929068407,
  "unique_3gram_sample": 0.769581680141298,
  "unique_4gram_corpus": 0.37296224961479196,
  "unique_4gram_sample": 0.8857501824344098
}
