{
  "empty_samples": 0,
  "gen_ppl": 22.389027779342463,
  "max_tokens": 1030,
  "mean_tokens": 1022.5625,
  "method": "duo",
  "min_tokens": 977,
  "nfe": 128,
  "num_samples": 256,
  "rank_wasserstein": 0.2806470988681357,
  "rep_1": 0.6529492494869047,
  "rep_2": 0.2912394330618317,
  "rep_3": 0.13379755553833667,
  "source_entropy": 4.829014778137207,
  "source_file": "/data/remote_cache/patrick/discrete_diffusion/gen-sample-candi-proj/duo-50k/samples_steps128_temp0.725.json",
  "source_gen_ppl": 22.385133743286133,
  "temperature": 0.7250000238418579,
  "temperature_label": "0.725",
  "unigram_entropy": 4.832218570576684,
  "unique_1gram_corpus": 0.045091987042356826,
  "unique_1gram_sample": 0.3470507505130948,
  "unique_2gram_corpus": 0.20805292138268583,
  "unique_2gram_sample": 0.7087605669381688,
  "unique_3gram_corpus": 0.35696460285381837,
  "unique_3gram_sample": 0.866202444461663,
  "unique_4gram_corpus": 0.431136210384356,
  "unique_4gram_sample": 0.9367472905265337
}
