{
  "empty_samples": 0,
  "gen_ppl": 35.877759997879004,
  "max_tokens": 1024,
  "mean_tokens": 1009.5,
  "method": "duo",
  "min_tokens": 988,
  "nfe": 8,
  "num_samples": 256,
  "rank_wasserstein": 0.5638463430859509,
  "rep_1": 0.7161395074750875,
  "rep_2": 0.35424440096570226,
  "rep_3": 0.14771364537675297,
  "source_entropy": 4.178674221038818,
  "source_file": "/data/remote_cache/patrick/discrete_diffusion/gen-sample-candi-proj/duo-50k/samples_steps8_temp0.725.json",
  "source_gen_ppl": 35.87229919433594,
  "temperature": 0.7250000238418579,
  "temperature_label": "0.725",
  "unigram_entropy": 4.262105947552504,
  "unique_1gram_corpus": 0.03296805349182764,
  "unique_1gram_sample": 0.28386049252491286,
  "unique_2gram_corpus": 0.1510984754586019,
  "unique_2gram_sample": 0.6457555990342988,
  "unique_3gram_corpus": 0.29739066377171214,
  "unique_3gram_sample": 0.8522863546232468,
  "unique_4gram_corpus": 0.4023340474416294,
  "unique_4gram_sample": 0.9502513512649219
}
