{
  "empty_samples": 0,
  "gen_ppl": 44.63161582653949,
  "max_tokens": 1027,
  "mean_tokens": 1022.7421875,
  "method": "duo",
  "min_tokens": 1006,
  "nfe": 128,
  "num_samples": 256,
  "rank_wasserstein": 0.7559967462652798,
  "rep_1": 0.5755803183260337,
  "rep_2": 0.18781208168921648,
  "rep_3": 0.07358675123471235,
  "source_entropy": 5.243549823760986,
  "source_file": "/data/remote_cache/patrick/discrete_diffusion/gen-sample-candi-proj/duo-50k/samples_steps128_temp0.875.json",
  "source_gen_ppl": 44.62387466430664,
  "temperature": 0.875,
  "temperature_label": "0.875",
  "unigram_entropy": 5.24340245384498,
  "unique_1gram_corpus": 0.05407872524081246,
  "unique_1gram_sample": 0.42441968167396643,
  "unique_2gram_corpus": 0.2561762614407071,
  "unique_2gram_sample": 0.8121879183107845,
  "unique_3gram_corpus": 0.40438942252497034,
  "unique_3gram_sample": 0.9264132487652876,
  "unique_4gram_corpus": 0.45919618163291887,
  "unique_4gram_sample": 0.9711117547592586
}
