{
  "empty_samples": 0,
  "gen_ppl": 23.623963041957015,
  "max_tokens": 1025,
  "mean_tokens": 1022.5703125,
  "method": "duo",
  "min_tokens": 972,
  "nfe": 128,
  "num_samples": 256,
  "rank_wasserstein": 0.31749280458570867,
  "rep_1": 0.6475294554806201,
  "rep_2": 0.2829556333142695,
  "rep_3": 0.13446727604361058,
  "source_entropy": 4.8641133308410645,
  "source_file": "/data/remote_cache/patrick/discrete_diffusion/gen-sample-candi-proj/duo-50k/samples_steps128_temp0.750.json",
  "source_gen_ppl": 23.61983871459961,
  "temperature": 0.75,
  "temperature_label": "0.750",
  "unigram_entropy": 4.8676077413117484,
  "unique_1gram_corpus": 0.04561116671378038,
  "unique_1gram_sample": 0.35247054451938004,
  "unique_2gram_corpus": 0.21293046091724596,
  "unique_2gram_sample": 0.7170443666857308,
  "unique_3gram_corpus": 0.3597904051809267,
  "unique_3gram_sample": 0.8655327239563879,
  "unique_4gram_corpus": 0.43006781349373585,
  "unique_4gram_sample": 0.9314946700005164
}
