{
  "empty_samples": 0,
  "gen_ppl": 3685.0901977125095,
  "max_tokens": 1034,
  "mean_tokens": 1024.7109375,
  "method": "duo",
  "min_tokens": 1016,
  "nfe": 8,
  "num_samples": 256,
  "rank_wasserstein": 4.41477099495823,
  "rep_1": 0.24355914064019352,
  "rep_2": 0.018730512719435724,
  "rep_3": 0.0031478870036601514,
  "source_entropy": 6.3925862312316895,
  "source_file": "/data/remote_cache/patrick/discrete_diffusion/gen-sample-candi-proj/duo-50k/samples_steps8_temp1.275.json",
  "source_gen_ppl": 3684.99951171875,
  "temperature": 1.274999976158142,
  "temperature_label": "1.275",
  "unigram_entropy": 6.402934462138576,
  "unique_1gram_corpus": 0.10730541387433956,
  "unique_1gram_sample": 0.7564408593598058,
  "unique_2gram_corpus": 0.4517228221467547,
  "unique_2gram_sample": 0.9812694872805651,
  "unique_3gram_corpus": 0.49296065145484963,
  "unique_3gram_sample": 0.9968521129963401,
  "unique_4gram_corpus": 0.4987956782052164,
  "unique_4gram_sample": 0.99970922056216
}
