{
  "empty_samples": 0,
  "gen_ppl": 35.83774534610275,
  "max_tokens": 1025,
  "mean_tokens": 1021.3125,
  "method": "duo",
  "min_tokens": 1008,
  "nfe": 16,
  "num_samples": 256,
  "rank_wasserstein": 0.5984825841461183,
  "rep_1": 0.6343246575801953,
  "rep_2": 0.25165164835771336,
  "rep_3": 0.09768606406609202,
  "source_entropy": 4.857687950134277,
  "source_file": "/data/remote_cache/patrick/discrete_diffusion/gen-sample-candi-proj/duo-50k/samples_steps16_temp0.775.json",
  "source_gen_ppl": 35.83155059814453,
  "temperature": 0.7750000357627869,
  "temperature_label": "0.775",
  "unigram_entropy": 4.868668942964474,
  "unique_1gram_corpus": 0.045816504497888745,
  "unique_1gram_sample": 0.3656753424198047,
  "unique_2gram_corpus": 0.21127871362940276,
  "unique_2gram_sample": 0.7483483516422872,
  "unique_3gram_corpus": 0.36513581458090627,
  "unique_3gram_sample": 0.9023139359339087,
  "unique_4gram_corpus": 0.44218375989688824,
  "unique_4gram_sample": 0.9650343083495524
}
