{
  "empty_samples": 0,
  "gen_ppl": 165.8285718684618,
  "max_tokens": 1025,
  "mean_tokens": 1020.7421875,
  "method": "duo",
  "min_tokens": 1015,
  "nfe": 8,
  "num_samples": 256,
  "rank_wasserstein": 1.7240027547116348,
  "rep_1": 0.5055011815060072,
  "rep_2": 0.10972872316149476,
  "rep_3": 0.029617609748961812,
  "source_entropy": 5.504934787750244,
  "source_file": "/data/remote_cache/patrick/discrete_diffusion/gen-sample-candi-proj/duo-50k/samples_steps8_temp0.975.json",
  "source_gen_ppl": 165.8078155517578,
  "temperature": 0.9750000238418579,
  "temperature_label": "0.975",
  "unigram_entropy": 5.515168601572558,
  "unique_1gram_corpus": 0.06168152768742107,
  "unique_1gram_sample": 0.49449881849399285,
  "unique_2gram_corpus": 0.29822948508737657,
  "unique_2gram_sample": 0.8902712768385052,
  "unique_3gram_corpus": 0.4411230147470456,
  "unique_3gram_sample": 0.9703823902510379,
  "unique_4gram_corpus": 0.4813849590469099,
  "unique_4gram_sample": 0.9945876275286065
}
