{
  "empty_samples": 0,
  "gen_ppl": 10.882575834724154,
  "max_tokens": 1025,
  "mean_tokens": 1020.4140625,
  "method": "duo",
  "min_tokens": 868,
  "nfe": 128,
  "num_samples": 256,
  "rank_wasserstein": 0.17906068592062563,
  "rep_1": 0.766129562436058,
  "rep_2": 0.5058478896866621,
  "rep_3": 0.33730356282182367,
  "source_entropy": 3.9840524196624756,
  "source_file": "/data/remote_cache/patrick/discrete_diffusion/gen-sample-candi-proj/duo-50k/samples_steps128_temp0.600.json",
  "source_gen_ppl": 10.88068675994873,
  "temperature": 0.6000000238418579,
  "temperature_label": "0.600",
  "unigram_entropy": 3.9968780585985275,
  "unique_1gram_corpus": 0.03470940871123089,
  "unique_1gram_sample": 0.23387043756394166,
  "unique_2gram_corpus": 0.14580986320266698,
  "unique_2gram_sample": 0.49415211031333806,
  "unique_3gram_corpus": 0.2639175494986844,
  "unique_3gram_sample": 0.6626964371781764,
  "unique_4gram_corpus": 0.34621320903946123,
  "unique_4gram_sample": 0.7682625683981615
}
