{
  "empty_samples": 0,
  "gen_ppl": 16.10938892695506,
  "max_tokens": 1025,
  "mean_tokens": 1022.0546875,
  "method": "duo",
  "min_tokens": 946,
  "nfe": 128,
  "num_samples": 256,
  "rank_wasserstein": 0.06574976877785649,
  "rep_1": 0.7094117088400121,
  "rep_2": 0.3920638887681813,
  "rep_3": 0.22073083516990905,
  "source_entropy": 4.423293113708496,
  "source_file": "/data/remote_cache/patrick/discrete_diffusion/gen-sample-candi-proj/duo-50k/samples_steps128_temp0.675.json",
  "source_gen_ppl": 16.1065731048584,
  "temperature": 0.675000011920929,
  "temperature_label": "0.675",
  "unigram_entropy": 4.430011689355613,
  "unique_1gram_corpus": 0.04019170940889599,
  "unique_1gram_sample": 0.2905882911599876,
  "unique_2gram_corpus": 0.17764642870806074,
  "unique_2gram_sample": 0.6079361112318192,
  "unique_3gram_corpus": 0.31476176981932646,
  "unique_3gram_sample": 0.7792691648300917,
  "unique_4gram_corpus": 0.39516938952307207,
  "unique_4gram_sample": 0.8691627350693082
}
