{
  "empty_samples": 0,
  "gen_ppl": 107.24717484979101,
  "max_tokens": 1032,
  "mean_tokens": 1022.125,
  "method": "duo",
  "min_tokens": 1013,
  "nfe": 32,
  "num_samples": 256,
  "rank_wasserstein": 1.3971318168455225,
  "rep_1": 0.4983654650869222,
  "rep_2": 0.11523111160921228,
  "rep_3": 0.03515063852356274,
  "source_entropy": 5.5644755363464355,
  "source_file": "/data/remote_cache/patrick/discrete_diffusion/gen-sample-candi-proj/duo-50k/samples_steps32_temp1.000.json",
  "source_gen_ppl": 107.23018646240234,
  "temperature": 1.0,
  "temperature_label": "1.000",
  "unigram_entropy": 5.565066826606753,
  "unique_1gram_corpus": 0.06410893359422772,
  "unique_1gram_sample": 0.5016345349130779,
  "unique_2gram_corpus": 0.3060847410943812,
  "unique_2gram_sample": 0.8847688883907875,
  "unique_3gram_corpus": 0.44227882612424946,
  "unique_3gram_sample": 0.9648493614764362,
  "unique_4gram_corpus": 0.48030249601373726,
  "unique_4gram_sample": 0.9907590791249248
}
