{
  "empty_samples": 0,
  "gen_ppl": 1944.8803079057004,
  "max_tokens": 1034,
  "mean_tokens": 1024.140625,
  "method": "duo",
  "min_tokens": 1013,
  "nfe": 32,
  "num_samples": 256,
  "rank_wasserstein": 3.8307596922026868,
  "rep_1": 0.2664473580301337,
  "rep_2": 0.024970204624115987,
  "rep_3": 0.005465914106780141,
  "source_entropy": 6.327259540557861,
  "source_file": "/data/remote_cache/patrick/discrete_diffusion/gen-sample-candi-proj/duo-50k/samples_steps32_temp1.275.json",
  "source_gen_ppl": 1944.795654296875,
  "temperature": 1.274999976158142,
  "temperature_label": "1.275",
  "unigram_entropy": 6.33165504575806,
  "unique_1gram_corpus": 0.10496986802959798,
  "unique_1gram_sample": 0.7335526419698662,
  "unique_2gram_corpus": 0.4412424978237962,
  "unique_2gram_sample": 0.9750297953758846,
  "unique_3gram_corpus": 0.4903962272803705,
  "unique_3gram_sample": 0.9945340858932199,
  "unique_4gram_corpus": 0.49796489832142365,
  "unique_4gram_sample": 0.999234959680418
}
