{
  "empty_samples": 0,
  "gen_ppl": 934.225598232714,
  "max_tokens": 1036,
  "mean_tokens": 1021.96875,
  "method": "duo",
  "min_tokens": 1004,
  "nfe": 128,
  "num_samples": 256,
  "rank_wasserstein": 3.1746803234817307,
  "rep_1": 0.3184785950045344,
  "rep_2": 0.038875438482824244,
  "rep_3": 0.010567774616989994,
  "source_entropy": 6.187538146972656,
  "source_file": "/data/remote_cache/patrick/discrete_diffusion/gen-sample-candi-proj/duo-50k/samples_steps128_temp1.225.json",
  "source_gen_ppl": 934.1546630859375,
  "temperature": 1.225000023841858,
  "temperature_label": "1.225",
  "unigram_entropy": 6.189884675480945,
  "unique_1gram_corpus": 0.0997003333027551,
  "unique_1gram_sample": 0.6815214049954655,
  "unique_2gram_corpus": 0.4224312081050473,
  "unique_2gram_sample": 0.9611245615171756,
  "unique_3gram_corpus": 0.4847881368914489,
  "unique_3gram_sample": 0.9894322253830105,
  "unique_4gram_corpus": 0.49601312601588615,
  "unique_4gram_sample": 0.9975670473948662
}
