{
  "empty_samples": 0,
  "gen_ppl": 287.46180638325967,
  "max_tokens": 1027,
  "mean_tokens": 1021.1015625,
  "method": "duo",
  "min_tokens": 995,
  "nfe": 128,
  "num_samples": 256,
  "rank_wasserstein": 2.174785035753459,
  "rep_1": 0.41164934133105996,
  "rep_2": 0.07333652601663294,
  "rep_3": 0.023870675516102353,
  "source_entropy": 5.87874698638916,
  "source_file": "/data/remote_cache/patrick/discrete_diffusion/gen-sample-candi-proj/duo-50k/samples_steps128_temp1.125.json",
  "source_gen_ppl": 287.4252014160156,
  "temperature": 1.125,
  "temperature_label": "1.125",
  "unigram_entropy": 5.879058519421798,
  "unique_1gram_corpus": 0.0810781860888593,
  "unique_1gram_sample": 0.5883506586689404,
  "unique_2gram_corpus": 0.36937575149533214,
  "unique_2gram_sample": 0.926663473983366,
  "unique_3gram_corpus": 0.46848480202384146,
  "unique_3gram_sample": 0.9761293244838978,
  "unique_4gram_corpus": 0.48954088875587987,
  "unique_4gram_sample": 0.9921272413753498
}
