{
  "empty_samples": 0,
  "gen_ppl": 55.4872917541554,
  "max_tokens": 1024,
  "mean_tokens": 1016.3515625,
  "method": "duo",
  "min_tokens": 996,
  "nfe": 8,
  "num_samples": 256,
  "rank_wasserstein": 0.8987493081762721,
  "rep_1": 0.6362301636826275,
  "rep_2": 0.23879924071818107,
  "rep_3": 0.0819387875313277,
  "source_entropy": 4.762767791748047,
  "source_file": "/data/remote_cache/patrick/discrete_diffusion/gen-sample-candi-proj/duo-50k/samples_steps8_temp0.800.json",
  "source_gen_ppl": 55.47902297973633,
  "temperature": 0.800000011920929,
  "temperature_label": "0.800",
  "unigram_entropy": 4.805746373118764,
  "unique_1gram_corpus": 0.043826339618580554,
  "unique_1gram_sample": 0.3637698363173721,
  "unique_2gram_corpus": 0.2061631977840188,
  "unique_2gram_sample": 0.7612007592818183,
  "unique_3gram_corpus": 0.3659935149456626,
  "unique_3gram_sample": 0.918061212468672,
  "unique_4gram_corpus": 0.4480066919026436,
  "unique_4gram_sample": 0.9775164719962546
}
