{
  "empty_samples": 0,
  "gen_ppl": 1488.837661721253,
  "max_tokens": 1037,
  "mean_tokens": 1022.9375,
  "method": "duo",
  "min_tokens": 1008,
  "nfe": 64,
  "num_samples": 256,
  "rank_wasserstein": 3.5887586570218843,
  "rep_1": 0.2856865579187243,
  "rep_2": 0.02959096419213688,
  "rep_3": 0.0073135871927286975,
  "source_entropy": 6.285674095153809,
  "source_file": "/data/remote_cache/patrick/discrete_diffusion/gen-sample-candi-proj/duo-50k/samples_steps64_temp1.250.json",
  "source_gen_ppl": 1488.7542724609375,
  "temperature": 1.25,
  "temperature_label": "1.250",
  "unigram_entropy": 6.287971690507791,
  "unique_1gram_corpus": 0.1036842426834484,
  "unique_1gram_sample": 0.7143134420812758,
  "unique_2gram_corpus": 0.43739679530303954,
  "unique_2gram_sample": 0.9704090358078635,
  "unique_3gram_corpus": 0.4896694214876033,
  "unique_3gram_sample": 0.9926864128072709,
  "unique_4gram_corpus": 0.49765227648752985,
  "unique_4gram_sample": 0.9986216099257004
}
