{
  "empty_samples": 0,
  "gen_ppl": 2919.008375985706,
  "max_tokens": 1039,
  "mean_tokens": 1024.265625,
  "method": "duo",
  "min_tokens": 1010,
  "nfe": 64,
  "num_samples": 256,
  "rank_wasserstein": 4.210456067012012,
  "rep_1": 0.23101134556912184,
  "rep_2": 0.01795606531311017,
  "rep_3": 0.0038376574874523306,
  "source_entropy": 6.439163684844971,
  "source_file": "/data/remote_cache/patrick/discrete_diffusion/gen-sample-candi-proj/duo-50k/samples_steps64_temp1.300.json",
  "source_gen_ppl": 2918.90380859375,
  "temperature": 1.2999999523162842,
  "temperature_label": "1.300",
  "unigram_entropy": 6.4436940143842865,
  "unique_1gram_corpus": 0.11253870913611887,
  "unique_1gram_sample": 0.7689886544308787,
  "unique_2gram_corpus": 0.4576417413611446,
  "unique_2gram_sample": 0.9820439346868899,
  "unique_3gram_corpus": 0.4938517386320214,
  "unique_3gram_sample": 0.9961623425125472,
  "unique_4gram_corpus": 0.49875307905325805,
  "unique_4gram_sample": 0.9993729110626208
}
