{
  "empty_samples": 0,
  "gen_ppl": 6194.828123051411,
  "max_tokens": 1039,
  "mean_tokens": 1026.75,
  "method": "duo",
  "min_tokens": 1017,
  "nfe": 16,
  "num_samples": 256,
  "rank_wasserstein": 4.940717260513208,
  "rep_1": 0.18128099677587742,
  "rep_2": 0.010614375042179852,
  "rep_3": 0.0015798249135773159,
  "source_entropy": 6.5660176277160645,
  "source_file": "/data/remote_cache/patrick/discrete_diffusion/gen-sample-candi-proj/duo-50k/samples_steps16_temp1.350.json",
  "source_gen_ppl": 6194.72216796875,
  "temperature": 1.350000023841858,
  "temperature_label": "1.350",
  "unigram_entropy": 6.572663079689598,
  "unique_1gram_corpus": 0.11922479912344777,
  "unique_1gram_sample": 0.8187190032241229,
  "unique_2gram_corpus": 0.47293519985376553,
  "unique_2gram_sample": 0.98938562495782,
  "unique_3gram_corpus": 0.4967751280800195,
  "unique_3gram_sample": 0.9984201750864226,
  "unique_4gram_corpus": 0.49954212454212454,
  "unique_4gram_sample": 0.9997934960682857
}
