{
  "empty_samples": 0,
  "gen_ppl": 49.40990691047145,
  "max_tokens": 1026,
  "mean_tokens": 1022.6640625,
  "method": "duo",
  "min_tokens": 1016,
  "nfe": 32,
  "num_samples": 256,
  "rank_wasserstein": 0.826972098278395,
  "rep_1": 0.5716090774805774,
  "rep_2": 0.1770238070519797,
  "rep_3": 0.06171927997060044,
  "source_entropy": 5.263108730316162,
  "source_file": "/data/remote_cache/patrick/discrete_diffusion/gen-sample-candi-proj/duo-50k/samples_steps32_temp0.875.json",
  "source_gen_ppl": 49.40134811401367,
  "temperature": 0.875,
  "temperature_label": "0.875",
  "unigram_entropy": 5.264005168954624,
  "unique_1gram_corpus": 0.053582478361509846,
  "unique_1gram_sample": 0.4283909225194225,
  "unique_2gram_corpus": 0.2562340850175495,
  "unique_2gram_sample": 0.8229761929480203,
  "unique_3gram_corpus": 0.40724099659382296,
  "unique_3gram_sample": 0.9382807200293997,
  "unique_4gram_corpus": 0.4638054812783009,
  "unique_4gram_sample": 0.9797724263099027
}
