{
  "empty_samples": 0,
  "gen_ppl": 507.1167709058811,
  "max_tokens": 1028,
  "mean_tokens": 1021.5234375,
  "method": "duo",
  "min_tokens": 1013,
  "nfe": 128,
  "num_samples": 256,
  "rank_wasserstein": 2.6370031509539746,
  "rep_1": 0.3606469104980945,
  "rep_2": 0.051396690456477837,
  "rep_3": 0.014297573397436087,
  "source_entropy": 6.046807765960693,
  "source_file": "/data/remote_cache/patrick/discrete_diffusion/gen-sample-candi-proj/duo-50k/samples_steps128_temp1.175.json",
  "source_gen_ppl": 507.0639953613281,
  "temperature": 1.1749999523162842,
  "temperature_label": "1.175",
  "unigram_entropy": 6.047221818088188,
  "unique_1gram_corpus": 0.08926618484952774,
  "unique_1gram_sample": 0.6393530895019064,
  "unique_2gram_corpus": 0.3961202507904185,
  "unique_2gram_sample": 0.9486033095435228,
  "unique_3gram_corpus": 0.4788772327757301,
  "unique_3gram_sample": 0.9857024266025639,
  "unique_4gram_corpus": 0.4942778685443849,
  "unique_4gram_sample": 0.9971619485465183
}
