{
  "empty_samples": 0,
  "gen_ppl": 9481.324946220186,
  "max_tokens": 1039,
  "mean_tokens": 1028.515625,
  "method": "duo",
  "min_tokens": 1019,
  "nfe": 8,
  "num_samples": 256,
  "rank_wasserstein": 5.363833988859334,
  "rep_1": 0.16068111307295738,
  "rep_2": 0.007667239823213265,
  "rep_3": 0.001020200412618708,
  "source_entropy": 6.617964267730713,
  "source_file": "/data/remote_cache/patrick/discrete_diffusion/gen-sample-candi-proj/duo-50k/samples_steps8_temp1.375.json",
  "source_gen_ppl": 9481.2021484375,
  "temperature": 1.375,
  "temperature_label": "1.375",
  "unigram_entropy": 6.626227654303743,
  "unique_1gram_corpus": 0.12228256741359665,
  "unique_1gram_sample": 0.8393188869270425,
  "unique_2gram_corpus": 0.4789464880400237,
  "unique_2gram_sample": 0.9923327601767864,
  "unique_3gram_corpus": 0.4975950195594928,
  "unique_3gram_sample": 0.9989797995873815,
  "unique_4gram_corpus": 0.4996609937074338,
  "unique_4gram_sample": 0.999901032959192
}
