{
  "empty_samples": 0,
  "gen_ppl": 1998.9570157745475,
  "max_tokens": 1032,
  "mean_tokens": 1023.6484375,
  "method": "duo",
  "min_tokens": 1016,
  "nfe": 16,
  "num_samples": 256,
  "rank_wasserstein": 3.8416128705516996,
  "rep_1": 0.2730233158592425,
  "rep_2": 0.025922830819999566,
  "rep_3": 0.005078934657664571,
  "source_entropy": 6.307413578033447,
  "source_file": "/data/remote_cache/patrick/discrete_diffusion/gen-sample-candi-proj/duo-50k/samples_steps16_temp1.250.json",
  "source_gen_ppl": 1998.8751220703125,
  "temperature": 1.25,
  "temperature_label": "1.250",
  "unigram_entropy": 6.312795055652064,
  "unique_1gram_corpus": 0.10400146534683691,
  "unique_1gram_sample": 0.7269766841407572,
  "unique_2gram_corpus": 0.4381278695788356,
  "unique_2gram_sample": 0.9740771691799999,
  "unique_3gram_corpus": 0.4903036605975331,
  "unique_3gram_sample": 0.9949210653423364,
  "unique_4gram_corpus": 0.4979562624863177,
  "unique_4gram_sample": 0.9993106408163362
}
