{
  "empty_samples": 0,
  "gen_ppl": 98.5733339509307,
  "max_tokens": 1024,
  "mean_tokens": 1019.65625,
  "method": "duo",
  "min_tokens": 1009,
  "nfe": 8,
  "num_samples": 256,
  "rank_wasserstein": 1.3324055399497505,
  "rep_1": 0.5608648791652732,
  "rep_2": 0.15551580018319008,
  "rep_3": 0.046228208219554985,
  "source_entropy": 5.2290849685668945,
  "source_file": "/data/remote_cache/patrick/discrete_diffusion/gen-sample-candi-proj/duo-50k/samples_steps8_temp0.900.json",
  "source_gen_ppl": 98.5597915649414,
  "temperature": 0.8999999761581421,
  "temperature_label": "0.900",
  "unigram_entropy": 5.2457568558899075,
  "unique_1gram_corpus": 0.05320803579637746,
  "unique_1gram_sample": 0.4391351208347267,
  "unique_2gram_corpus": 0.2586779458232353,
  "unique_2gram_sample": 0.8444841998168106,
  "unique_3gram_corpus": 0.41436741900813756,
  "unique_3gram_sample": 0.9537717917804452,
  "unique_4gram_corpus": 0.47048381643254544,
  "unique_4gram_sample": 0.9894590849930762
}
