{
  "empty_samples": 0,
  "gen_ppl": 25.709823363572912,
  "max_tokens": 1024,
  "mean_tokens": 1002.8125,
  "method": "duo",
  "min_tokens": 976,
  "nfe": 8,
  "num_samples": 256,
  "rank_wasserstein": 0.31352631828131405,
  "rep_1": 0.773993517921492,
  "rep_2": 0.46091706380892955,
  "rep_3": 0.2338808277838278,
  "source_entropy": 3.7201905250549316,
  "source_file": "/data/remote_cache/patrick/discrete_diffusion/gen-sample-candi-proj/duo-50k/samples_steps8_temp0.675.json",
  "source_gen_ppl": 25.705791473388672,
  "temperature": 0.675000011920929,
  "temperature_label": "0.675",
  "unigram_entropy": 3.83411372339125,
  "unique_1gram_corpus": 0.025977718915550015,
  "unique_1gram_sample": 0.2260064820785087,
  "unique_2gram_corpus": 0.11352080603905422,
  "unique_2gram_sample": 0.53908293619107,
  "unique_3gram_corpus": 0.23751795416224317,
  "unique_3gram_sample": 0.7661191722161731,
  "unique_4gram_corpus": 0.3466782834281428,
  "unique_4gram_sample": 0.9004309174519411
}
