{
  "empty_samples": 0,
  "gen_ppl": 250.0878147969548,
  "max_tokens": 1029,
  "mean_tokens": 1021.9296875,
  "method": "duo",
  "min_tokens": 1015,
  "nfe": 16,
  "num_samples": 256,
  "rank_wasserstein": 2.0553529243084765,
  "rep_1": 0.4371068484195105,
  "rep_2": 0.07848571474030638,
  "rep_3": 0.021180649132751184,
  "source_entropy": 5.780643939971924,
  "source_file": "/data/remote_cache/patrick/discrete_diffusion/gen-sample-candi-proj/duo-50k/samples_steps16_temp1.075.json",
  "source_gen_ppl": 250.05677795410156,
  "temperature": 1.0750000476837158,
  "temperature_label": "1.075",
  "unigram_entropy": 5.783014573943936,
  "unique_1gram_corpus": 0.07305801677280267,
  "unique_1gram_sample": 0.5628931515804896,
  "unique_2gram_corpus": 0.34545336282034605,
  "unique_2gram_sample": 0.9215142852596934,
  "unique_3gram_corpus": 0.4614595062466009,
  "unique_3gram_sample": 0.978819350867248,
  "unique_4gram_corpus": 0.4885833020249496,
  "unique_4gram_sample": 0.996066637342289
}
