{
  "empty_samples": 0,
  "gen_ppl": 193.42208858287697,
  "max_tokens": 1027,
  "mean_tokens": 1021.0,
  "method": "duo",
  "min_tokens": 1013,
  "nfe": 8,
  "num_samples": 256,
  "rank_wasserstein": 1.8502040543941434,
  "rep_1": 0.4903298141428397,
  "rep_2": 0.10197671406675211,
  "rep_3": 0.0287540736775611,
  "source_entropy": 5.562723159790039,
  "source_file": "/data/remote_cache/patrick/discrete_diffusion/gen-sample-candi-proj/duo-50k/samples_steps8_temp1.000.json",
  "source_gen_ppl": 193.3988800048828,
  "temperature": 1.0,
  "temperature_label": "1.000",
  "unigram_entropy": 5.573689389420573,
  "unique_1gram_corpus": 0.0630279750244858,
  "unique_1gram_sample": 0.5096701858571601,
  "unique_2gram_corpus": 0.3090609681372549,
  "unique_2gram_sample": 0.8980232859332479,
  "unique_3gram_corpus": 0.44562300662414134,
  "unique_3gram_sample": 0.9712459263224393,
  "unique_4gram_corpus": 0.48270582637524556,
  "unique_4gram_sample": 0.9944681360668097
}
