{
  "empty_samples": 0,
  "gen_ppl": 283.6858333021087,
  "max_tokens": 1027,
  "mean_tokens": 1021.125,
  "method": "duo",
  "min_tokens": 1002,
  "nfe": 64,
  "num_samples": 256,
  "rank_wasserstein": 2.1598584877407534,
  "rep_1": 0.41256214610359887,
  "rep_2": 0.0710593370587411,
  "rep_3": 0.020824671310819207,
  "source_entropy": 5.8762640953063965,
  "source_file": "/data/remote_cache/patrick/discrete_diffusion/gen-sample-candi-proj/duo-50k/samples_steps64_temp1.125.json",
  "source_gen_ppl": 283.6499328613281,
  "temperature": 1.125,
  "temperature_label": "1.125",
  "unigram_entropy": 5.876768123291398,
  "unique_1gram_corpus": 0.08021942710246052,
  "unique_1gram_sample": 0.5874378538964014,
  "unique_2gram_corpus": 0.36677107584854796,
  "unique_2gram_sample": 0.928940662941258,
  "unique_3gram_corpus": 0.46846636207530973,
  "unique_3gram_sample": 0.9791753286891801,
  "unique_4gram_corpus": 0.4902432473910375,
  "unique_4gram_sample": 0.9953792141321155
}
