{
  "empty_samples": 0,
  "gen_ppl": 421.93105830125813,
  "max_tokens": 1027,
  "mean_tokens": 1021.6484375,
  "method": "duo",
  "min_tokens": 1011,
  "nfe": 64,
  "num_samples": 256,
  "rank_wasserstein": 2.488361735747682,
  "rep_1": 0.3822330606077969,
  "rep_2": 0.057162979873360074,
  "rep_3": 0.01543182844631248,
  "source_entropy": 5.975383281707764,
  "source_file": "/data/remote_cache/patrick/discrete_diffusion/gen-sample-candi-proj/duo-50k/samples_steps64_temp1.150.json",
  "source_gen_ppl": 421.8849182128906,
  "temperature": 1.149999976158142,
  "temperature_label": "1.150",
  "unigram_entropy": 5.976130556501708,
  "unique_1gram_corpus": 0.0875270511046027,
  "unique_1gram_sample": 0.6177669393922025,
  "unique_2gram_corpus": 0.385164149629142,
  "unique_2gram_sample": 0.9428370201266396,
  "unique_3gram_corpus": 0.4757077730529058,
  "unique_3gram_sample": 0.9845681715536864,
  "unique_4gram_corpus": 0.49345026728124736,
  "unique_4gram_sample": 0.997131914311944
}
