{
  "empty_samples": 0,
  "gen_ppl": 188.24519107112602,
  "max_tokens": 1027,
  "mean_tokens": 1021.9765625,
  "method": "duo",
  "min_tokens": 1016,
  "nfe": 16,
  "num_samples": 256,
  "rank_wasserstein": 1.8314462258134467,
  "rep_1": 0.461201681836595,
  "rep_2": 0.09148219925916794,
  "rep_3": 0.02691252880788469,
  "source_entropy": 5.694955825805664,
  "source_file": "/data/remote_cache/patrick/discrete_diffusion/gen-sample-candi-proj/duo-50k/samples_steps16_temp1.050.json",
  "source_gen_ppl": 188.21971130371094,
  "temperature": 1.0499999523162842,
  "temperature_label": "1.050",
  "unigram_entropy": 5.697521016198097,
  "unique_1gram_corpus": 0.06924388248874347,
  "unique_1gram_sample": 0.5387983181634047,
  "unique_2gram_corpus": 0.32970884187167615,
  "unique_2gram_sample": 0.9085178007408324,
  "unique_3gram_corpus": 0.4543456114953622,
  "unique_3gram_sample": 0.9730874711921145,
  "unique_4gram_corpus": 0.48525251286140353,
  "unique_4gram_sample": 0.9941508185577799
}
