{
  "empty_samples": 0,
  "gen_ppl": 5095.914460789617,
  "max_tokens": 1037,
  "mean_tokens": 1026.609375,
  "method": "duo",
  "min_tokens": 1014,
  "nfe": 64,
  "num_samples": 256,
  "rank_wasserstein": 4.752559106194537,
  "rep_1": 0.18930742794862512,
  "rep_2": 0.012759527929450754,
  "rep_3": 0.002685627260713119,
  "source_entropy": 6.5517706871032715,
  "source_file": "/data/remote_cache/patrick/discrete_diffusion/gen-sample-candi-proj/duo-50k/samples_steps64_temp1.350.json",
  "source_gen_ppl": 5095.7998046875,
  "temperature": 1.350000023841858,
  "temperature_label": "1.350",
  "unigram_entropy": 6.556206554902036,
  "unique_1gram_corpus": 0.12010867083694808,
  "unique_1gram_sample": 0.8106925720513741,
  "unique_2gram_corpus": 0.4714841786133244,
  "unique_2gram_sample": 0.9872404720705491,
  "unique_3gram_corpus": 0.4959893252001525,
  "unique_3gram_sample": 0.9973143727392869,
  "unique_4gram_corpus": 0.49922532093846833,
  "unique_4gram_sample": 0.999473738985106
}
