{
  "empty_samples": 0,
  "gen_ppl": 120.70107234851122,
  "max_tokens": 1027,
  "mean_tokens": 1022.2578125,
  "method": "duo",
  "min_tokens": 1015,
  "nfe": 64,
  "num_samples": 256,
  "rank_wasserstein": 1.4885796261375186,
  "rep_1": 0.48035387737790675,
  "rep_2": 0.10581120534275823,
  "rep_3": 0.031203809262954497,
  "source_entropy": 5.633438587188721,
  "source_file": "/data/remote_cache/patrick/discrete_diffusion/gen-sample-candi-proj/duo-50k/samples_steps64_temp1.025.json",
  "source_gen_ppl": 120.6820068359375,
  "temperature": 1.024999976158142,
  "temperature_label": "1.025",
  "unigram_entropy": 5.633097757915291,
  "unique_1gram_corpus": 0.0685217311557597,
  "unique_1gram_sample": 0.5196461226220934,
  "unique_2gram_corpus": 0.3211955232900605,
  "unique_2gram_sample": 0.8941887946572421,
  "unique_3gram_corpus": 0.4499437182697388,
  "unique_3gram_sample": 0.9687961907370448,
  "unique_4gram_corpus": 0.48365078756754687,
  "unique_4gram_sample": 0.9925494512094657
}
