{
  "empty_samples": 0,
  "gen_ppl": 9016.343891033821,
  "max_tokens": 1044,
  "mean_tokens": 1028.8046875,
  "method": "duo",
  "min_tokens": 1021,
  "nfe": 32,
  "num_samples": 256,
  "rank_wasserstein": 5.334560347626486,
  "rep_1": 0.1474722071457205,
  "rep_2": 0.006693843788291171,
  "rep_3": 0.0010812725783816805,
  "source_entropy": 6.656253337860107,
  "source_file": "/data/remote_cache/patrick/discrete_diffusion/gen-sample-candi-proj/duo-50k/samples_steps32_temp1.400.json",
  "source_gen_ppl": 9016.1904296875,
  "temperature": 1.399999976158142,
  "temperature_label": "1.400",
  "unigram_entropy": 6.661533782429633,
  "unique_1gram_corpus": 0.1258628414346139,
  "unique_1gram_sample": 0.8525277928542793,
  "unique_2gram_corpus": 0.48293161243244476,
  "unique_2gram_sample": 0.9933061562117086,
  "unique_3gram_corpus": 0.4981929681734142,
  "unique_3gram_sample": 0.9989187274216187,
  "unique_4gram_corpus": 0.49980198472235976,
  "unique_4gram_sample": 0.9998935949657837
}
