{
  "empty_samples": 0,
  "gen_ppl": 2173.819946391934,
  "max_tokens": 1033,
  "mean_tokens": 1023.359375,
  "method": "duo",
  "min_tokens": 1015,
  "nfe": 8,
  "num_samples": 256,
  "rank_wasserstein": 3.907265978770704,
  "rep_1": 0.28428149865461644,
  "rep_2": 0.02639464698555237,
  "rep_3": 0.0054390298824550185,
  "source_entropy": 6.2708964347839355,
  "source_file": "/data/remote_cache/patrick/discrete_diffusion/gen-sample-candi-proj/duo-50k/samples_steps8_temp1.225.json",
  "source_gen_ppl": 2173.74462890625,
  "temperature": 1.225000023841858,
  "temperature_label": "1.225",
  "unigram_entropy": 6.279843852686454,
  "unique_1gram_corpus": 0.0991335216428735,
  "unique_1gram_sample": 0.7157185013453835,
  "unique_2gram_corpus": 0.4322454188381654,
  "unique_2gram_sample": 0.9736053530144474,
  "unique_3gram_corpus": 0.48952453072651336,
  "unique_3gram_sample": 0.9945609701175454,
  "unique_4gram_corpus": 0.4979403702739537,
  "unique_4gram_sample": 0.9994026702322749
}
