{
  "empty_samples": 0,
  "gen_ppl": 17.678006940971933,
  "max_tokens": 1021,
  "mean_tokens": 999.015625,
  "method": "duo",
  "min_tokens": 958,
  "nfe": 8,
  "num_samples": 256,
  "rank_wasserstein": 0.09825667269300037,
  "rep_1": 0.8325611528458494,
  "rep_2": 0.5811133714192155,
  "rep_3": 0.35041288446865754,
  "source_entropy": 3.254441976547241,
  "source_file": "/data/remote_cache/patrick/discrete_diffusion/gen-sample-candi-proj/duo-50k/samples_steps8_temp0.625.json",
  "source_gen_ppl": 17.67504119873047,
  "temperature": 0.625,
  "temperature_label": "0.625",
  "unigram_entropy": 3.38445332386872,
  "unique_1gram_corpus": 0.0199141342258786,
  "unique_1gram_sample": 0.16743884715415092,
  "unique_2gram_corpus": 0.0819008031562632,
  "unique_2gram_sample": 0.41888662858078435,
  "unique_3gram_corpus": 0.1786581830149352,
  "unique_3gram_sample": 0.6495871155313421,
  "unique_4gram_corpus": 0.2800180406306377,
  "unique_4gram_sample": 0.8188981206623452
}
