{
  "empty_samples": 0,
  "gen_ppl": 28.318276076534058,
  "max_tokens": 1025,
  "mean_tokens": 1022.9921875,
  "method": "duo",
  "min_tokens": 1016,
  "nfe": 128,
  "num_samples": 256,
  "rank_wasserstein": 0.4409422270256959,
  "rep_1": 0.6256639402216657,
  "rep_2": 0.24842267089727804,
  "rep_3": 0.10214142706155507,
  "source_entropy": 4.987342357635498,
  "source_file": "/data/remote_cache/patrick/discrete_diffusion/gen-sample-candi-proj/duo-50k/samples_steps128_temp0.775.json",
  "source_gen_ppl": 28.313316345214844,
  "temperature": 0.7750000357627869,
  "temperature_label": "0.775",
  "unigram_entropy": 4.988702140163223,
  "unique_1gram_corpus": 0.04813544824847453,
  "unique_1gram_sample": 0.3743360597783341,
  "unique_2gram_corpus": 0.22513473225547528,
  "unique_2gram_sample": 0.7515773291027218,
  "unique_3gram_corpus": 0.37744381614085565,
  "unique_3gram_sample": 0.8978585729384448,
  "unique_4gram_corpus": 0.44518953116981597,
  "unique_4gram_sample": 0.9572308691665667
}
