{
  "empty_samples": 0,
  "gen_ppl": 5.993831830505282,
  "max_tokens": 1024,
  "mean_tokens": 1016.9609375,
  "method": "mdlm",
  "min_tokens": 890,
  "nfe": 64,
  "num_samples": 256,
  "rank_wasserstein": 0.5669364969341976,
  "rep_1": 0.8872257016546272,
  "rep_2": 0.7182167604848781,
  "rep_3": 0.5752675497744538,
  "source_entropy": 3.2119855880737305,
  "source_file": "/data/remote_cache/patrick/discrete_diffusion/gen-sample-candi-proj/mdlm-50k/samples_steps64_temp0.624.json",
  "source_gen_ppl": 5.992734909057617,
  "temperature": 0.6241379380226135,
  "temperature_label": "0.624",
  "unigram_entropy": 3.247157453808355,
  "unique_1gram_corpus": 0.012625700040715674,
  "unique_1gram_sample": 0.11277429834537268,
  "unique_2gram_corpus": 0.06823512222880124,
  "unique_2gram_sample": 0.28178323951512235,
  "unique_3gram_corpus": 0.15072547434861255,
  "unique_3gram_sample": 0.4247324502255458,
  "unique_4gram_corpus": 0.22559655435444229,
  "unique_4gram_sample": 0.5449613470925461
}
