{
  "empty_samples": 0,
  "gen_ppl": 33158.41147864374,
  "max_tokens": 1062,
  "mean_tokens": 1040.28125,
  "method": "mdlm",
  "min_tokens": 1029,
  "nfe": 16,
  "num_samples": 256,
  "rank_wasserstein": 6.820430701438452,
  "rep_1": 0.04334376045589028,
  "rep_2": 0.0002779471343932801,
  "rep_3": 7.562923523717589e-06,
  "source_entropy": 6.874022960662842,
  "source_file": "/data/remote_cache/patrick/discrete_diffusion/gen-sample-candi-proj/mdlm-50k/samples_steps16_temp1.607.json",
  "source_gen_ppl": 33158.2890625,
  "temperature": 1.6068965196609497,
  "temperature_label": "1.607",
  "unigram_entropy": 6.882676305123173,
  "unique_1gram_corpus": 0.14728213523986902,
  "unique_1gram_sample": 0.9566562395441098,
  "unique_2gram_corpus": 0.4981545238596386,
  "unique_2gram_sample": 0.9997220528656073,
  "unique_3gram_corpus": 0.49995861550037624,
  "unique_3gram_sample": 0.9999924370764763,
  "unique_4gram_corpus": 0.5,
  "unique_4gram_sample": 1.0
}
