{
  "empty_samples": 0,
  "gen_ppl": 16.738097664662394,
  "max_tokens": 1023,
  "mean_tokens": 1010.453125,
  "method": "mdlm",
  "min_tokens": 973,
  "nfe": 16,
  "num_samples": 256,
  "rank_wasserstein": 0.10401131131116136,
  "rep_1": 0.8100079902019701,
  "rep_2": 0.5208461154623782,
  "rep_3": 0.3118947003255931,
  "source_entropy": 3.7048466205596924,
  "source_file": "/data/remote_cache/patrick/discrete_diffusion/gen-sample-candi-proj/mdlm-50k/samples_steps16_temp0.690.json",
  "source_gen_ppl": 16.735015869140625,
  "temperature": 0.6896551847457886,
  "temperature_label": "0.690",
  "unigram_entropy": 3.785964227207531,
  "unique_1gram_corpus": 0.019224821784780962,
  "unique_1gram_sample": 0.18999200979802877,
  "unique_2gram_corpus": 0.10700023218017181,
  "unique_2gram_sample": 0.4791538845376217,
  "unique_3gram_corpus": 0.2329062146542508,
  "unique_3gram_sample": 0.6881052996744068,
  "unique_4gram_corpus": 0.3372326566062317,
  "unique_4gram_sample": 0.8255264855376659
}
