{
  "empty_samples": 0,
  "gen_ppl": 37642.00717113313,
  "max_tokens": 1060,
  "mean_tokens": 1040.921875,
  "method": "mdlm",
  "min_tokens": 1026,
  "nfe": 16,
  "num_samples": 256,
  "rank_wasserstein": 6.96585326100876,
  "rep_1": 0.03903491887033035,
  "rep_2": 0.0001654427117534895,
  "rep_3": 1.5038498556304083e-05,
  "source_entropy": 6.881838798522949,
  "source_file": "/data/remote_cache/patrick/discrete_diffusion/gen-sample-candi-proj/mdlm-50k/samples_steps16_temp1.672.json",
  "source_gen_ppl": 37641.80859375,
  "temperature": 1.6724138259887695,
  "temperature_label": "1.672",
  "unigram_entropy": 6.890267237117868,
  "unique_1gram_corpus": 0.1489890271544154,
  "unique_1gram_sample": 0.9609650811296693,
  "unique_2gram_corpus": 0.49862144091353017,
  "unique_2gram_sample": 0.9998345572882468,
  "unique_3gram_corpus": 0.4999511212043735,
  "unique_3gram_sample": 0.9999849615014437,
  "unique_4gram_corpus": 0.49999623647011004,
  "unique_4gram_sample": 0.9999924735067437
}
