{
  "empty_samples": 0,
  "gen_ppl": 13186.65924884577,
  "max_tokens": 1048,
  "mean_tokens": 1029.5390625,
  "method": "mdlm",
  "min_tokens": 1017,
  "nfe": 16,
  "num_samples": 256,
  "rank_wasserstein": 5.787034307094118,
  "rep_1": 0.10514450291260673,
  "rep_2": 0.0031328467857728425,
  "rep_3": 0.0001597630859481447,
  "source_entropy": 6.744835376739502,
  "source_file": "/data/remote_cache/patrick/discrete_diffusion/gen-sample-candi-proj/mdlm-50k/samples_steps16_temp1.345.json",
  "source_gen_ppl": 13186.52734375,
  "temperature": 1.344827651977539,
  "temperature_label": "1.345",
  "unigram_entropy": 6.75149589230807,
  "unique_1gram_corpus": 0.13108111184465135,
  "unique_1gram_sample": 0.8948554970873939,
  "unique_2gram_corpus": 0.4906990345833365,
  "unique_2gram_sample": 0.9968671532142267,
  "unique_3gram_corpus": 0.4993195210036115,
  "unique_3gram_sample": 0.9998402369140515,
  "unique_4gram_corpus": 0.4999429210712573,
  "unique_4gram_sample": 1.0
}
