{
  "empty_samples": 0,
  "gen_ppl": 36.36719400753519,
  "max_tokens": 1027,
  "mean_tokens": 1021.609375,
  "method": "mdlm",
  "min_tokens": 1010,
  "nfe": 32,
  "num_samples": 256,
  "rank_wasserstein": 0.5911756137855512,
  "rep_1": 0.6329754955443025,
  "rep_2": 0.23395837721875168,
  "rep_3": 0.09204419325002529,
  "source_entropy": 5.008705139160156,
  "source_file": "/data/remote_cache/patrick/discrete_diffusion/gen-sample-candi-proj/mdlm-50k/samples_steps32_temp0.821.json",
  "source_gen_ppl": 36.36076736450195,
  "temperature": 0.8206896185874939,
  "temperature_label": "0.821",
  "unigram_entropy": 5.021276263736074,
  "unique_1gram_corpus": 0.041165134668032975,
  "unique_1gram_sample": 0.36702450445569756,
  "unique_2gram_corpus": 0.21539674520430502,
  "unique_2gram_sample": 0.7660416227812484,
  "unique_3gram_corpus": 0.3728105126043981,
  "unique_3gram_sample": 0.9079558067499749,
  "unique_4gram_corpus": 0.4439186390759461,
  "unique_4gram_sample": 0.9644350083189301
}
