{
  "empty_samples": 0,
  "gen_ppl": 31468.84954346285,
  "max_tokens": 1053,
  "mean_tokens": 1039.4453125,
  "method": "mdlm",
  "min_tokens": 1029,
  "nfe": 64,
  "num_samples": 256,
  "rank_wasserstein": 6.771638877863428,
  "rep_1": 0.04423439560902482,
  "rep_2": 0.0004890646720184929,
  "rep_3": 2.2623251933230615e-05,
  "source_entropy": 6.871479034423828,
  "source_file": "/data/remote_cache/patrick/discrete_diffusion/gen-sample-candi-proj/mdlm-50k/samples_steps64_temp1.607.json",
  "source_gen_ppl": 31468.787109375,
  "temperature": 1.6068965196609497,
  "temperature_label": "1.607",
  "unigram_entropy": 6.880319206318738,
  "unique_1gram_corpus": 0.14694962006478815,
  "unique_1gram_sample": 0.9557656043909749,
  "unique_2gram_corpus": 0.498149276638003,
  "unique_2gram_sample": 0.9995109353279827,
  "unique_3gram_corpus": 0.49993599060191424,
  "unique_3gram_sample": 0.9999773767480669,
  "unique_4gram_corpus": 0.5,
  "unique_4gram_sample": 1.0
}
