{
  "empty_samples": 0,
  "gen_ppl": 39195.84619427934,
  "max_tokens": 1056,
  "mean_tokens": 1041.2578125,
  "method": "mdlm",
  "min_tokens": 1022,
  "nfe": 64,
  "num_samples": 256,
  "rank_wasserstein": 7.022059367844912,
  "rep_1": 0.03453482982422865,
  "rep_2": 0.00012753296546737236,
  "rep_3": 0.0,
  "source_entropy": 6.888511657714844,
  "source_file": "/data/remote_cache/patrick/discrete_diffusion/gen-sample-candi-proj/mdlm-50k/samples_steps64_temp1.738.json",
  "source_gen_ppl": 39195.671875,
  "temperature": 1.7379310131072998,
  "temperature_label": "1.738",
  "unigram_entropy": 6.897887302325112,
  "unique_1gram_corpus": 0.1517433092488802,
  "unique_1gram_sample": 0.9654651701757705,
  "unique_2gram_corpus": 0.49887723145554363,
  "unique_2gram_sample": 0.9998724670345326,
  "unique_3gram_corpus": 0.49997368915617363,
  "unique_3gram_sample": 1.0,
  "unique_4gram_corpus": 0.5,
  "unique_4gram_sample": 1.0
}
