{
  "empty_samples": 0,
  "gen_ppl": 14.576764420035229,
  "max_tokens": 1014,
  "mean_tokens": 984.328125,
  "method": "mdlm",
  "min_tokens": 950,
  "nfe": 8,
  "num_samples": 256,
  "rank_wasserstein": 0.23814941594473688,
  "rep_1": 0.8942536543788594,
  "rep_2": 0.6854555105792823,
  "rep_3": 0.46293228098238726,
  "source_entropy": 2.803407907485962,
  "source_file": "/data/remote_cache/patrick/discrete_diffusion/gen-sample-candi-proj/mdlm-50k/samples_steps8_temp0.624.json",
  "source_gen_ppl": 14.574663162231445,
  "temperature": 0.6241379380226135,
  "temperature_label": "0.624",
  "unigram_entropy": 2.999289696692894,
  "unique_1gram_corpus": 0.008333730177627506,
  "unique_1gram_sample": 0.10574634562113981,
  "unique_2gram_corpus": 0.050625268142310074,
  "unique_2gram_sample": 0.31454448942071744,
  "unique_3gram_corpus": 0.13091905390574052,
  "unique_3gram_sample": 0.5370677190176131,
  "unique_4gram_corpus": 0.22684101584268768,
  "unique_4gram_sample": 0.7251792851429577
}
