{
  "empty_samples": 0,
  "gen_ppl": 30617.13263243531,
  "max_tokens": 1052,
  "mean_tokens": 1038.3828125,
  "method": "mdlm",
  "min_tokens": 1023,
  "nfe": 8,
  "num_samples": 256,
  "rank_wasserstein": 6.727214149868417,
  "rep_1": 0.051299008877063755,
  "rep_2": 0.00033911658560738765,
  "rep_3": 0.0,
  "source_entropy": 6.859806060791016,
  "source_file": "/data/remote_cache/patrick/discrete_diffusion/gen-sample-candi-proj/mdlm-50k/samples_steps8_temp1.541.json",
  "source_gen_ppl": 30616.93359375,
  "temperature": 1.5413793325424194,
  "temperature_label": "1.541",
  "unigram_entropy": 6.867759512698353,
  "unique_1gram_corpus": 0.14356759684906667,
  "unique_1gram_sample": 0.9487009911229366,
  "unique_2gram_corpus": 0.49790639002899423,
  "unique_2gram_sample": 0.9996608834143927,
  "unique_3gram_corpus": 0.49996607793030146,
  "unique_3gram_sample": 1.0,
  "unique_4gram_corpus": 0.5,
  "unique_4gram_sample": 1.0
}
