{
  "empty_samples": 0,
  "gen_ppl": 1.8371552537133378,
  "max_tokens": 1024,
  "mean_tokens": 973.921875,
  "method": "mdlm",
  "min_tokens": 333,
  "nfe": 128,
  "num_samples": 256,
  "rank_wasserstein": 1.1445351286516974,
  "rep_1": 0.9877241369591433,
  "rep_2": 0.9726877109928254,
  "rep_3": 0.9546370033303603,
  "source_entropy": 1.1662001609802246,
  "source_file": "/data/remote_cache/patrick/discrete_diffusion/gen-sample-candi-proj/mdlm-50k/samples_steps128_temp0.166.json",
  "source_gen_ppl": 1.837955355644226,
  "temperature": 0.16551724076271057,
  "temperature_label": "0.166",
  "unigram_entropy": 1.2975856144671842,
  "unique_1gram_corpus": 0.0008302449824324975,
  "unique_1gram_sample": 0.012275863040856727,
  "unique_2gram_corpus": 0.003942698379558996,
  "unique_2gram_sample": 0.02731228900717441,
  "unique_3gram_corpus": 0.009561435943604006,
  "unique_3gram_sample": 0.04536299666963924,
  "unique_4gram_corpus": 0.017324063792465278,
  "unique_4gram_sample": 0.06729424435381787
}
