{
  "empty_samples": 0,
  "gen_ppl": 2.2250382473341825,
  "max_tokens": 1024,
  "mean_tokens": 978.3203125,
  "method": "mdlm",
  "min_tokens": 634,
  "nfe": 64,
  "num_samples": 256,
  "rank_wasserstein": 1.073477110885015,
  "rep_1": 0.98616492813005,
  "rep_2": 0.96521814297274,
  "rep_3": 0.9383532485475125,
  "source_entropy": 1.3687111139297485,
  "source_file": "/data/remote_cache/patrick/discrete_diffusion/gen-sample-candi-proj/mdlm-50k/samples_steps64_temp0.231.json",
  "source_gen_ppl": 2.2248926162719727,
  "temperature": 0.23103448748588562,
  "temperature_label": "0.231",
  "unigram_entropy": 1.502898550061426,
  "unique_1gram_corpus": 0.0008584547813934917,
  "unique_1gram_sample": 0.013835071869951034,
  "unique_2gram_corpus": 0.0047802904945762085,
  "unique_2gram_sample": 0.03478185702725943,
  "unique_3gram_corpus": 0.013359313109651194,
  "unique_3gram_sample": 0.061646751452487596,
  "unique_4gram_corpus": 0.027002346985365386,
  "unique_4gram_sample": 0.09673089739556519
}
