{
  "empty_samples": 0,
  "gen_ppl": 5942.182919204376,
  "max_tokens": 1039,
  "mean_tokens": 1026.3828125,
  "method": "mdlm",
  "min_tokens": 1017,
  "nfe": 32,
  "num_samples": 256,
  "rank_wasserstein": 4.930410401526648,
  "rep_1": 0.16183364400142974,
  "rep_2": 0.009183504563352957,
  "rep_3": 0.0009309320604752244,
  "source_entropy": 6.601070880889893,
  "source_file": "/data/remote_cache/patrick/discrete_diffusion/gen-sample-candi-proj/mdlm-50k/samples_steps32_temp1.279.json",
  "source_gen_ppl": 5942.0576171875,
  "temperature": 1.2793103456497192,
  "temperature_label": "1.279",
  "unigram_entropy": 6.607039824621979,
  "unique_1gram_corpus": 0.12314179803161893,
  "unique_1gram_sample": 0.8381663559985701,
  "unique_2gram_corpus": 0.4757864821827214,
  "unique_2gram_sample": 0.9908164954366471,
  "unique_3gram_corpus": 0.4974107885083244,
  "unique_3gram_sample": 0.9990690679395244,
  "unique_4gram_corpus": 0.49970227416732194,
  "unique_4gram_sample": 0.9999387098980714
}
