{
  "empty_samples": 0,
  "gen_ppl": 2.34211845527365,
  "max_tokens": 1024,
  "mean_tokens": 953.03125,
  "method": "mdlm",
  "min_tokens": 276,
  "nfe": 32,
  "num_samples": 256,
  "rank_wasserstein": 1.0618863022959686,
  "rep_1": 0.9874563014333863,
  "rep_2": 0.9661624202501814,
  "rep_3": 0.9377059962301153,
  "source_entropy": 1.176071286201477,
  "source_file": "/data/remote_cache/patrick/discrete_diffusion/gen-sample-candi-proj/mdlm-50k/samples_steps32_temp0.100.json",
  "source_gen_ppl": 2.3421099185943604,
  "temperature": 0.10000000149011612,
  "temperature_label": "0.100",
  "unigram_entropy": 1.383082120815731,
  "unique_1gram_corpus": 0.000504147948978588,
  "unique_1gram_sample": 0.012543698566614327,
  "unique_2gram_corpus": 0.0031552601345806665,
  "unique_2gram_sample": 0.03383757974981925,
  "unique_3gram_corpus": 0.009278579173923045,
  "unique_3gram_sample": 0.06229400376988492,
  "unique_4gram_corpus": 0.019448373408769447,
  "unique_4gram_sample": 0.10070009053852098
}
