{
  "empty_samples": 0,
  "gen_ppl": 35588.169066764785,
  "max_tokens": 1070,
  "mean_tokens": 1039.984375,
  "method": "mdlm",
  "min_tokens": 1025,
  "nfe": 128,
  "num_samples": 256,
  "rank_wasserstein": 6.909836293078843,
  "rep_1": 0.03871820222166952,
  "rep_2": 0.00024084823197844437,
  "rep_3": 1.5199416342412397e-05,
  "source_entropy": 6.88119649887085,
  "source_file": "/data/remote_cache/patrick/discrete_diffusion/gen-sample-candi-proj/mdlm-50k/samples_steps128_temp1.672.json",
  "source_gen_ppl": 35588.0078125,
  "temperature": 1.6724138259887695,
  "temperature_label": "1.672",
  "unigram_entropy": 6.890150350940907,
  "unique_1gram_corpus": 0.14957781817635482,
  "unique_1gram_sample": 0.9612817977783312,
  "unique_2gram_corpus": 0.49857508083314533,
  "unique_2gram_sample": 0.9997591517680218,
  "unique_3gram_corpus": 0.4999698935737833,
  "unique_3gram_sample": 0.9999848005836576,
  "unique_4gram_corpus": 0.499996233067639,
  "unique_4gram_sample": 0.9999923928919181
}
