{
  "empty_samples": 0,
  "gen_ppl": 22.16597802855872,
  "max_tokens": 1025,
  "mean_tokens": 1019.7734375,
  "method": "mdlm",
  "min_tokens": 973,
  "nfe": 32,
  "num_samples": 256,
  "rank_wasserstein": 0.2459072401099063,
  "rep_1": 0.709426176015663,
  "rep_2": 0.34636567572273,
  "rep_3": 0.17031429621560126,
  "source_entropy": 4.542919158935547,
  "source_file": "/data/remote_cache/patrick/discrete_diffusion/gen-sample-candi-proj/mdlm-50k/samples_steps32_temp0.755.json",
  "source_gen_ppl": 22.16193199157715,
  "temperature": 0.7551723718643188,
  "temperature_label": "0.755",
  "unigram_entropy": 4.570197388395999,
  "unique_1gram_corpus": 0.031138197056637888,
  "unique_1gram_sample": 0.2905738239843367,
  "unique_2gram_corpus": 0.1646511199895708,
  "unique_2gram_sample": 0.65363432427727,
  "unique_3gram_corpus": 0.31353291114949144,
  "unique_3gram_sample": 0.8296857037843993,
  "unique_4gram_corpus": 0.40266775261819326,
  "unique_4gram_sample": 0.9178081629003811
}
