{
  "empty_samples": 0,
  "gen_ppl": 63.10078929874852,
  "max_tokens": 1029,
  "mean_tokens": 1021.4296875,
  "method": "mdlm",
  "min_tokens": 1007,
  "nfe": 32,
  "num_samples": 256,
  "rank_wasserstein": 0.9885063253334041,
  "rep_1": 0.5598795028652723,
  "rep_2": 0.16523444769770224,
  "rep_3": 0.05735724968250096,
  "source_entropy": 5.319186210632324,
  "source_file": "/data/remote_cache/patrick/discrete_diffusion/gen-sample-candi-proj/mdlm-50k/samples_steps32_temp0.886.json",
  "source_gen_ppl": 63.09014892578125,
  "temperature": 0.886206865310669,
  "temperature_label": "0.886",
  "unigram_entropy": 5.327785068917555,
  "unique_1gram_corpus": 0.05370077174303787,
  "unique_1gram_sample": 0.4401204971347275,
  "unique_2gram_corpus": 0.2617463537878498,
  "unique_2gram_sample": 0.8347655523022981,
  "unique_3gram_corpus": 0.4102171097503966,
  "unique_3gram_sample": 0.9426427503174993,
  "unique_4gram_corpus": 0.4644059865448492,
  "unique_4gram_sample": 0.9810718781697059
}
