{
  "empty_samples": 0,
  "gen_ppl": 1852.9092002824327,
  "max_tokens": 1031,
  "mean_tokens": 1022.953125,
  "method": "mdlm",
  "min_tokens": 1012,
  "nfe": 128,
  "num_samples": 256,
  "rank_wasserstein": 3.8023991893679234,
  "rep_1": 0.24611184099919334,
  "rep_2": 0.021705165731809986,
  "rep_3": 0.004110901154748655,
  "source_entropy": 6.368325233459473,
  "source_file": "/data/remote_cache/patrick/discrete_diffusion/gen-sample-candi-proj/mdlm-50k/samples_steps128_temp1.214.json",
  "source_gen_ppl": 1852.8104248046875,
  "temperature": 1.213793158531189,
  "temperature_label": "1.214",
  "unigram_entropy": 6.370210836379143,
  "unique_1gram_corpus": 0.1105523224732316,
  "unique_1gram_sample": 0.7538881590008066,
  "unique_2gram_corpus": 0.44757663787172236,
  "unique_2gram_sample": 0.9782948342681904,
  "unique_3gram_corpus": 0.4925047060804089,
  "unique_3gram_sample": 0.9958890988452519,
  "unique_4gram_corpus": 0.4988319009758414,
  "unique_4gram_sample": 0.9995707493129715
}
