{
  "empty_samples": 0,
  "gen_ppl": 26693.60848506553,
  "max_tokens": 1053,
  "mean_tokens": 1037.796875,
  "method": "mdlm",
  "min_tokens": 1025,
  "nfe": 32,
  "num_samples": 256,
  "rank_wasserstein": 6.57979363280851,
  "rep_1": 0.053099410427488905,
  "rep_2": 0.000625486673773097,
  "rep_3": 1.5140518092098161e-05,
  "source_entropy": 6.855292797088623,
  "source_file": "/data/remote_cache/patrick/discrete_diffusion/gen-sample-candi-proj/mdlm-50k/samples_steps32_temp1.541.json",
  "source_gen_ppl": 26693.537109375,
  "temperature": 1.5413793325424194,
  "temperature_label": "1.541",
  "unigram_entropy": 6.863324351159133,
  "unique_1gram_corpus": 0.1442922958791912,
  "unique_1gram_sample": 0.9469005895725108,
  "unique_2gram_corpus": 0.49741164946123123,
  "unique_2gram_sample": 0.9993745133262274,
  "unique_3gram_corpus": 0.49990194747401606,
  "unique_3gram_sample": 0.999984859481908,
  "unique_4gram_corpus": 0.5,
  "unique_4gram_sample": 1.0
}
