{
  "empty_samples": 0,
  "gen_ppl": 2.6964990916661287,
  "max_tokens": 1024,
  "mean_tokens": 1000.671875,
  "method": "mdlm",
  "min_tokens": 892,
  "nfe": 64,
  "num_samples": 256,
  "rank_wasserstein": 0.9875945486732718,
  "rep_1": 0.9762065232660507,
  "rep_2": 0.9375829557537688,
  "rep_3": 0.8897215744359611,
  "source_entropy": 1.7985575199127197,
  "source_file": "/data/remote_cache/patrick/discrete_diffusion/gen-sample-candi-proj/mdlm-50k/samples_steps64_temp0.428.json",
  "source_gen_ppl": 2.6961731910705566,
  "temperature": 0.4275861978530884,
  "temperature_label": "0.428",
  "unigram_entropy": 1.8949027426763043,
  "unique_1gram_corpus": 0.0021469949877426105,
  "unique_1gram_sample": 0.023793476733948035,
  "unique_2gram_corpus": 0.012773722627737226,
  "unique_2gram_sample": 0.06241704424623193,
  "unique_3gram_corpus": 0.03376750371587264,
  "unique_3gram_sample": 0.110278425564039,
  "unique_4gram_corpus": 0.06259494761241015,
  "unique_4gram_sample": 0.16882680569511563
}
