{
  "empty_samples": 0,
  "gen_ppl": 2.9527801233499917,
  "max_tokens": 1025,
  "mean_tokens": 1004.7890625,
  "method": "mdlm",
  "min_tokens": 209,
  "nfe": 128,
  "num_samples": 256,
  "rank_wasserstein": 0.9310557139063119,
  "rep_1": 0.9609322591637466,
  "rep_2": 0.9024818609835458,
  "rep_3": 0.8392454738302513,
  "source_entropy": 2.166208267211914,
  "source_file": "/data/remote_cache/patrick/discrete_diffusion/gen-sample-candi-proj/mdlm-50k/samples_steps128_temp0.493.json",
  "source_gen_ppl": 2.9525535106658936,
  "temperature": 0.4931034445762634,
  "temperature_label": "0.493",
  "unigram_entropy": 2.2267943807514117,
  "unique_1gram_corpus": 0.004513540621865597,
  "unique_1gram_sample": 0.03906774083625348,
  "unique_2gram_corpus": 0.02393275479627972,
  "unique_2gram_sample": 0.0975181390164535,
  "unique_3gram_corpus": 0.056560997841956416,
  "unique_3gram_sample": 0.1607545261697488,
  "unique_4gram_corpus": 0.09448330720819784,
  "unique_4gram_sample": 0.23056153071618848
}
