{
  "empty_samples": 0,
  "gen_ppl": 35499.82460420335,
  "max_tokens": 1056,
  "mean_tokens": 1040.5390625,
  "method": "mdlm",
  "min_tokens": 1026,
  "nfe": 8,
  "num_samples": 256,
  "rank_wasserstein": 6.89525681689949,
  "rep_1": 0.04398049494026865,
  "rep_2": 0.00021030075246255848,
  "rep_3": 0.0,
  "source_entropy": 6.8722944259643555,
  "source_file": "/data/remote_cache/patrick/discrete_diffusion/gen-sample-candi-proj/mdlm-50k/samples_steps8_temp1.607.json",
  "source_gen_ppl": 35499.70703125,
  "temperature": 1.6068965196609497,
  "temperature_label": "1.607",
  "unigram_entropy": 6.88164727918287,
  "unique_1gram_corpus": 0.14651735503682736,
  "unique_1gram_sample": 0.9560195050597317,
  "unique_2gram_corpus": 0.498354138327534,
  "unique_2gram_sample": 0.9997896992475375,
  "unique_3gram_corpus": 0.4999774322403015,
  "unique_3gram_sample": 1.0,
  "unique_4gram_corpus": 0.5,
  "unique_4gram_sample": 1.0
}
