{
  "empty_samples": 0,
  "gen_ppl": 162.05428483412518,
  "max_tokens": 1029,
  "mean_tokens": 1021.7734375,
  "method": "mdlm",
  "min_tokens": 1013,
  "nfe": 64,
  "num_samples": 256,
  "rank_wasserstein": 1.7107764608782146,
  "rep_1": 0.4534209609600387,
  "rep_2": 0.09145226825633081,
  "rep_3": 0.02574655182395858,
  "source_entropy": 5.713606357574463,
  "source_file": "/data/remote_cache/patrick/discrete_diffusion/gen-sample-candi-proj/mdlm-50k/samples_steps64_temp1.017.json",
  "source_gen_ppl": 162.03053283691406,
  "temperature": 1.017241358757019,
  "temperature_label": "1.017",
  "unigram_entropy": 5.715388242435862,
  "unique_1gram_corpus": 0.07449134852852347,
  "unique_1gram_sample": 0.5465790390399613,
  "unique_2gram_corpus": 0.33579011013401294,
  "unique_2gram_sample": 0.9085477317436692,
  "unique_3gram_corpus": 0.45608705977890307,
  "unique_3gram_sample": 0.9742534481760414,
  "unique_4gram_corpus": 0.4865225493278529,
  "unique_4gram_sample": 0.9944706783601499
}
