{
  "empty_samples": 0,
  "gen_ppl": 2.3948186258524267,
  "max_tokens": 1024,
  "mean_tokens": 996.8359375,
  "method": "mdlm",
  "min_tokens": 627,
  "nfe": 64,
  "num_samples": 256,
  "rank_wasserstein": 1.0392117340061908,
  "rep_1": 0.9813908296540309,
  "rep_2": 0.9517961675993959,
  "rep_3": 0.9149009597703694,
  "source_entropy": 1.63620924949646,
  "source_file": "/data/remote_cache/patrick/discrete_diffusion/gen-sample-candi-proj/mdlm-50k/samples_steps64_temp0.362.json",
  "source_gen_ppl": 2.3944122791290283,
  "temperature": 0.36206895112991333,
  "temperature_label": "0.362",
  "unigram_entropy": 1.7337957671450706,
  "unique_1gram_corpus": 0.0015713781888005015,
  "unique_1gram_sample": 0.018609170345969407,
  "unique_2gram_corpus": 0.008935646088791608,
  "unique_2gram_sample": 0.048203832400604774,
  "unique_3gram_corpus": 0.023268597994330096,
  "unique_3gram_sample": 0.08509904022963069,
  "unique_4gram_corpus": 0.044272900928378836,
  "unique_4gram_sample": 0.1312413781076575
}
