{
  "empty_samples": 0,
  "gen_ppl": 1.934643079823516,
  "max_tokens": 1024,
  "mean_tokens": 984.71875,
  "method": "mdlm",
  "min_tokens": 134,
  "nfe": 128,
  "num_samples": 256,
  "rank_wasserstein": 1.1212113497967862,
  "rep_1": 0.9870898279198326,
  "rep_2": 0.9709298739373526,
  "rep_3": 0.9521498883924079,
  "source_entropy": 1.2971748113632202,
  "source_file": "/data/remote_cache/patrick/discrete_diffusion/gen-sample-candi-proj/mdlm-50k/samples_steps128_temp0.231.json",
  "source_gen_ppl": 1.935408115386963,
  "temperature": 0.23103448748588562,
  "temperature_label": "0.231",
  "unigram_entropy": 1.4032519264686796,
  "unique_1gram_corpus": 0.0008965123290279584,
  "unique_1gram_sample": 0.012910172080167457,
  "unique_2gram_corpus": 0.004689634359414213,
  "unique_2gram_sample": 0.02907012606264658,
  "unique_3gram_corpus": 0.011706204089420294,
  "unique_3gram_sample": 0.047850111607592075,
  "unique_4gram_corpus": 0.02138707623746618,
  "unique_4gram_sample": 0.07146747184391805
}
