{
  "empty_samples": 0,
  "gen_ppl": 52199.71515419742,
  "max_tokens": 1070,
  "mean_tokens": 1047.546875,
  "method": "mdlm",
  "min_tokens": 1033,
  "nfe": 128,
  "num_samples": 256,
  "rank_wasserstein": 7.346976331405671,
  "rep_1": 0.025651181063661585,
  "rep_2": 3.730963288105845e-05,
  "rep_3": 0.0,
  "source_entropy": 6.904413223266602,
  "source_file": "/data/remote_cache/patrick/discrete_diffusion/gen-sample-candi-proj/mdlm-50k/samples_steps128_temp2.000.json",
  "source_gen_ppl": 52199.40234375,
  "temperature": 2.0,
  "temperature_label": "2.000",
  "unigram_entropy": 6.917028151168848,
  "unique_1gram_corpus": 0.15639216622167862,
  "unique_1gram_sample": 0.974348818936338,
  "unique_2gram_corpus": 0.49901088400842053,
  "unique_2gram_sample": 0.999962690367119,
  "unique_3gram_corpus": 0.49994395875364267,
  "unique_3gram_sample": 1.0,
  "unique_4gram_corpus": 0.4999962603401595,
  "unique_4gram_sample": 1.0
}
