{
  "empty_samples": 0,
  "gen_ppl": 9243.358292190538,
  "max_tokens": 1044,
  "mean_tokens": 1027.9765625,
  "method": "mdlm",
  "min_tokens": 1018,
  "nfe": 128,
  "num_samples": 256,
  "rank_wasserstein": 5.410749328798951,
  "rep_1": 0.12235127092557896,
  "rep_2": 0.005631216898121414,
  "rep_3": 0.0006169933671907974,
  "source_entropy": 6.702573776245117,
  "source_file": "/data/remote_cache/patrick/discrete_diffusion/gen-sample-candi-proj/mdlm-50k/samples_steps128_temp1.345.json",
  "source_gen_ppl": 9243.2431640625,
  "temperature": 1.344827651977539,
  "temperature_label": "1.345",
  "unigram_entropy": 6.70641825118901,
  "unique_1gram_corpus": 0.13059636269674194,
  "unique_1gram_sample": 0.8776487290744207,
  "unique_2gram_corpus": 0.4857135249861167,
  "unique_2gram_sample": 0.9943687831018785,
  "unique_3gram_corpus": 0.4985646297353893,
  "unique_3gram_sample": 0.9993830066328089,
  "unique_4gram_corpus": 0.4997751472975754,
  "unique_4gram_sample": 0.9998858854577078
}
