{
  "empty_samples": 0,
  "gen_ppl": 337.57392524152283,
  "max_tokens": 1026,
  "mean_tokens": 1017.3125,
  "method": "mdlm",
  "min_tokens": 1005,
  "nfe": 8,
  "num_samples": 256,
  "rank_wasserstein": 2.269629192220463,
  "rep_1": 0.4652101207131802,
  "rep_2": 0.08646921705801341,
  "rep_3": 0.018061032322474153,
  "source_entropy": 5.589811325073242,
  "source_file": "/data/remote_cache/patrick/discrete_diffusion/gen-sample-candi-proj/mdlm-50k/samples_steps8_temp0.952.json",
  "source_gen_ppl": 337.5462341308594,
  "temperature": 0.951724112033844,
  "temperature_label": "0.952",
  "unigram_entropy": 5.623002024469783,
  "unique_1gram_corpus": 0.0679371198623825,
  "unique_1gram_sample": 0.5347898792868194,
  "unique_2gram_corpus": 0.32977292294446836,
  "unique_2gram_sample": 0.913530782941986,
  "unique_3gram_corpus": 0.4575907971683595,
  "unique_3gram_sample": 0.981938967677526,
  "unique_4gram_corpus": 0.490117998644402,
  "unique_4gram_sample": 0.9976976420003565
}
