{
  "empty_samples": 0,
  "gen_ppl": 40297.245260898126,
  "max_tokens": 1061,
  "mean_tokens": 1043.0234375,
  "method": "mdlm",
  "min_tokens": 1026,
  "nfe": 32,
  "num_samples": 256,
  "rank_wasserstein": 7.0480814977658826,
  "rep_1": 0.034120999865715027,
  "rep_2": 0.00010500605464637026,
  "rep_3": 0.0,
  "source_entropy": 6.889559268951416,
  "source_file": "/data/remote_cache/patrick/discrete_diffusion/gen-sample-candi-proj/mdlm-50k/samples_steps32_temp1.738.json",
  "source_gen_ppl": 40297.125,
  "temperature": 1.7379310131072998,
  "temperature_label": "1.738",
  "unigram_entropy": 6.900099288249067,
  "unique_1gram_corpus": 0.15180477428149836,
  "unique_1gram_sample": 0.9658790001342853,
  "unique_2gram_corpus": 0.4988229031556692,
  "unique_2gram_sample": 0.9998949939453539,
  "unique_3gram_corpus": 0.4999849907317769,
  "unique_3gram_sample": 1.0,
  "unique_4gram_corpus": 0.5,
  "unique_4gram_sample": 1.0
}
