{
  "empty_samples": 0,
  "gen_ppl": 145.72422043764024,
  "max_tokens": 1028,
  "mean_tokens": 1021.8984375,
  "method": "mdlm",
  "min_tokens": 1014,
  "nfe": 128,
  "num_samples": 256,
  "rank_wasserstein": 1.6318787243405908,
  "rep_1": 0.45831925749595837,
  "rep_2": 0.09663787005079362,
  "rep_3": 0.029135561291011643,
  "source_entropy": 5.699705600738525,
  "source_file": "/data/remote_cache/patrick/discrete_diffusion/gen-sample-candi-proj/mdlm-50k/samples_steps128_temp1.017.json",
  "source_gen_ppl": 145.7021484375,
  "temperature": 1.017241358757019,
  "temperature_label": "1.017",
  "unigram_entropy": 5.700796011902934,
  "unique_1gram_corpus": 0.07377888886340528,
  "unique_1gram_sample": 0.5416807425040419,
  "unique_2gram_corpus": 0.33254256743830113,
  "unique_2gram_sample": 0.903362129949207,
  "unique_3gram_corpus": 0.45343056523704106,
  "unique_3gram_sample": 0.970864438708988,
  "unique_4gram_corpus": 0.4843351045476503,
  "unique_4gram_sample": 0.9927550681120557
}
