{
  "empty_samples": 0,
  "gen_ppl": 27.249614285521606,
  "max_tokens": 1014,
  "mean_tokens": 992.3359375,
  "method": "mdlm",
  "min_tokens": 949,
  "nfe": 8,
  "num_samples": 256,
  "rank_wasserstein": 0.26910101870118586,
  "rep_1": 0.8140843777718533,
  "rep_2": 0.5041665536599241,
  "rep_3": 0.2698997876290742,
  "source_entropy": 3.491483211517334,
  "source_file": "/data/remote_cache/patrick/discrete_diffusion/gen-sample-candi-proj/mdlm-50k/samples_steps8_temp0.690.json",
  "source_gen_ppl": 27.24533462524414,
  "temperature": 0.6896551847457886,
  "temperature_label": "0.690",
  "unigram_entropy": 3.6603336381143947,
  "unique_1gram_corpus": 0.01743833599697683,
  "unique_1gram_sample": 0.1859156222281468,
  "unique_2gram_corpus": 0.09595243161453532,
  "unique_2gram_sample": 0.495833446340076,
  "unique_3gram_corpus": 0.22020621159171053,
  "unique_3gram_sample": 0.730100212370926,
  "unique_4gram_corpus": 0.33215540727287085,
  "unique_4gram_sample": 0.8770425946696984
}
