{
  "empty_samples": 0,
  "gen_ppl": 50302.747330002894,
  "max_tokens": 1068,
  "mean_tokens": 1045.5859375,
  "method": "mdlm",
  "min_tokens": 1029,
  "nfe": 32,
  "num_samples": 256,
  "rank_wasserstein": 7.2954992189843955,
  "rep_1": 0.02801996400129845,
  "rep_2": 2.250749826180915e-05,
  "rep_3": 0.0,
  "source_entropy": 6.900265693664551,
  "source_file": "/data/remote_cache/patrick/discrete_diffusion/gen-sample-candi-proj/mdlm-50k/samples_steps32_temp1.934.json",
  "source_gen_ppl": 50302.6171875,
  "temperature": 1.9344828128814697,
  "temperature_label": "1.934",
  "unigram_entropy": 6.911650184527779,
  "unique_1gram_corpus": 0.15556842380543207,
  "unique_1gram_sample": 0.9719800359987012,
  "unique_2gram_corpus": 0.4991436499210961,
  "unique_2gram_sample": 0.9999774925017382,
  "unique_3gram_corpus": 0.4999737982766752,
  "unique_3gram_sample": 1.0,
  "unique_4gram_corpus": 0.5,
  "unique_4gram_sample": 1.0
}
