{
  "empty_samples": 0,
  "gen_ppl": 17.563462828507298,
  "max_tokens": 1024,
  "mean_tokens": 1022.3984375,
  "method": "mdlm",
  "min_tokens": 1013,
  "nfe": 64,
  "num_samples": 256,
  "rank_wasserstein": 0.11589795675411717,
  "rep_1": 0.7156907467011954,
  "rep_2": 0.3635884843822558,
  "rep_3": 0.19199345303003834,
  "source_entropy": 4.590970993041992,
  "source_file": "/data/remote_cache/patrick/discrete_diffusion/gen-sample-candi-proj/mdlm-50k/samples_steps64_temp0.755.json",
  "source_gen_ppl": 17.560285568237305,
  "temperature": 0.7551723718643188,
  "temperature_label": "0.755",
  "unigram_entropy": 4.600837340260134,
  "unique_1gram_corpus": 0.03087485767993459,
  "unique_1gram_sample": 0.2843092532988043,
  "unique_2gram_corpus": 0.1634975026579674,
  "unique_2gram_sample": 0.6364115156177438,
  "unique_3gram_corpus": 0.3089709136290205,
  "unique_3gram_sample": 0.8080065469699619,
  "unique_4gram_corpus": 0.3948138838009549,
  "unique_4gram_sample": 0.8967683493224908
}
