{
  "empty_samples": 0,
  "gen_ppl": 52792.8549781643,
  "max_tokens": 1077,
  "mean_tokens": 1047.3515625,
  "method": "mdlm",
  "min_tokens": 1032,
  "nfe": 32,
  "num_samples": 256,
  "rank_wasserstein": 7.3548529136564005,
  "rep_1": 0.02693853468833697,
  "rep_2": 2.235758545755112e-05,
  "rep_3": 0.0,
  "source_entropy": 6.902874946594238,
  "source_file": "/data/remote_cache/patrick/discrete_diffusion/gen-sample-candi-proj/mdlm-50k/samples_steps32_temp2.000.json",
  "source_gen_ppl": 52792.80859375,
  "temperature": 2.0,
  "temperature_label": "2.000",
  "unigram_entropy": 6.915093044326416,
  "unique_1gram_corpus": 0.15613787753336167,
  "unique_1gram_sample": 0.9730614653116633,
  "unique_2gram_corpus": 0.49902563221909463,
  "unique_2gram_sample": 0.9999776424145426,
  "unique_3gram_corpus": 0.499958895407496,
  "unique_3gram_sample": 1.0,
  "unique_4gram_corpus": 0.5,
  "unique_4gram_sample": 1.0
}
