{
  "empty_samples": 0,
  "gen_ppl": 3.7433483708142004,
  "max_tokens": 1018,
  "mean_tokens": 977.1171875,
  "method": "mdlm",
  "min_tokens": 896,
  "nfe": 16,
  "num_samples": 256,
  "rank_wasserstein": 0.8707313387203742,
  "rep_1": 0.9777020340858841,
  "rep_2": 0.9299912062499679,
  "rep_3": 0.8606646547142238,
  "source_entropy": 1.6462575197219849,
  "source_file": "/data/remote_cache/patrick/discrete_diffusion/gen-sample-candi-proj/mdlm-50k/samples_steps16_temp0.362.json",
  "source_gen_ppl": 3.742830514907837,
  "temperature": 0.36206895112991333,
  "temperature_label": "0.362",
  "unigram_entropy": 1.8355061085000095,
  "unique_1gram_corpus": 0.0009674504881227462,
  "unique_1gram_sample": 0.022297965914116282,
  "unique_2gram_corpus": 0.006078771919995518,
  "unique_2gram_sample": 0.0700087937500321,
  "unique_3gram_corpus": 0.019176381043945038,
  "unique_3gram_sample": 0.13933534528577612,
  "unique_4gram_corpus": 0.04338062508521338,
  "unique_4gram_sample": 0.2297774141583297
}
