{
  "empty_samples": 0,
  "gen_ppl": 2.614444730242624,
  "max_tokens": 1024,
  "mean_tokens": 974.5703125,
  "method": "mdlm",
  "min_tokens": 860,
  "nfe": 32,
  "num_samples": 256,
  "rank_wasserstein": 1.0240641634545724,
  "rep_1": 0.985775549054691,
  "rep_2": 0.9596788241592838,
  "rep_3": 0.9240482062009735,
  "source_entropy": 1.3895522356033325,
  "source_file": "/data/remote_cache/patrick/discrete_diffusion/gen-sample-candi-proj/mdlm-50k/samples_steps32_temp0.231.json",
  "source_gen_ppl": 2.614266872406006,
  "temperature": 0.23103448748588562,
  "temperature_label": "0.231",
  "unigram_entropy": 1.5622660831187356,
  "unique_1gram_corpus": 0.0006813900356727725,
  "unique_1gram_sample": 0.014224450945309745,
  "unique_2gram_corpus": 0.004116613303160885,
  "unique_2gram_sample": 0.04032117584071625,
  "unique_3gram_corpus": 0.011928764790463415,
  "unique_3gram_sample": 0.07595179379902597,
  "unique_4gram_corpus": 0.025510409211891186,
  "unique_4gram_sample": 0.12431626635700406
}
