{
  "empty_samples": 0,
  "gen_ppl": 7.461923680903701,
  "max_tokens": 1009,
  "mean_tokens": 972.4921875,
  "method": "mdlm",
  "min_tokens": 905,
  "nfe": 8,
  "num_samples": 256,
  "rank_wasserstein": 0.5565979389365799,
  "rep_1": 0.9583490964025101,
  "rep_2": 0.8568943996863907,
  "rep_3": 0.7042117148332703,
  "source_entropy": 2.064953327178955,
  "source_file": "/data/remote_cache/patrick/discrete_diffusion/gen-sample-candi-proj/mdlm-50k/samples_steps8_temp0.493.json",
  "source_gen_ppl": 7.460778713226318,
  "temperature": 0.4931034445762634,
  "temperature_label": "0.493",
  "unigram_entropy": 2.2820698343786203,
  "unique_1gram_corpus": 0.0020364880823271394,
  "unique_1gram_sample": 0.04165090359748955,
  "unique_2gram_corpus": 0.014044921231031515,
  "unique_2gram_sample": 0.14310560031360972,
  "unique_3gram_corpus": 0.043941138114519857,
  "unique_3gram_sample": 0.2957882851667292,
  "unique_4gram_corpus": 0.09569281598775133,
  "unique_4gram_sample": 0.47142691170485823
}
