{
  "empty_samples": 0,
  "gen_ppl": 31259.501686406988,
  "max_tokens": 1061,
  "mean_tokens": 1039.46875,
  "method": "mdlm",
  "min_tokens": 1025,
  "nfe": 128,
  "num_samples": 256,
  "rank_wasserstein": 6.752075407783298,
  "rep_1": 0.04554311004937734,
  "rep_2": 0.00030838099909765836,
  "rep_3": 1.5016905528553691e-05,
  "source_entropy": 6.870542526245117,
  "source_file": "/data/remote_cache/patrick/discrete_diffusion/gen-sample-candi-proj/mdlm-50k/samples_steps128_temp1.607.json",
  "source_gen_ppl": 31259.3515625,
  "temperature": 1.6068965196609497,
  "temperature_label": "1.607",
  "unigram_entropy": 6.878585376424674,
  "unique_1gram_corpus": 0.147784324925593,
  "unique_1gram_sample": 0.9544568899506232,
  "unique_2gram_corpus": 0.4981417953116066,
  "unique_2gram_sample": 0.9996916190009029,
  "unique_3gram_corpus": 0.49994728756890267,
  "unique_3gram_sample": 0.9999849830944714,
  "unique_4gram_corpus": 0.5,
  "unique_4gram_sample": 1.0
}
