{
  "empty_samples": 0,
  "gen_ppl": 3.1376866548107993,
  "max_tokens": 1024,
  "mean_tokens": 993.640625,
  "method": "mdlm",
  "min_tokens": 901,
  "nfe": 32,
  "num_samples": 256,
  "rank_wasserstein": 0.9308614535312412,
  "rep_1": 0.9743585698959512,
  "rep_2": 0.9287310535404008,
  "rep_3": 0.8714730479016477,
  "source_entropy": 1.7560851573944092,
  "source_file": "/data/remote_cache/patrick/discrete_diffusion/gen-sample-candi-proj/mdlm-50k/samples_steps32_temp0.428.json",
  "source_gen_ppl": 3.1374094486236572,
  "temperature": 0.4275861978530884,
  "temperature_label": "0.428",
  "unigram_entropy": 1.8863448102886249,
  "unique_1gram_corpus": 0.0019656251474218863,
  "unique_1gram_sample": 0.025641430104048957,
  "unique_2gram_corpus": 0.012584803790394937,
  "unique_2gram_sample": 0.07126894645959883,
  "unique_3gram_corpus": 0.03377452138974238,
  "unique_3gram_sample": 0.12852695209835208,
  "unique_4gram_corpus": 0.06439172883708459,
  "unique_4gram_sample": 0.19930099277196153
}
