{
  "empty_samples": 0,
  "gen_ppl": 9.694427575613455,
  "max_tokens": 1025,
  "mean_tokens": 1020.7578125,
  "method": "mdlm",
  "min_tokens": 984,
  "nfe": 128,
  "num_samples": 256,
  "rank_wasserstein": 0.27585108130548347,
  "rep_1": 0.800129425883005,
  "rep_2": 0.5323677164715558,
  "rep_3": 0.3623975243903825,
  "source_entropy": 3.9789392948150635,
  "source_file": "/data/remote_cache/patrick/discrete_diffusion/gen-sample-candi-proj/mdlm-50k/samples_steps128_temp0.690.json",
  "source_gen_ppl": 9.692704200744629,
  "temperature": 0.6896551847457886,
  "temperature_label": "0.690",
  "unigram_entropy": 3.9964299622253603,
  "unique_1gram_corpus": 0.021514346724630137,
  "unique_1gram_sample": 0.19987057411699552,
  "unique_2gram_corpus": 0.11586314152410575,
  "unique_2gram_sample": 0.4676322835284447,
  "unique_3gram_corpus": 0.23309253763391385,
  "unique_3gram_sample": 0.6376024756096178,
  "unique_4gram_corpus": 0.3182547419649505,
  "unique_4gram_sample": 0.7487073908113048
}
