{
  "empty_samples": 0,
  "gen_ppl": 49204.91956195307,
  "max_tokens": 1066,
  "mean_tokens": 1046.3984375,
  "method": "mdlm",
  "min_tokens": 1033,
  "nfe": 128,
  "num_samples": 256,
  "rank_wasserstein": 7.274897401949918,
  "rep_1": 0.02823752539358398,
  "rep_2": 4.4885692474324126e-05,
  "rep_3": 0.0,
  "source_entropy": 6.899648666381836,
  "source_file": "/data/remote_cache/patrick/discrete_diffusion/gen-sample-candi-proj/mdlm-50k/samples_steps128_temp1.934.json",
  "source_gen_ppl": 49204.8359375,
  "temperature": 1.9344828128814697,
  "temperature_label": "1.934",
  "unigram_entropy": 6.912293487403912,
  "unique_1gram_corpus": 0.15523111267069337,
  "unique_1gram_sample": 0.9717624746064153,
  "unique_2gram_corpus": 0.4991218958082669,
  "unique_2gram_sample": 0.9999551143075257,
  "unique_3gram_corpus": 0.49998129904325905,
  "unique_3gram_sample": 1.0,
  "unique_4gram_corpus": 0.5,
  "unique_4gram_sample": 1.0
}
