{
  "empty_samples": 0,
  "gen_ppl": 2.0330481248896315,
  "max_tokens": 1024,
  "mean_tokens": 975.0546875,
  "method": "mdlm",
  "min_tokens": 272,
  "nfe": 64,
  "num_samples": 256,
  "rank_wasserstein": 1.109694095045615,
  "rep_1": 0.9870665773734313,
  "rep_2": 0.9690240510986051,
  "rep_3": 0.9471467092285427,
  "source_entropy": 1.2408061027526855,
  "source_file": "/data/remote_cache/patrick/discrete_diffusion/gen-sample-candi-proj/mdlm-50k/samples_steps64_temp0.166.json",
  "source_gen_ppl": 2.033794403076172,
  "temperature": 0.16551724076271057,
  "temperature_label": "0.166",
  "unigram_entropy": 1.3852696302191605,
  "unique_1gram_corpus": 0.0008172618522999511,
  "unique_1gram_sample": 0.012933422626568943,
  "unique_2gram_corpus": 0.0041426382951419245,
  "unique_2gram_sample": 0.030975948901395007,
  "unique_3gram_corpus": 0.01067434223731644,
  "unique_3gram_sample": 0.05285329077145776,
  "unique_4gram_corpus": 0.020486565988603392,
  "unique_4gram_sample": 0.08051027235085208
}
