{
  "empty_samples": 0,
  "gen_ppl": 5.824562917306143,
  "max_tokens": 1024,
  "mean_tokens": 1017.484375,
  "method": "mdlm",
  "min_tokens": 877,
  "nfe": 128,
  "num_samples": 256,
  "rank_wasserstein": 0.5732522913703578,
  "rep_1": 0.8764948306612307,
  "rep_2": 0.6992059566103508,
  "rep_3": 0.5592091786206975,
  "source_entropy": 3.3355047702789307,
  "source_file": "/data/remote_cache/patrick/discrete_diffusion/gen-sample-candi-proj/mdlm-50k/samples_steps128_temp0.624.json",
  "source_gen_ppl": 5.823540687561035,
  "temperature": 0.6241379380226135,
  "temperature_label": "0.624",
  "unigram_entropy": 3.3632232888374753,
  "unique_1gram_corpus": 0.013847724934350958,
  "unique_1gram_sample": 0.1235051693387695,
  "unique_2gram_corpus": 0.07371839212973638,
  "unique_2gram_sample": 0.3007940433896496,
  "unique_3gram_corpus": 0.15854118262528658,
  "unique_3gram_sample": 0.4407908213793029,
  "unique_4gram_corpus": 0.23115575954533554,
  "unique_4gram_sample": 0.5512187231667677
}
