{
  "empty_samples": 0,
  "gen_ppl": 2.8836963262050794,
  "max_tokens": 1024,
  "mean_tokens": 991.3203125,
  "method": "mdlm",
  "min_tokens": 866,
  "nfe": 32,
  "num_samples": 256,
  "rank_wasserstein": 0.9694879444960098,
  "rep_1": 0.9801407101475681,
  "rep_2": 0.9432379545633127,
  "rep_3": 0.8950902297644453,
  "source_entropy": 1.6387323141098022,
  "source_file": "/data/remote_cache/patrick/discrete_diffusion/gen-sample-candi-proj/mdlm-50k/samples_steps32_temp0.362.json",
  "source_gen_ppl": 2.8831911087036133,
  "temperature": 0.36206895112991333,
  "temperature_label": "0.362",
  "unigram_entropy": 1.7708743460999148,
  "unique_1gram_corpus": 0.0012451827975632245,
  "unique_1gram_sample": 0.0198592898524323,
  "unique_2gram_corpus": 0.008397693296834199,
  "unique_2gram_sample": 0.05676204543668672,
  "unique_3gram_corpus": 0.02445255186246871,
  "unique_3gram_sample": 0.10490977023555455,
  "unique_4gram_corpus": 0.04948421011027232,
  "unique_4gram_sample": 0.1670736064073409
}
