{
  "empty_samples": 0,
  "gen_ppl": 39206.40050940984,
  "max_tokens": 1066,
  "mean_tokens": 1042.734375,
  "method": "mdlm",
  "min_tokens": 1031,
  "nfe": 128,
  "num_samples": 256,
  "rank_wasserstein": 7.014670892481876,
  "rep_1": 0.03583236441020383,
  "rep_2": 0.00012751262049928366,
  "rep_3": 0.0,
  "source_entropy": 6.888059139251709,
  "source_file": "/data/remote_cache/patrick/discrete_diffusion/gen-sample-candi-proj/mdlm-50k/samples_steps128_temp1.738.json",
  "source_gen_ppl": 39206.1796875,
  "temperature": 1.7379310131072998,
  "temperature_label": "1.738",
  "unigram_entropy": 6.897386704805688,
  "unique_1gram_corpus": 0.1511425788566719,
  "unique_1gram_sample": 0.9641676355897958,
  "unique_2gram_corpus": 0.49872133311334765,
  "unique_2gram_sample": 0.9998724873795004,
  "unique_3gram_corpus": 0.49998123320371735,
  "unique_3gram_sample": 1.0,
  "unique_4gram_corpus": 0.5,
  "unique_4gram_sample": 1.0
}
