{
  "empty_samples": 0,
  "gen_ppl": 692.3395767604277,
  "max_tokens": 1027,
  "mean_tokens": 1019.15625,
  "method": "mdlm",
  "min_tokens": 1009,
  "nfe": 8,
  "num_samples": 256,
  "rank_wasserstein": 2.882377597762817,
  "rep_1": 0.39215009719728705,
  "rep_2": 0.05408634325092476,
  "rep_3": 0.010159840488789151,
  "source_entropy": 5.87816858291626,
  "source_file": "/data/remote_cache/patrick/discrete_diffusion/gen-sample-candi-proj/mdlm-50k/samples_steps8_temp1.017.json",
  "source_gen_ppl": 692.2977905273438,
  "temperature": 1.017241358757019,
  "temperature_label": "1.017",
  "unigram_entropy": 5.9003904083563885,
  "unique_1gram_corpus": 0.08094164903566063,
  "unique_1gram_sample": 0.6078499028027137,
  "unique_2gram_corpus": 0.37678785181547525,
  "unique_2gram_sample": 0.9459136567490752,
  "unique_3gram_corpus": 0.4763932839718578,
  "unique_3gram_sample": 0.9898401595112116,
  "unique_4gram_corpus": 0.4954946643294277,
  "unique_4gram_sample": 0.9990084656027213
}
