{
  "empty_samples": 0,
  "gen_ppl": 16110.373204685975,
  "max_tokens": 1046,
  "mean_tokens": 1031.3828125,
  "method": "mdlm",
  "min_tokens": 1022,
  "nfe": 8,
  "num_samples": 256,
  "rank_wasserstein": 5.9913047250300595,
  "rep_1": 0.09970496015144531,
  "rep_2": 0.0027299808500282925,
  "rep_3": 0.00011396025041329055,
  "source_entropy": 6.758059501647949,
  "source_file": "/data/remote_cache/patrick/discrete_diffusion/gen-sample-candi-proj/mdlm-50k/samples_steps8_temp1.345.json",
  "source_gen_ppl": 16109.990234375,
  "temperature": 1.344827651977539,
  "temperature_label": "1.345",
  "unigram_entropy": 6.764981608598879,
  "unique_1gram_corpus": 0.13149064135679495,
  "unique_1gram_sample": 0.9002950398485551,
  "unique_2gram_corpus": 0.4920728794668244,
  "unique_2gram_sample": 0.9972700191499719,
  "unique_3gram_corpus": 0.4995028878044338,
  "unique_3gram_sample": 0.9998860397495868,
  "unique_4gram_corpus": 0.499988604681197,
  "unique_4gram_sample": 0.9999924076773566
}
