{
  "empty_samples": 0,
  "gen_ppl": 841.6706286908528,
  "max_tokens": 1030,
  "mean_tokens": 1022.0234375,
  "method": "mdlm",
  "min_tokens": 1015,
  "nfe": 64,
  "num_samples": 256,
  "rank_wasserstein": 3.0866698591336448,
  "rep_1": 0.3090571264869102,
  "rep_2": 0.03481358239943965,
  "rep_3": 0.008187345176747133,
  "source_entropy": 6.174722194671631,
  "source_file": "/data/remote_cache/patrick/discrete_diffusion/gen-sample-candi-proj/mdlm-50k/samples_steps64_temp1.148.json",
  "source_gen_ppl": 841.6036376953125,
  "temperature": 1.1482758522033691,
  "temperature_label": "1.148",
  "unigram_entropy": 6.176130476003226,
  "unique_1gram_corpus": 0.09952682714284622,
  "unique_1gram_sample": 0.6909428735130888,
  "unique_2gram_corpus": 0.41763013520441344,
  "unique_2gram_sample": 0.9651864176005598,
  "unique_3gram_corpus": 0.4858803795868661,
  "unique_3gram_sample": 0.9918126548232526,
  "unique_4gram_corpus": 0.49702150496415837,
  "unique_4gram_sample": 0.9987434910671732
}
