{
  "empty_samples": 0,
  "gen_ppl": 176.0572395754193,
  "max_tokens": 1025,
  "mean_tokens": 1014.2109375,
  "method": "mdlm",
  "min_tokens": 1001,
  "nfe": 8,
  "num_samples": 256,
  "rank_wasserstein": 1.7335291622308964,
  "rep_1": 0.5409843283412668,
  "rep_2": 0.13312634383686844,
  "rep_3": 0.03237667139633142,
  "source_entropy": 5.252498626708984,
  "source_file": "/data/remote_cache/patrick/discrete_diffusion/gen-sample-candi-proj/mdlm-50k/samples_steps8_temp0.886.json",
  "source_gen_ppl": 176.0398712158203,
  "temperature": 0.886206865310669,
  "temperature_label": "0.886",
  "unigram_entropy": 5.306645948748267,
  "unique_1gram_corpus": 0.055796917246319876,
  "unique_1gram_sample": 0.4590156716587336,
  "unique_2gram_corpus": 0.2794141459314833,
  "unique_2gram_sample": 0.8668736561631318,
  "unique_3gram_corpus": 0.4302655850821608,
  "unique_3gram_sample": 0.9676233286036687,
  "unique_4gram_corpus": 0.4806427936802256,
  "unique_4gram_sample": 0.9942080368117558
}
