{
  "empty_samples": 0,
  "gen_ppl": 47089.56878259818,
  "max_tokens": 1061,
  "mean_tokens": 1045.8515625,
  "method": "mdlm",
  "min_tokens": 1031,
  "nfe": 32,
  "num_samples": 256,
  "rank_wasserstein": 7.225932261014698,
  "rep_1": 0.030143547613551404,
  "rep_2": 8.215333125451748e-05,
  "rep_3": 0.0,
  "source_entropy": 6.897078037261963,
  "source_file": "/data/remote_cache/patrick/discrete_diffusion/gen-sample-candi-proj/mdlm-50k/samples_steps32_temp1.869.json",
  "source_gen_ppl": 47089.33984375,
  "temperature": 1.86896550655365,
  "temperature_label": "1.869",
  "unigram_entropy": 6.908759058762414,
  "unique_1gram_corpus": 0.1541619045484765,
  "unique_1gram_sample": 0.9698564523864484,
  "unique_2gram_corpus": 0.49896067772784714,
  "unique_2gram_sample": 0.9999178466687455,
  "unique_3gram_corpus": 0.4999700627932911,
  "unique_3gram_sample": 1.0,
  "unique_4gram_corpus": 0.5,
  "unique_4gram_sample": 1.0
}
