{
  "empty_samples": 0,
  "gen_ppl": 1.8220583794945475,
  "max_tokens": 1024,
  "mean_tokens": 972.453125,
  "method": "mdlm",
  "min_tokens": 240,
  "nfe": 128,
  "num_samples": 256,
  "rank_wasserstein": 1.1455701906676061,
  "rep_1": 0.9893817523830498,
  "rep_2": 0.9770029305529259,
  "rep_3": 0.9623956381401124,
  "source_entropy": 1.0902270078659058,
  "source_file": "/data/remote_cache/patrick/discrete_diffusion/gen-sample-candi-proj/mdlm-50k/samples_steps128_temp0.100.json",
  "source_gen_ppl": 1.8227887153625488,
  "temperature": 0.10000000149011612,
  "temperature_label": "0.100",
  "unigram_entropy": 1.2324161813436556,
  "unique_1gram_corpus": 0.0006868904349502708,
  "unique_1gram_sample": 0.01061824761695064,
  "unique_2gram_corpus": 0.003080115162530359,
  "unique_2gram_sample": 0.022997069447074116,
  "unique_3gram_corpus": 0.007410359207200245,
  "unique_3gram_sample": 0.037604361859887914,
  "unique_4gram_corpus": 0.013554678056249497,
  "unique_4gram_sample": 0.05641784836815575
}
