{
  "empty_samples": 0,
  "gen_ppl": 3.3655881452714635,
  "max_tokens": 1019,
  "mean_tokens": 968.515625,
  "method": "mdlm",
  "min_tokens": 865,
  "nfe": 16,
  "num_samples": 256,
  "rank_wasserstein": 0.9317880113575592,
  "rep_1": 0.9842924619117861,
  "rep_2": 0.9489968708288085,
  "rep_3": 0.8942674159170838,
  "source_entropy": 1.4531513452529907,
  "source_file": "/data/remote_cache/patrick/discrete_diffusion/gen-sample-candi-proj/mdlm-50k/samples_steps16_temp0.231.json",
  "source_gen_ppl": 3.3651514053344727,
  "temperature": 0.23103448748588562,
  "temperature_label": "0.231",
  "unigram_entropy": 1.6612941610432592,
  "unique_1gram_corpus": 0.0005041542308623054,
  "unique_1gram_sample": 0.015707538088213506,
  "unique_2gram_corpus": 0.003286445632337979,
  "unique_2gram_sample": 0.05100312917119144,
  "unique_3gram_corpus": 0.011296215464700842,
  "unique_3gram_sample": 0.10573258408291601,
  "unique_4gram_corpus": 0.027466703348275695,
  "unique_4gram_sample": 0.180668483988811
}
