{
  "empty_samples": 0,
  "gen_ppl": 48816.329893459515,
  "max_tokens": 1063,
  "mean_tokens": 1045.234375,
  "method": "mdlm",
  "min_tokens": 1029,
  "nfe": 8,
  "num_samples": 256,
  "rank_wasserstein": 7.269208248502339,
  "rep_1": 0.029787850581226197,
  "rep_2": 3.75313979751957e-05,
  "rep_3": 0.0,
  "source_entropy": 6.897171974182129,
  "source_file": "/data/remote_cache/patrick/discrete_diffusion/gen-sample-candi-proj/mdlm-50k/samples_steps8_temp1.869.json",
  "source_gen_ppl": 48816.1953125,
  "temperature": 1.86896550655365,
  "temperature_label": "1.869",
  "unigram_entropy": 6.9086925864943245,
  "unique_1gram_corpus": 0.15387921369310112,
  "unique_1gram_sample": 0.9702121494187734,
  "unique_2gram_corpus": 0.49896754500157114,
  "unique_2gram_sample": 0.9999624686020248,
  "unique_3gram_corpus": 0.4999737894468824,
  "unique_3gram_sample": 1.0,
  "unique_4gram_corpus": 0.49999625204263676,
  "unique_4gram_sample": 1.0
}
