{
  "empty_samples": 0,
  "gen_ppl": 2134.2773572476567,
  "max_tokens": 1035,
  "mean_tokens": 1023.28125,
  "method": "mdlm",
  "min_tokens": 1017,
  "nfe": 64,
  "num_samples": 256,
  "rank_wasserstein": 3.9328215537040783,
  "rep_1": 0.2379581444799476,
  "rep_2": 0.020223682472636163,
  "rep_3": 0.003588417388801857,
  "source_entropy": 6.391238689422607,
  "source_file": "/data/remote_cache/patrick/discrete_diffusion/gen-sample-candi-proj/mdlm-50k/samples_steps64_temp1.214.json",
  "source_gen_ppl": 2134.177978515625,
  "temperature": 1.213793158531189,
  "temperature_label": "1.214",
  "unigram_entropy": 6.393905656456417,
  "unique_1gram_corpus": 0.11208581462818751,
  "unique_1gram_sample": 0.7620418555200513,
  "unique_2gram_corpus": 0.44965304313269955,
  "unique_2gram_sample": 0.9797763175273634,
  "unique_3gram_corpus": 0.49297757106575685,
  "unique_3gram_sample": 0.9964115826111982,
  "unique_4gram_corpus": 0.49884376244295386,
  "unique_4gram_sample": 0.9997088004079608
}
