{
  "empty_samples": 0,
  "gen_ppl": 347.34440766326315,
  "max_tokens": 1028,
  "mean_tokens": 1021.546875,
  "method": "mdlm",
  "min_tokens": 1014,
  "nfe": 64,
  "num_samples": 256,
  "rank_wasserstein": 2.3262944348013654,
  "rep_1": 0.38538367112675265,
  "rep_2": 0.060395939764740114,
  "rep_3": 0.015246698046766457,
  "source_entropy": 5.934890270233154,
  "source_file": "/data/remote_cache/patrick/discrete_diffusion/gen-sample-candi-proj/mdlm-50k/samples_steps64_temp1.083.json",
  "source_gen_ppl": 347.30389404296875,
  "temperature": 1.0827586650848389,
  "temperature_label": "1.083",
  "unigram_entropy": 5.936482419326657,
  "unique_1gram_corpus": 0.08699276526101653,
  "unique_1gram_sample": 0.6146163288732478,
  "unique_2gram_corpus": 0.37626885095307355,
  "unique_2gram_sample": 0.9396040602352602,
  "unique_3gram_corpus": 0.472889304378477,
  "unique_3gram_sample": 0.9847533019532342,
  "unique_4gram_corpus": 0.4929318729194471,
  "unique_4gram_sample": 0.9975841359106646
}
