{
  "empty_samples": 0,
  "gen_ppl": 90.02202394926529,
  "max_tokens": 1026,
  "mean_tokens": 1019.8125,
  "method": "mdlm",
  "min_tokens": 1009,
  "nfe": 16,
  "num_samples": 256,
  "rank_wasserstein": 1.2486832559010932,
  "rep_1": 0.5514514998601757,
  "rep_2": 0.15323223285972024,
  "rep_3": 0.04805543407042176,
  "source_entropy": 5.29921293258667,
  "source_file": "/data/remote_cache/patrick/discrete_diffusion/gen-sample-candi-proj/mdlm-50k/samples_steps16_temp0.886.json",
  "source_gen_ppl": 90.00850677490234,
  "temperature": 0.886206865310669,
  "temperature_label": "0.886",
  "unigram_entropy": 5.321984181602293,
  "unique_1gram_corpus": 0.05454434025862597,
  "unique_1gram_sample": 0.44854850013982434,
  "unique_2gram_corpus": 0.2678861726274462,
  "unique_2gram_sample": 0.8467677671402795,
  "unique_3gram_corpus": 0.4169404359840344,
  "unique_3gram_sample": 0.9519445659295798,
  "unique_4gram_corpus": 0.4704076771774541,
  "unique_4gram_sample": 0.9876459298657284
}
