{
  "empty_samples": 0,
  "gen_ppl": 49185.27562530837,
  "max_tokens": 1066,
  "mean_tokens": 1046.515625,
  "method": "mdlm",
  "min_tokens": 1031,
  "nfe": 64,
  "num_samples": 256,
  "rank_wasserstein": 7.2785501944661295,
  "rep_1": 0.028022826538453317,
  "rep_2": 1.5032270140899993e-05,
  "rep_3": 0.0,
  "source_entropy": 6.901290416717529,
  "source_file": "/data/remote_cache/patrick/discrete_diffusion/gen-sample-candi-proj/mdlm-50k/samples_steps64_temp1.934.json",
  "source_gen_ppl": 49185.12890625,
  "temperature": 1.9344828128814697,
  "temperature_label": "1.934",
  "unigram_entropy": 6.912487209376066,
  "unique_1gram_corpus": 0.15513534496916853,
  "unique_1gram_sample": 0.9719771734615468,
  "unique_2gram_corpus": 0.4990435341413477,
  "unique_2gram_sample": 0.999984967729859,
  "unique_3gram_corpus": 0.499977561369654,
  "unique_3gram_sample": 1.0,
  "unique_4gram_corpus": 0.5,
  "unique_4gram_sample": 1.0
}
