{
  "empty_samples": 0,
  "gen_ppl": 6.263741323410513,
  "max_tokens": 1011,
  "mean_tokens": 969.484375,
  "method": "mdlm",
  "min_tokens": 899,
  "nfe": 8,
  "num_samples": 256,
  "rank_wasserstein": 0.6501084558532815,
  "rep_1": 0.9687325778767225,
  "rep_2": 0.8899892325542826,
  "rep_3": 0.7616329831644975,
  "source_entropy": 1.8933234214782715,
  "source_file": "/data/remote_cache/patrick/discrete_diffusion/gen-sample-candi-proj/mdlm-50k/samples_steps8_temp0.428.json",
  "source_gen_ppl": 6.262516021728516,
  "temperature": 0.4275861978530884,
  "temperature_label": "0.428",
  "unigram_entropy": 2.1168298631600266,
  "unique_1gram_corpus": 0.0011523522491014876,
  "unique_1gram_sample": 0.031267422123277294,
  "unique_2gram_corpus": 0.007921526870270881,
  "unique_2gram_sample": 0.11001076744571643,
  "unique_3gram_corpus": 0.026405465204541418,
  "unique_3gram_sample": 0.23836701683550218,
  "unique_4gram_corpus": 0.06335785304340796,
  "unique_4gram_sample": 0.39752332135876883
}
