{
  "empty_samples": 0,
  "gen_ppl": 45051.57469341009,
  "max_tokens": 1060,
  "mean_tokens": 1044.125,
  "method": "mdlm",
  "min_tokens": 1029,
  "nfe": 16,
  "num_samples": 256,
  "rank_wasserstein": 7.175242284008609,
  "rep_1": 0.031365263121664405,
  "rep_2": 6.0025737416540166e-05,
  "rep_3": 0.0,
  "source_entropy": 6.894394397735596,
  "source_file": "/data/remote_cache/patrick/discrete_diffusion/gen-sample-candi-proj/mdlm-50k/samples_steps16_temp1.803.json",
  "source_gen_ppl": 45051.47265625,
  "temperature": 1.8034483194351196,
  "temperature_label": "1.803",
  "unigram_entropy": 6.905326489880007,
  "unique_1gram_corpus": 0.1532233927930085,
  "unique_1gram_sample": 0.968634736878336,
  "unique_2gram_corpus": 0.49908253445176753,
  "unique_2gram_sample": 0.9999399742625836,
  "unique_3gram_corpus": 0.49997001319419454,
  "unique_3gram_sample": 1.0,
  "unique_4gram_corpus": 0.5,
  "unique_4gram_sample": 1.0
}
