{
  "empty_samples": 0,
  "gen_ppl": 15556.07041071608,
  "max_tokens": 1045,
  "mean_tokens": 1031.765625,
  "method": "mdlm",
  "min_tokens": 1019,
  "nfe": 64,
  "num_samples": 256,
  "rank_wasserstein": 5.965857105661715,
  "rep_1": 0.0860288729181871,
  "rep_2": 0.0025682648148049395,
  "rep_3": 0.00016637883341075188,
  "source_entropy": 6.788044452667236,
  "source_file": "/data/remote_cache/patrick/discrete_diffusion/gen-sample-candi-proj/mdlm-50k/samples_steps64_temp1.410.json",
  "source_gen_ppl": 15555.939453125,
  "temperature": 1.4103448390960693,
  "temperature_label": "1.410",
  "unigram_entropy": 6.793842982314415,
  "unique_1gram_corpus": 0.1362159829176321,
  "unique_1gram_sample": 0.9139711270818128,
  "unique_2gram_corpus": 0.4931672452212403,
  "unique_2gram_sample": 0.9974317351851963,
  "unique_3gram_corpus": 0.4995789393824444,
  "unique_3gram_sample": 0.9998336211665891,
  "unique_4gram_corpus": 0.49996202973830894,
  "unique_4gram_sample": 0.9999546951759987
}
