{
  "empty_samples": 0,
  "gen_ppl": 30.423565425035587,
  "max_tokens": 1024,
  "mean_tokens": 1015.3359375,
  "method": "mdlm",
  "min_tokens": 997,
  "nfe": 16,
  "num_samples": 256,
  "rank_wasserstein": 0.44102355932612874,
  "rep_1": 0.708316996451347,
  "rep_2": 0.3361683810226605,
  "rep_3": 0.15124832903214847,
  "source_entropy": 4.433925628662109,
  "source_file": "/data/remote_cache/patrick/discrete_diffusion/gen-sample-candi-proj/mdlm-50k/samples_steps16_temp0.755.json",
  "source_gen_ppl": 30.41828155517578,
  "temperature": 0.7551723718643188,
  "temperature_label": "0.755",
  "unigram_entropy": 4.489744235512828,
  "unique_1gram_corpus": 0.030547155728938236,
  "unique_1gram_sample": 0.2916830035486529,
  "unique_2gram_corpus": 0.16428158816959987,
  "unique_2gram_sample": 0.6638316189773403,
  "unique_3gram_corpus": 0.31690271149591004,
  "unique_3gram_sample": 0.8487516709678523,
  "unique_4gram_corpus": 0.41196104307025055,
  "unique_4gram_sample": 0.9379337517707446
}
