{
  "empty_samples": 0,
  "gen_ppl": 7.499594778790912,
  "max_tokens": 1024,
  "mean_tokens": 1014.8671875,
  "method": "mdlm",
  "min_tokens": 976,
  "nfe": 32,
  "num_samples": 256,
  "rank_wasserstein": 0.4569116722324596,
  "rep_1": 0.8848615704215085,
  "rep_2": 0.7013191754569104,
  "rep_3": 0.5375283480586354,
  "source_entropy": 3.182070732116699,
  "source_file": "/data/remote_cache/patrick/discrete_diffusion/gen-sample-candi-proj/mdlm-50k/samples_steps32_temp0.624.json",
  "source_gen_ppl": 7.498166084289551,
  "temperature": 0.6241379380226135,
  "temperature_label": "0.624",
  "unigram_entropy": 3.2363113399538963,
  "unique_1gram_corpus": 0.011866546577061345,
  "unique_1gram_sample": 0.1151384295784919,
  "unique_2gram_corpus": 0.0672394528992487,
  "unique_2gram_sample": 0.29868082454308936,
  "unique_3gram_corpus": 0.15442316443882234,
  "unique_3gram_sample": 0.4624716519413647,
  "unique_4gram_corpus": 0.23994935106046217,
  "unique_4gram_sample": 0.6015255135823283
}
