{
  "empty_samples": 0,
  "gen_ppl": 4923.367571606133,
  "max_tokens": 1037,
  "mean_tokens": 1025.421875,
  "method": "mdlm",
  "min_tokens": 1015,
  "nfe": 64,
  "num_samples": 256,
  "rank_wasserstein": 4.750154052407056,
  "rep_1": 0.17347325680449302,
  "rep_2": 0.010920825811457001,
  "rep_3": 0.0013750064584227674,
  "source_entropy": 6.568367958068848,
  "source_file": "/data/remote_cache/patrick/discrete_diffusion/gen-sample-candi-proj/mdlm-50k/samples_steps64_temp1.279.json",
  "source_gen_ppl": 4923.25048828125,
  "temperature": 1.2793103456497192,
  "temperature_label": "1.279",
  "unigram_entropy": 6.573517325738317,
  "unique_1gram_corpus": 0.12288006460755482,
  "unique_1gram_sample": 0.8265267431955063,
  "unique_2gram_corpus": 0.473048823269222,
  "unique_2gram_sample": 0.9890791741885436,
  "unique_3gram_corpus": 0.4968930823371349,
  "unique_3gram_sample": 0.9986249935415779,
  "unique_4gram_corpus": 0.49973637961335676,
  "unique_4gram_sample": 0.9999084379491672
}
