{
  "empty_samples": 0,
  "gen_ppl": 3.86713721724019,
  "max_tokens": 994,
  "mean_tokens": 938.40625,
  "method": "mdlm",
  "min_tokens": 872,
  "nfe": 8,
  "num_samples": 256,
  "rank_wasserstein": 0.8809034195123496,
  "rep_1": 0.9852712523465121,
  "rep_2": 0.9503779032071448,
  "rep_3": 0.8888258737854109,
  "source_entropy": 1.3098748922348022,
  "source_file": "/data/remote_cache/patrick/discrete_diffusion/gen-sample-candi-proj/mdlm-50k/samples_steps8_temp0.166.json",
  "source_gen_ppl": 3.867403984069824,
  "temperature": 0.16551724076271057,
  "temperature_label": "0.166",
  "unigram_entropy": 1.609034993957482,
  "unique_1gram_corpus": 0.00021645742448966,
  "unique_1gram_sample": 0.014728747653488276,
  "unique_2gram_corpus": 0.0014168083475014168,
  "unique_2gram_sample": 0.04962209679285493,
  "unique_3gram_corpus": 0.005243617553812782,
  "unique_3gram_sample": 0.11117412621458891,
  "unique_4gram_corpus": 0.014507399859686633,
  "unique_4gram_sample": 0.20151517147338074
}
