{
  "empty_samples": 0,
  "gen_ppl": 52.027836320968085,
  "max_tokens": 1021,
  "mean_tokens": 1001.3125,
  "method": "mdlm",
  "min_tokens": 967,
  "nfe": 8,
  "num_samples": 256,
  "rank_wasserstein": 0.7593249392608789,
  "rep_1": 0.7187591750044526,
  "rep_2": 0.3317587593073506,
  "rep_3": 0.13008917322688138,
  "source_entropy": 4.174707889556885,
  "source_file": "/data/remote_cache/patrick/discrete_diffusion/gen-sample-candi-proj/mdlm-50k/samples_steps8_temp0.755.json",
  "source_gen_ppl": 52.022579193115234,
  "temperature": 0.7551723718643188,
  "temperature_label": "0.755",
  "unigram_entropy": 4.30279670697079,
  "unique_1gram_corpus": 0.02815055239997503,
  "unique_1gram_sample": 0.28124082499554787,
  "unique_2gram_corpus": 0.15399875039050298,
  "unique_2gram_sample": 0.6682412406926496,
  "unique_3gram_corpus": 0.30946666458190003,
  "unique_3gram_sample": 0.8699108267731189,
  "unique_4gram_corpus": 0.41360420709948037,
  "unique_4gram_sample": 0.961889456193544
}
