{
  "empty_samples": 0,
  "gen_ppl": 36298.793597695796,
  "max_tokens": 1058,
  "mean_tokens": 1041.296875,
  "method": "mdlm",
  "min_tokens": 1028,
  "nfe": 32,
  "num_samples": 256,
  "rank_wasserstein": 6.931692707255006,
  "rep_1": 0.038087910859466036,
  "rep_2": 0.00019509665916925007,
  "rep_3": 0.0,
  "source_entropy": 6.882569313049316,
  "source_file": "/data/remote_cache/patrick/discrete_diffusion/gen-sample-candi-proj/mdlm-50k/samples_steps32_temp1.672.json",
  "source_gen_ppl": 36298.70703125,
  "temperature": 1.6724138259887695,
  "temperature_label": "1.672",
  "unigram_entropy": 6.892101974495938,
  "unique_1gram_corpus": 0.1492354785949012,
  "unique_1gram_sample": 0.9619120891405342,
  "unique_2gram_corpus": 0.4983966415836825,
  "unique_2gram_sample": 0.9998049033408307,
  "unique_3gram_corpus": 0.4999586559422687,
  "unique_3gram_sample": 1.0,
  "unique_4gram_corpus": 0.5,
  "unique_4gram_sample": 1.0
}
