{
  "empty_samples": 0,
  "gen_ppl": 3991.441112972845,
  "max_tokens": 1031,
  "mean_tokens": 1024.125,
  "method": "mdlm",
  "min_tokens": 1012,
  "nfe": 16,
  "num_samples": 256,
  "rank_wasserstein": 4.529870470870917,
  "rep_1": 0.2026045322222873,
  "rep_2": 0.012479249601328547,
  "rep_3": 0.0014760663747987093,
  "source_entropy": 6.490593910217285,
  "source_file": "/data/remote_cache/patrick/discrete_diffusion/gen-sample-candi-proj/mdlm-50k/samples_steps16_temp1.214.json",
  "source_gen_ppl": 3991.337158203125,
  "temperature": 1.213793158531189,
  "temperature_label": "1.214",
  "unigram_entropy": 6.496746312237124,
  "unique_1gram_corpus": 0.11433922250701818,
  "unique_1gram_sample": 0.7973954677777129,
  "unique_2gram_corpus": 0.4645197006719609,
  "unique_2gram_sample": 0.987520750398672,
  "unique_3gram_corpus": 0.4960980494068729,
  "unique_3gram_sample": 0.9985239336252012,
  "unique_4gram_corpus": 0.49947208960705103,
  "unique_4gram_sample": 0.9999081169882347
}
