{
  "empty_samples": 0,
  "gen_ppl": 3.931681592756462,
  "max_tokens": 1024,
  "mean_tokens": 1015.359375,
  "method": "mdlm",
  "min_tokens": 875,
  "nfe": 128,
  "num_samples": 256,
  "rank_wasserstein": 0.7914056489202207,
  "rep_1": 0.9311424374169727,
  "rep_2": 0.8283273466036075,
  "rep_3": 0.7305159673605032,
  "source_entropy": 2.6724698543548584,
  "source_file": "/data/remote_cache/patrick/discrete_diffusion/gen-sample-candi-proj/mdlm-50k/samples_steps128_temp0.559.json",
  "source_gen_ppl": 3.930992364883423,
  "temperature": 0.5586206912994385,
  "temperature_label": "0.559",
  "unigram_entropy": 2.710161607595642,
  "unique_1gram_corpus": 0.007763568933413355,
  "unique_1gram_sample": 0.06885756258302692,
  "unique_2gram_corpus": 0.04096643509604276,
  "unique_2gram_sample": 0.17167265339639254,
  "unique_3gram_corpus": 0.09363965769794157,
  "unique_3gram_sample": 0.26948403263949716,
  "unique_4gram_corpus": 0.14771727554752975,
  "unique_4gram_sample": 0.3634378909472798
}
