{
  "empty_samples": 0,
  "gen_ppl": 28824.095132672508,
  "max_tokens": 1054,
  "mean_tokens": 1037.609375,
  "method": "mdlm",
  "min_tokens": 1025,
  "nfe": 16,
  "num_samples": 256,
  "rank_wasserstein": 6.6599694846929305,
  "rep_1": 0.050937972713427655,
  "rep_2": 0.00040702420025008103,
  "rep_3": 0.0,
  "source_entropy": 6.859699726104736,
  "source_file": "/data/remote_cache/patrick/discrete_diffusion/gen-sample-candi-proj/mdlm-50k/samples_steps16_temp1.541.json",
  "source_gen_ppl": 28823.921875,
  "temperature": 1.5413793325424194,
  "temperature_label": "1.541",
  "unigram_entropy": 6.8670106991982065,
  "unique_1gram_corpus": 0.14394190371496982,
  "unique_1gram_sample": 0.9490620272865721,
  "unique_2gram_corpus": 0.4977164131860181,
  "unique_2gram_sample": 0.9995929757997508,
  "unique_3gram_corpus": 0.49994719292686973,
  "unique_3gram_sample": 1.0,
  "unique_4gram_corpus": 0.5,
  "unique_4gram_sample": 1.0
}
