{
  "empty_samples": 0,
  "gen_ppl": 461.76795685306746,
  "max_tokens": 1026,
  "mean_tokens": 1021.7734375,
  "method": "mdlm",
  "min_tokens": 1015,
  "nfe": 32,
  "num_samples": 256,
  "rank_wasserstein": 2.5622817155181643,
  "rep_1": 0.36730431320829576,
  "rep_2": 0.052263480356413365,
  "rep_3": 0.01252467322172109,
  "source_entropy": 5.988227367401123,
  "source_file": "/data/remote_cache/patrick/discrete_diffusion/gen-sample-candi-proj/mdlm-50k/samples_steps32_temp1.083.json",
  "source_gen_ppl": 461.7211608886719,
  "temperature": 1.0827586650848389,
  "temperature_label": "1.083",
  "unigram_entropy": 5.9919156797211075,
  "unique_1gram_corpus": 0.08925963589653406,
  "unique_1gram_sample": 0.6326956867917047,
  "unique_2gram_corpus": 0.38691938557619454,
  "unique_2gram_sample": 0.9477365196435862,
  "unique_3gram_corpus": 0.47690586910389104,
  "unique_3gram_sample": 0.9874753267782782,
  "unique_4gram_corpus": 0.49454767144927647,
  "unique_4gram_sample": 0.9980140307823561
}
