{
  "empty_samples": 0,
  "gen_ppl": 6.225379745954653,
  "max_tokens": 1024,
  "mean_tokens": 996.578125,
  "method": "mdlm",
  "min_tokens": 925,
  "nfe": 16,
  "num_samples": 256,
  "rank_wasserstein": 0.6015815676345893,
  "rep_1": 0.9430023964917587,
  "rep_2": 0.8288665778113073,
  "rep_3": 0.6900830715975131,
  "source_entropy": 2.3532216548919678,
  "source_file": "/data/remote_cache/patrick/discrete_diffusion/gen-sample-candi-proj/mdlm-50k/samples_steps16_temp0.559.json",
  "source_gen_ppl": 6.224367618560791,
  "temperature": 0.5586206912994385,
  "temperature_label": "0.559",
  "unigram_entropy": 2.487311528330511,
  "unique_1gram_corpus": 0.004711434439723428,
  "unique_1gram_sample": 0.05699760350824167,
  "unique_2gram_corpus": 0.030757097791798107,
  "unique_2gram_sample": 0.1711334221886926,
  "unique_3gram_corpus": 0.08343675867594615,
  "unique_3gram_sample": 0.30991692840248736,
  "unique_4gram_corpus": 0.15369010363427638,
  "unique_4gram_sample": 0.4585190318119701
}
