{
  "empty_samples": 0,
  "gen_ppl": 4.580472767713677,
  "max_tokens": 990,
  "mean_tokens": 948.03125,
  "method": "mdlm",
  "min_tokens": 885,
  "nfe": 8,
  "num_samples": 256,
  "rank_wasserstein": 0.8089270211521835,
  "rep_1": 0.9824411598490448,
  "rep_2": 0.9375328913475095,
  "rep_3": 0.8581056038970698,
  "source_entropy": 1.4696508646011353,
  "source_file": "/data/remote_cache/patrick/discrete_diffusion/gen-sample-candi-proj/mdlm-50k/samples_steps8_temp0.231.json",
  "source_gen_ppl": 4.5818772315979,
  "temperature": 0.23103448748588562,
  "temperature_label": "0.231",
  "unigram_entropy": 1.7531256076914976,
  "unique_1gram_corpus": 0.0003131489600158223,
  "unique_1gram_sample": 0.01755884015095476,
  "unique_2gram_corpus": 0.002033492822966507,
  "unique_2gram_sample": 0.06246710865249048,
  "unique_3gram_corpus": 0.0075190764047170745,
  "unique_3gram_sample": 0.14189439610293023,
  "unique_4gram_corpus": 0.020547435600674582,
  "unique_4gram_sample": 0.25478365805880304
}
