{
  "empty_samples": 0,
  "gen_ppl": 1.9622501912908785,
  "max_tokens": 1024,
  "mean_tokens": 955.0390625,
  "method": "mdlm",
  "min_tokens": 176,
  "nfe": 64,
  "num_samples": 256,
  "rank_wasserstein": 1.122420289415664,
  "rep_1": 0.9868127317338589,
  "rep_2": 0.9690312469674569,
  "rep_3": 0.9480394800096439,
  "source_entropy": 1.1874988079071045,
  "source_file": "/data/remote_cache/patrick/discrete_diffusion/gen-sample-candi-proj/mdlm-50k/samples_steps64_temp0.100.json",
  "source_gen_ppl": 1.962614893913269,
  "temperature": 0.10000000149011612,
  "temperature_label": "0.100",
  "unigram_entropy": 1.3578534580348507,
  "unique_1gram_corpus": 0.0006707840811485133,
  "unique_1gram_sample": 0.013187268266141769,
  "unique_2gram_corpus": 0.003406569109951931,
  "unique_2gram_sample": 0.030968753032541617,
  "unique_3gram_corpus": 0.008857355991113952,
  "unique_3gram_sample": 0.05196051999035631,
  "unique_4gram_corpus": 0.017245057893829855,
  "unique_4gram_sample": 0.07826805047137687
}
