{
  "empty_samples": 0,
  "gen_ppl": 43320.656702112545,
  "max_tokens": 1064,
  "mean_tokens": 1043.8671875,
  "method": "mdlm",
  "min_tokens": 1032,
  "nfe": 64,
  "num_samples": 256,
  "rank_wasserstein": 7.1365809598205,
  "rep_1": 0.03031951190689831,
  "rep_2": 8.986862799076345e-05,
  "rep_3": 0.0,
  "source_entropy": 6.896030426025391,
  "source_file": "/data/remote_cache/patrick/discrete_diffusion/gen-sample-candi-proj/mdlm-50k/samples_steps64_temp1.803.json",
  "source_gen_ppl": 43320.49609375,
  "temperature": 1.8034483194351196,
  "temperature_label": "1.803",
  "unigram_entropy": 6.906674063271098,
  "unique_1gram_corpus": 0.15275605283837893,
  "unique_1gram_sample": 0.9696804880931028,
  "unique_2gram_corpus": 0.49881636414032826,
  "unique_2gram_sample": 0.9999101313720091,
  "unique_3gram_corpus": 0.49998500288694425,
  "unique_3gram_sample": 1.0,
  "unique_4gram_corpus": 0.5,
  "unique_4gram_sample": 1.0
}
