{
  "empty_samples": 0,
  "gen_ppl": 3.9902086653681708,
  "max_tokens": 1024,
  "mean_tokens": 1015.4765625,
  "method": "mdlm",
  "min_tokens": 930,
  "nfe": 64,
  "num_samples": 256,
  "rank_wasserstein": 0.7884420688992662,
  "rep_1": 0.9423438825392193,
  "rep_2": 0.8512421085256852,
  "rep_3": 0.7537332983134203,
  "source_entropy": 2.536033868789673,
  "source_file": "/data/remote_cache/patrick/discrete_diffusion/gen-sample-candi-proj/mdlm-50k/samples_steps64_temp0.559.json",
  "source_gen_ppl": 3.989483118057251,
  "temperature": 0.5586206912994385,
  "temperature_label": "0.559",
  "unigram_entropy": 2.5806040234519365,
  "unique_1gram_corpus": 0.0063355413483509124,
  "unique_1gram_sample": 0.057656117460781246,
  "unique_2gram_corpus": 0.035628749432050084,
  "unique_2gram_sample": 0.14875789147431448,
  "unique_3gram_corpus": 0.08598959337059163,
  "unique_3gram_sample": 0.2462667016865798,
  "unique_4gram_corpus": 0.14278494100943695,
  "unique_4gram_sample": 0.34730453214087315
}
