{
  "empty_samples": 0,
  "gen_ppl": 28.099864797462292,
  "max_tokens": 1030,
  "mean_tokens": 1022.4453125,
  "method": "mdlm",
  "min_tokens": 1013,
  "nfe": 64,
  "num_samples": 256,
  "rank_wasserstein": 0.41712889440076667,
  "rep_1": 0.6513950614152727,
  "rep_2": 0.26979842574023777,
  "rep_3": 0.12119952124731041,
  "source_entropy": 4.932883262634277,
  "source_file": "/data/remote_cache/patrick/discrete_diffusion/gen-sample-candi-proj/mdlm-50k/samples_steps64_temp0.821.json",
  "source_gen_ppl": 28.094829559326172,
  "temperature": 0.8206896185874939,
  "temperature_label": "0.821",
  "unigram_entropy": 4.940133281787913,
  "unique_1gram_corpus": 0.041131478609033184,
  "unique_1gram_sample": 0.34860493858472696,
  "unique_2gram_corpus": 0.2052124364220429,
  "unique_2gram_sample": 0.7302015742597626,
  "unique_3gram_corpus": 0.3568180252187694,
  "unique_3gram_sample": 0.8788004787526892,
  "unique_4gram_corpus": 0.42956494417153934,
  "unique_4gram_sample": 0.9449345471673376
}
