{
  "empty_samples": 0,
  "gen_ppl": 51842.605379528715,
  "max_tokens": 1063,
  "mean_tokens": 1047.2421875,
  "method": "mdlm",
  "min_tokens": 1034,
  "nfe": 64,
  "num_samples": 256,
  "rank_wasserstein": 7.338635183854894,
  "rep_1": 0.027493256898478067,
  "rep_2": 4.458759600910189e-05,
  "rep_3": 0.0,
  "source_entropy": 6.902632236480713,
  "source_file": "/data/remote_cache/patrick/discrete_diffusion/gen-sample-candi-proj/mdlm-50k/samples_steps64_temp2.000.json",
  "source_gen_ppl": 51842.50390625,
  "temperature": 2.0,
  "temperature_label": "2.000",
  "unigram_entropy": 6.913900775643463,
  "unique_1gram_corpus": 0.15644885749028326,
  "unique_1gram_sample": 0.9725067431015223,
  "unique_2gram_corpus": 0.4991076695614513,
  "unique_2gram_sample": 0.9999554124039909,
  "unique_3gram_corpus": 0.49997010262274744,
  "unique_3gram_sample": 1.0,
  "unique_4gram_corpus": 0.5,
  "unique_4gram_sample": 1.0
}
