{
  "empty_samples": 0,
  "gen_ppl": 32342.584443923213,
  "max_tokens": 1053,
  "mean_tokens": 1039.1796875,
  "method": "mdlm",
  "min_tokens": 1026,
  "nfe": 32,
  "num_samples": 256,
  "rank_wasserstein": 6.79626619467339,
  "rep_1": 0.0440127608485131,
  "rep_2": 0.00033193938419131923,
  "rep_3": 7.592322643343308e-06,
  "source_entropy": 6.872752666473389,
  "source_file": "/data/remote_cache/patrick/discrete_diffusion/gen-sample-candi-proj/mdlm-50k/samples_steps32_temp1.607.json",
  "source_gen_ppl": 32342.4296875,
  "temperature": 1.6068965196609497,
  "temperature_label": "1.607",
  "unigram_entropy": 6.880973716793997,
  "unique_1gram_corpus": 0.14701349471864075,
  "unique_1gram_sample": 0.9559872391514872,
  "unique_2gram_corpus": 0.49831811990638664,
  "unique_2gram_sample": 0.9996680606158087,
  "unique_3gram_corpus": 0.4999472728779216,
  "unique_3gram_sample": 0.9999924076773568,
  "unique_4gram_corpus": 0.5,
  "unique_4gram_sample": 1.0
}
