{
  "empty_samples": 0,
  "gen_ppl": 10928.599628180824,
  "max_tokens": 1037,
  "mean_tokens": 1028.4140625,
  "method": "mdlm",
  "min_tokens": 1013,
  "nfe": 8,
  "num_samples": 256,
  "rank_wasserstein": 5.565247120503107,
  "rep_1": 0.13161766954503953,
  "rep_2": 0.004875667395130118,
  "rep_3": 0.00025079306423822674,
  "source_entropy": 6.679460525512695,
  "source_file": "/data/remote_cache/patrick/discrete_diffusion/gen-sample-candi-proj/mdlm-50k/samples_steps8_temp1.279.json",
  "source_gen_ppl": 10928.51171875,
  "temperature": 1.2793103456497192,
  "temperature_label": "1.279",
  "unigram_entropy": 6.688107652762264,
  "unique_1gram_corpus": 0.1255612023975022,
  "unique_1gram_sample": 0.8683823304549608,
  "unique_2gram_corpus": 0.48587168939007974,
  "unique_2gram_sample": 0.99512433260487,
  "unique_3gram_corpus": 0.4989686484347052,
  "unique_3gram_sample": 0.999749206935762,
  "unique_4gram_corpus": 0.4998971452081095,
  "unique_4gram_sample": 0.9999695637040038
}
