{
  "empty_samples": 0,
  "gen_ppl": 23747.06201745246,
  "max_tokens": 1052,
  "mean_tokens": 1035.1953125,
  "method": "mdlm",
  "min_tokens": 1020,
  "nfe": 16,
  "num_samples": 256,
  "rank_wasserstein": 6.44030770980346,
  "rep_1": 0.062016324812873044,
  "rep_2": 0.0009070226530315355,
  "rep_3": 2.271088376007164e-05,
  "source_entropy": 6.837169170379639,
  "source_file": "/data/remote_cache/patrick/discrete_diffusion/gen-sample-candi-proj/mdlm-50k/samples_steps16_temp1.476.json",
  "source_gen_ppl": 23746.93359375,
  "temperature": 1.4758620262145996,
  "temperature_label": "1.476",
  "unigram_entropy": 6.844376888379308,
  "unique_1gram_corpus": 0.14050413191955022,
  "unique_1gram_sample": 0.9379836751871267,
  "unique_2gram_corpus": 0.49649485937889515,
  "unique_2gram_sample": 0.999092977346969,
  "unique_3gram_corpus": 0.49991682356766404,
  "unique_3gram_sample": 0.9999772891162398,
  "unique_4gram_corpus": 0.49999621559025437,
  "unique_4gram_sample": 1.0
}
