{
  "empty_samples": 0,
  "gen_ppl": 3293.6113048987468,
  "max_tokens": 1033,
  "mean_tokens": 1022.8125,
  "method": "mdlm",
  "min_tokens": 1012,
  "nfe": 8,
  "num_samples": 256,
  "rank_wasserstein": 4.33126883176096,
  "rep_1": 0.24215745735604782,
  "rep_2": 0.016349481109258462,
  "rep_3": 0.001760314009446669,
  "source_entropy": 6.377539157867432,
  "source_file": "/data/remote_cache/patrick/discrete_diffusion/gen-sample-candi-proj/mdlm-50k/samples_steps8_temp1.148.json",
  "source_gen_ppl": 3293.561767578125,
  "temperature": 1.1482758522033691,
  "temperature_label": "1.148",
  "unigram_entropy": 6.389657366663747,
  "unique_1gram_corpus": 0.10589673082798656,
  "unique_1gram_sample": 0.7578425426439518,
  "unique_2gram_corpus": 0.451743990458132,
  "unique_2gram_sample": 0.9836505188907415,
  "unique_3gram_corpus": 0.49489147737708933,
  "unique_3gram_sample": 0.9982396859905527,
  "unique_4gram_corpus": 0.4994445976588834,
  "unique_4gram_sample": 0.9998549102769357
}
