{
  "empty_samples": 0,
  "gen_ppl": 21254.790501017767,
  "max_tokens": 1049,
  "mean_tokens": 1033.734375,
  "method": "mdlm",
  "min_tokens": 1023,
  "nfe": 64,
  "num_samples": 256,
  "rank_wasserstein": 6.321409415571938,
  "rep_1": 0.06659225472036057,
  "rep_2": 0.0011425633170437923,
  "rep_3": 2.271085545139332e-05,
  "source_entropy": 6.8289008140563965,
  "source_file": "/data/remote_cache/patrick/discrete_diffusion/gen-sample-candi-proj/mdlm-50k/samples_steps64_temp1.476.json",
  "source_gen_ppl": 21254.6640625,
  "temperature": 1.4758620262145996,
  "temperature_label": "1.476",
  "unigram_entropy": 6.834698901734432,
  "unique_1gram_corpus": 0.14159449205701416,
  "unique_1gram_sample": 0.9334077452796387,
  "unique_2gram_corpus": 0.49592253574400486,
  "unique_2gram_sample": 0.9988574366829568,
  "unique_3gram_corpus": 0.4998182671775378,
  "unique_3gram_sample": 0.9999772891445486,
  "unique_4gram_corpus": 0.4999924204526506,
  "unique_4gram_sample": 1.0
}
