{
  "empty_samples": 0,
  "gen_ppl": 1700.5325986530163,
  "max_tokens": 1029,
  "mean_tokens": 1022.3203125,
  "method": "mdlm",
  "min_tokens": 1013,
  "nfe": 16,
  "num_samples": 256,
  "rank_wasserstein": 3.7135342675267586,
  "rep_1": 0.27404569371872034,
  "rep_2": 0.026556475489355864,
  "rep_3": 0.00482239556288133,
  "source_entropy": 6.276694297790527,
  "source_file": "/data/remote_cache/patrick/discrete_diffusion/gen-sample-candi-proj/mdlm-50k/samples_steps16_temp1.148.json",
  "source_gen_ppl": 1700.454833984375,
  "temperature": 1.1482758522033691,
  "temperature_label": "1.148",
  "unigram_entropy": 6.284879823738767,
  "unique_1gram_corpus": 0.10394552832481257,
  "unique_1gram_sample": 0.7259543062812798,
  "unique_2gram_corpus": 0.4340620673301257,
  "unique_2gram_sample": 0.9734435245106432,
  "unique_3gram_corpus": 0.4898277961118215,
  "unique_3gram_sample": 0.9951776044371188,
  "unique_4gram_corpus": 0.4981873644355537,
  "unique_4gram_sample": 0.9995101238958671
}
