{
  "empty_samples": 0,
  "gen_ppl": 2.9174009574395563,
  "max_tokens": 1020,
  "mean_tokens": 956.03125,
  "method": "mdlm",
  "min_tokens": 850,
  "nfe": 16,
  "num_samples": 256,
  "rank_wasserstein": 0.9890368870108768,
  "rep_1": 0.9862915536467746,
  "rep_2": 0.9578114883493883,
  "rep_3": 0.91455479292909,
  "source_entropy": 1.3102896213531494,
  "source_file": "/data/remote_cache/patrick/discrete_diffusion/gen-sample-candi-proj/mdlm-50k/samples_steps16_temp0.166.json",
  "source_gen_ppl": 2.9169111251831055,
  "temperature": 0.16551724076271057,
  "temperature_label": "0.166",
  "unigram_entropy": 1.541629313873132,
  "unique_1gram_corpus": 0.0003432157683130128,
  "unique_1gram_sample": 0.013708446353225706,
  "unique_2gram_corpus": 0.0024500179967932986,
  "unique_2gram_sample": 0.04218851165061206,
  "unique_3gram_corpus": 0.008221690851321694,
  "unique_3gram_sample": 0.08544520707091034,
  "unique_4gram_corpus": 0.019702757648293275,
  "unique_4gram_sample": 0.14607493093348767
}
