{
  "empty_samples": 0,
  "gen_ppl": 42640.5721403154,
  "max_tokens": 1066,
  "mean_tokens": 1044.9765625,
  "method": "mdlm",
  "min_tokens": 1031,
  "nfe": 128,
  "num_samples": 256,
  "rank_wasserstein": 7.113743376761813,
  "rep_1": 0.03308314287491601,
  "rep_2": 2.9875853547251495e-05,
  "rep_3": 0.0,
  "source_entropy": 6.893381118774414,
  "source_file": "/data/remote_cache/patrick/discrete_diffusion/gen-sample-candi-proj/mdlm-50k/samples_steps128_temp1.803.json",
  "source_gen_ppl": 42640.453125,
  "temperature": 1.8034483194351196,
  "temperature_label": "1.803",
  "unigram_entropy": 6.903568816845678,
  "unique_1gram_corpus": 0.15256023983791503,
  "unique_1gram_sample": 0.966916857125084,
  "unique_2gram_corpus": 0.49897477343989705,
  "unique_2gram_sample": 0.9999701241464527,
  "unique_3gram_corpus": 0.49997378296791783,
  "unique_3gram_sample": 1.0,
  "unique_4gram_corpus": 0.5,
  "unique_4gram_sample": 1.0
}
