{
  "empty_samples": 0,
  "gen_ppl": 16391.739380724073,
  "max_tokens": 1047,
  "mean_tokens": 1031.6484375,
  "method": "mdlm",
  "min_tokens": 1021,
  "nfe": 32,
  "num_samples": 256,
  "rank_wasserstein": 6.022990968888501,
  "rep_1": 0.08513266803232322,
  "rep_2": 0.002282534960781007,
  "rep_3": 0.00016689366939581524,
  "source_entropy": 6.788978099822998,
  "source_file": "/data/remote_cache/patrick/discrete_diffusion/gen-sample-candi-proj/mdlm-50k/samples_steps32_temp1.410.json",
  "source_gen_ppl": 16391.595703125,
  "temperature": 1.4103448390960693,
  "temperature_label": "1.410",
  "unigram_entropy": 6.795056496457588,
  "unique_1gram_corpus": 0.1359588340868301,
  "unique_1gram_sample": 0.9148673319676766,
  "unique_2gram_corpus": 0.49324606020178435,
  "unique_2gram_sample": 0.9977174650392191,
  "unique_3gram_corpus": 0.4996016540839941,
  "unique_3gram_sample": 0.9998331063306043,
  "unique_4gram_corpus": 0.4999582279538533,
  "unique_4gram_sample": 0.9999621486551782
}
