{
  "empty_samples": 0,
  "gen_ppl": 4678.410037116169,
  "max_tokens": 1037,
  "mean_tokens": 1025.359375,
  "method": "mdlm",
  "min_tokens": 1017,
  "nfe": 128,
  "num_samples": 256,
  "rank_wasserstein": 4.69821452113353,
  "rep_1": 0.1741992789873659,
  "rep_2": 0.010703503696369448,
  "rep_3": 0.0013974306130139112,
  "source_entropy": 6.568291664123535,
  "source_file": "/data/remote_cache/patrick/discrete_diffusion/gen-sample-candi-proj/mdlm-50k/samples_steps128_temp1.279.json",
  "source_gen_ppl": 4678.2783203125,
  "temperature": 1.2793103456497192,
  "temperature_label": "1.279",
  "unigram_entropy": 6.573071843470103,
  "unique_1gram_corpus": 0.12192371577038538,
  "unique_1gram_sample": 0.825800721012634,
  "unique_2gram_corpus": 0.47242941472566696,
  "unique_2gram_sample": 0.9892964963036307,
  "unique_3gram_corpus": 0.49696541720742043,
  "unique_3gram_sample": 0.998602569386986,
  "unique_4gram_corpus": 0.4995835307423087,
  "unique_4gram_sample": 0.9998165421416195
}
