{
  "empty_samples": 0,
  "gen_ppl": 21913.792335838614,
  "max_tokens": 1050,
  "mean_tokens": 1034.359375,
  "method": "mdlm",
  "min_tokens": 1022,
  "nfe": 32,
  "num_samples": 256,
  "rank_wasserstein": 6.353772001680485,
  "rep_1": 0.0657434528089164,
  "rep_2": 0.0010819203265105886,
  "rep_3": 4.544413814463067e-05,
  "source_entropy": 6.8309245109558105,
  "source_file": "/data/remote_cache/patrick/discrete_diffusion/gen-sample-candi-proj/mdlm-50k/samples_steps32_temp1.476.json",
  "source_gen_ppl": 21913.6796875,
  "temperature": 1.4758620262145996,
  "temperature_label": "1.476",
  "unigram_entropy": 6.836770485064732,
  "unique_1gram_corpus": 0.140663000951676,
  "unique_1gram_sample": 0.9342565471910839,
  "unique_2gram_corpus": 0.4962274136236486,
  "unique_2gram_sample": 0.9989180796734892,
  "unique_3gram_corpus": 0.4998675667085408,
  "unique_3gram_sample": 0.9999545558618556,
  "unique_4gram_corpus": 0.49998863756874273,
  "unique_4gram_sample": 0.9999924150485437
}
