{
  "empty_samples": 0,
  "gen_ppl": 15.482492346059285,
  "max_tokens": 1025,
  "mean_tokens": 1022.9140625,
  "method": "mdlm",
  "min_tokens": 1010,
  "nfe": 128,
  "num_samples": 256,
  "rank_wasserstein": 0.08811425520988544,
  "rep_1": 0.7293837969577857,
  "rep_2": 0.3883449881229997,
  "rep_3": 0.21474468859202933,
  "source_entropy": 4.5313615798950195,
  "source_file": "/data/remote_cache/patrick/discrete_diffusion/gen-sample-candi-proj/mdlm-50k/samples_steps128_temp0.755.json",
  "source_gen_ppl": 15.479723930358887,
  "temperature": 0.7551723718643188,
  "temperature_label": "0.755",
  "unigram_entropy": 4.536334639030785,
  "unique_1gram_corpus": 0.029557101723782394,
  "unique_1gram_sample": 0.2706162030422141,
  "unique_2gram_corpus": 0.15698176675203548,
  "unique_2gram_sample": 0.6116550118770003,
  "unique_3gram_corpus": 0.29900824169517204,
  "unique_3gram_sample": 0.7852553114079706,
  "unique_4gram_corpus": 0.38409332894162346,
  "unique_4gram_sample": 0.8770263176540873
}
