{
  "empty_samples": 0,
  "gen_ppl": 48.443733789783806,
  "max_tokens": 1026,
  "mean_tokens": 1022.2890625,
  "method": "mdlm",
  "min_tokens": 1010,
  "nfe": 64,
  "num_samples": 256,
  "rank_wasserstein": 0.7997301408411973,
  "rep_1": 0.5795955758757444,
  "rep_2": 0.18510120212214137,
  "rep_3": 0.06927819571907223,
  "source_entropy": 5.250092029571533,
  "source_file": "/data/remote_cache/patrick/discrete_diffusion/gen-sample-candi-proj/mdlm-50k/samples_steps64_temp0.886.json",
  "source_gen_ppl": 48.435279846191406,
  "temperature": 0.886206865310669,
  "temperature_label": "0.886",
  "unigram_entropy": 5.255258994655867,
  "unique_1gram_corpus": 0.051057293298586964,
  "unique_1gram_sample": 0.42040442412425594,
  "unique_2gram_corpus": 0.25092369477911647,
  "unique_2gram_sample": 0.8148987978778595,
  "unique_3gram_corpus": 0.4011462744167171,
  "unique_3gram_sample": 0.9307218042809275,
  "unique_4gram_corpus": 0.4585303788639447,
  "unique_4gram_sample": 0.9744263732777677
}
