{
  "empty_samples": 0,
  "gen_ppl": 3.6918077313267452,
  "max_tokens": 987,
  "mean_tokens": 923.8203125,
  "method": "mdlm",
  "min_tokens": 828,
  "nfe": 8,
  "num_samples": 256,
  "rank_wasserstein": 0.900872151666198,
  "rep_1": 0.987185502811935,
  "rep_2": 0.9568035207047931,
  "rep_3": 0.9016920020704757,
  "source_entropy": 1.219158411026001,
  "source_file": "/data/remote_cache/patrick/discrete_diffusion/gen-sample-candi-proj/mdlm-50k/samples_steps8_temp0.100.json",
  "source_gen_ppl": 3.6924445629119873,
  "temperature": 0.10000000149011612,
  "temperature_label": "0.100",
  "unigram_entropy": 1.5419733135924893,
  "unique_1gram_corpus": 0.0001226226014596318,
  "unique_1gram_sample": 0.012814497188064525,
  "unique_2gram_corpus": 0.0008296577238594323,
  "unique_2gram_sample": 0.043196479295207535,
  "unique_3gram_corpus": 0.003021365674234912,
  "unique_3gram_sample": 0.09830799792952363,
  "unique_4gram_corpus": 0.008802443473465406,
  "unique_4gram_sample": 0.18243599234047375
}
