{
  "empty_samples": 0,
  "gen_ppl": 2.3281843938170974,
  "max_tokens": 1024,
  "mean_tokens": 970.8046875,
  "method": "mdlm",
  "min_tokens": 782,
  "nfe": 32,
  "num_samples": 256,
  "rank_wasserstein": 1.0630950669325454,
  "rep_1": 0.9869624022237425,
  "rep_2": 0.9641402877771157,
  "rep_3": 0.9336102289740849,
  "source_entropy": 1.2671293020248413,
  "source_file": "/data/remote_cache/patrick/discrete_diffusion/gen-sample-candi-proj/mdlm-50k/samples_steps32_temp0.166.json",
  "source_gen_ppl": 2.3285231590270996,
  "temperature": 0.16551724076271057,
  "temperature_label": "0.166",
  "unigram_entropy": 1.4442697553571875,
  "unique_1gram_corpus": 0.000607582305271883,
  "unique_1gram_sample": 0.013037597776257393,
  "unique_2gram_corpus": 0.0037257824143070045,
  "unique_2gram_sample": 0.03585971222288429,
  "unique_3gram_corpus": 0.010938898610562306,
  "unique_3gram_sample": 0.06638977102591578,
  "unique_4gram_corpus": 0.022998248290670736,
  "unique_4gram_sample": 0.10701358181903509
}
