{
  "empty_samples": 0,
  "gen_ppl": 46653.18705798819,
  "max_tokens": 1062,
  "mean_tokens": 1044.71875,
  "method": "mdlm",
  "min_tokens": 1034,
  "nfe": 64,
  "num_samples": 256,
  "rank_wasserstein": 7.2127502059134665,
  "rep_1": 0.0290789934149112,
  "rep_2": 5.9589408869451833e-05,
  "rep_3": 0.0,
  "source_entropy": 6.897944927215576,
  "source_file": "/data/remote_cache/patrick/discrete_diffusion/gen-sample-candi-proj/mdlm-50k/samples_steps64_temp1.869.json",
  "source_gen_ppl": 46653.16015625,
  "temperature": 1.86896550655365,
  "temperature_label": "1.869",
  "unigram_entropy": 6.909413075916216,
  "unique_1gram_corpus": 0.15480392450121144,
  "unique_1gram_sample": 0.9709210065850884,
  "unique_2gram_corpus": 0.4990269169735621,
  "unique_2gram_sample": 0.9999404105911307,
  "unique_3gram_corpus": 0.49996628405310634,
  "unique_3gram_sample": 1.0,
  "unique_4gram_corpus": 0.5,
  "unique_4gram_sample": 1.0
}
