{
  "empty_samples": 0,
  "gen_ppl": 12.569071201847795,
  "max_tokens": 1024,
  "mean_tokens": 1015.96875,
  "method": "mdlm",
  "min_tokens": 972,
  "nfe": 32,
  "num_samples": 256,
  "rank_wasserstein": 0.13015298841952586,
  "rep_1": 0.8003349064890122,
  "rep_2": 0.519189308176117,
  "rep_3": 0.33040542162088243,
  "source_entropy": 3.85115909576416,
  "source_file": "/data/remote_cache/patrick/discrete_diffusion/gen-sample-candi-proj/mdlm-50k/samples_steps32_temp0.690.json",
  "source_gen_ppl": 12.566729545593262,
  "temperature": 0.6896551847457886,
  "temperature_label": "0.690",
  "unigram_entropy": 3.8981161764303702,
  "unique_1gram_corpus": 0.02160807111439205,
  "unique_1gram_sample": 0.19966509351098863,
  "unique_2gram_corpus": 0.114993534283691,
  "unique_2gram_sample": 0.48081069182388314,
  "unique_3gram_corpus": 0.2373062224550806,
  "unique_3gram_sample": 0.6695945783791176,
  "unique_4gram_corpus": 0.33240012339966063,
  "unique_4gram_sample": 0.7939341809724513
}
