{
  "empty_samples": 0,
  "gen_ppl": 91.94606581355305,
  "max_tokens": 1025,
  "mean_tokens": 1010.4140625,
  "method": "mdlm",
  "min_tokens": 995,
  "nfe": 8,
  "num_samples": 256,
  "rank_wasserstein": 1.2143580282720956,
  "rep_1": 0.6269900270262213,
  "rep_2": 0.21324654741750812,
  "rep_3": 0.06444676037675921,
  "source_entropy": 4.784364700317383,
  "source_file": "/data/remote_cache/patrick/discrete_diffusion/gen-sample-candi-proj/mdlm-50k/samples_steps8_temp0.821.json",
  "source_gen_ppl": 91.93527221679688,
  "temperature": 0.8206896185874939,
  "temperature_label": "0.821",
  "unigram_entropy": 4.864654897374102,
  "unique_1gram_corpus": 0.04254134675604834,
  "unique_1gram_sample": 0.37300997297377886,
  "unique_2gram_corpus": 0.2179095236252467,
  "unique_2gram_sample": 0.7867534525824914,
  "unique_3gram_corpus": 0.38043183526112323,
  "unique_3gram_sample": 0.935553239623241,
  "unique_4gram_corpus": 0.4588364392124018,
  "unique_4gram_sample": 0.9866222367364997
}
