{
  "empty_samples": 0,
  "gen_ppl": 1008.5454091038506,
  "max_tokens": 1030,
  "mean_tokens": 1021.8984375,
  "method": "mdlm",
  "min_tokens": 1014,
  "nfe": 32,
  "num_samples": 256,
  "rank_wasserstein": 3.2380639137956813,
  "rep_1": 0.30234560438173036,
  "rep_2": 0.03285306289667248,
  "rep_3": 0.006963590111054803,
  "source_entropy": 6.196300983428955,
  "source_file": "/data/remote_cache/patrick/discrete_diffusion/gen-sample-candi-proj/mdlm-50k/samples_steps32_temp1.148.json",
  "source_gen_ppl": 1008.474365234375,
  "temperature": 1.1482758522033691,
  "temperature_label": "1.148",
  "unigram_entropy": 6.199657001813889,
  "unique_1gram_corpus": 0.09972630597157557,
  "unique_1gram_sample": 0.6976543956182698,
  "unique_2gram_corpus": 0.4213774631719916,
  "unique_2gram_sample": 0.9671469371033279,
  "unique_3gram_corpus": 0.48700085026848566,
  "unique_3gram_sample": 0.9930364098889456,
  "unique_4gram_corpus": 0.49736618130793825,
  "unique_4gram_sample": 0.9990953813799339
}
