{
  "empty_samples": 0,
  "gen_ppl": 18467.63261142049,
  "max_tokens": 1048,
  "mean_tokens": 1033.125,
  "method": "mdlm",
  "min_tokens": 1020,
  "nfe": 16,
  "num_samples": 256,
  "rank_wasserstein": 6.152442700700709,
  "rep_1": 0.0811443227080142,
  "rep_2": 0.0019466974571712321,
  "rep_3": 7.593506181581815e-05,
  "source_entropy": 6.797784328460693,
  "source_file": "/data/remote_cache/patrick/discrete_diffusion/gen-sample-candi-proj/mdlm-50k/samples_steps16_temp1.410.json",
  "source_gen_ppl": 18467.517578125,
  "temperature": 1.4103448390960693,
  "temperature_label": "1.410",
  "unigram_entropy": 6.8041783102070195,
  "unique_1gram_corpus": 0.13691016333938294,
  "unique_1gram_sample": 0.9188556772919863,
  "unique_2gram_corpus": 0.49439490735133823,
  "unique_2gram_sample": 0.9980533025428292,
  "unique_3gram_corpus": 0.4997575463692569,
  "unique_3gram_sample": 0.9999240649381844,
  "unique_4gram_corpus": 0.4999962079844679,
  "unique_4gram_sample": 0.9999923180924286
}
