{
  "empty_samples": 0,
  "gen_ppl": 10.130288255734218,
  "max_tokens": 1025,
  "mean_tokens": 1020.3359375,
  "method": "mdlm",
  "min_tokens": 979,
  "nfe": 64,
  "num_samples": 256,
  "rank_wasserstein": 0.2550395048865751,
  "rep_1": 0.8096660510912618,
  "rep_2": 0.5436588182643306,
  "rep_3": 0.36744800564193697,
  "source_entropy": 3.90718412399292,
  "source_file": "/data/remote_cache/patrick/discrete_diffusion/gen-sample-candi-proj/mdlm-50k/samples_steps64_temp0.690.json",
  "source_gen_ppl": 10.12844181060791,
  "temperature": 0.6896551847457886,
  "temperature_label": "0.690",
  "unigram_entropy": 3.9284730282827316,
  "unique_1gram_corpus": 0.020520202445579352,
  "unique_1gram_sample": 0.19033394890873837,
  "unique_2gram_corpus": 0.11000958037938302,
  "unique_2gram_sample": 0.4563411817356691,
  "unique_3gram_corpus": 0.22776895517349843,
  "unique_3gram_sample": 0.6325519943580625,
  "unique_4gram_corpus": 0.3170505072224483,
  "unique_4gram_sample": 0.7511638913247647
}
