{
  "empty_samples": 0,
  "gen_ppl": 2.0027255448747403,
  "max_tokens": 1024,
  "mean_tokens": 985.921875,
  "method": "mdlm",
  "min_tokens": 427,
  "nfe": 128,
  "num_samples": 256,
  "rank_wasserstein": 1.1087998914330661,
  "rep_1": 0.9860106042438116,
  "rep_2": 0.9663500095976546,
  "rep_3": 0.942739762769827,
  "source_entropy": 1.452160358428955,
  "source_file": "/data/remote_cache/patrick/discrete_diffusion/gen-sample-candi-proj/mdlm-50k/samples_steps128_temp0.297.json",
  "source_gen_ppl": 2.002904176712036,
  "temperature": 0.2965517044067383,
  "temperature_label": "0.297",
  "unigram_entropy": 1.5518929874582916,
  "unique_1gram_corpus": 0.0012084185169337074,
  "unique_1gram_sample": 0.013989395756189005,
  "unique_2gram_corpus": 0.006722455778535734,
  "unique_2gram_sample": 0.03364999040234441,
  "unique_3gram_corpus": 0.01678947452001715,
  "unique_3gram_sample": 0.057260237230173136,
  "unique_4gram_corpus": 0.030787511723655556,
  "unique_4gram_sample": 0.08728673132724062
}
