{
  "empty_samples": 0,
  "gen_ppl": 35811.25258125348,
  "max_tokens": 1055,
  "mean_tokens": 1041.046875,
  "method": "mdlm",
  "min_tokens": 1028,
  "nfe": 64,
  "num_samples": 256,
  "rank_wasserstein": 6.9147674826736685,
  "rep_1": 0.03804324885512167,
  "rep_2": 0.00024819098851166545,
  "rep_3": 1.5016822304736964e-05,
  "source_entropy": 6.882572174072266,
  "source_file": "/data/remote_cache/patrick/discrete_diffusion/gen-sample-candi-proj/mdlm-50k/samples_steps64_temp1.672.json",
  "source_gen_ppl": 35811.14453125,
  "temperature": 1.6724138259887695,
  "temperature_label": "1.672",
  "unigram_entropy": 6.892101725078637,
  "unique_1gram_corpus": 0.14917000615366144,
  "unique_1gram_sample": 0.9619567511448783,
  "unique_2gram_corpus": 0.49861409491759684,
  "unique_2gram_sample": 0.9997518090114883,
  "unique_3gram_corpus": 0.49997368381479423,
  "unique_3gram_sample": 0.9999849831776955,
  "unique_4gram_corpus": 0.5,
  "unique_4gram_sample": 1.0
}
