{
  "empty_samples": 0,
  "gen_ppl": 2704.69567875137,
  "max_tokens": 1032,
  "mean_tokens": 1023.4765625,
  "method": "mdlm",
  "min_tokens": 1015,
  "nfe": 32,
  "num_samples": 256,
  "rank_wasserstein": 4.151601037576146,
  "rep_1": 0.22490651748815815,
  "rep_2": 0.016181209177763868,
  "rep_3": 0.0025005883333738214,
  "source_entropy": 6.4311699867248535,
  "source_file": "/data/remote_cache/patrick/discrete_diffusion/gen-sample-candi-proj/mdlm-50k/samples_steps32_temp1.214.json",
  "source_gen_ppl": 2704.5927734375,
  "temperature": 1.213793158531189,
  "temperature_label": "1.214",
  "unigram_entropy": 6.435165883630399,
  "unique_1gram_corpus": 0.11244227319567955,
  "unique_1gram_sample": 0.7750934825118424,
  "unique_2gram_corpus": 0.45526333886015113,
  "unique_2gram_sample": 0.9838187908222361,
  "unique_3gram_corpus": 0.49441678330235794,
  "unique_3gram_sample": 0.9974994116666265,
  "unique_4gram_corpus": 0.4992038033700554,
  "unique_4gram_sample": 0.9997624839022017
}
