{
  "empty_samples": 0,
  "gen_ppl": 2.3786253688809533,
  "max_tokens": 1024,
  "mean_tokens": 1008.765625,
  "method": "mdlm",
  "min_tokens": 878,
  "nfe": 128,
  "num_samples": 256,
  "rank_wasserstein": 1.0318147707921075,
  "rep_1": 0.9780793904768847,
  "rep_2": 0.9454463761924821,
  "rep_3": 0.9070919391947749,
  "source_entropy": 1.82111656665802,
  "source_file": "/data/remote_cache/patrick/discrete_diffusion/gen-sample-candi-proj/mdlm-50k/samples_steps128_temp0.428.json",
  "source_gen_ppl": 2.378687858581543,
  "temperature": 0.4275861978530884,
  "temperature_label": "0.428",
  "unigram_entropy": 1.8822189023312161,
  "unique_1gram_corpus": 0.0019942380074658077,
  "unique_1gram_sample": 0.021920609523114833,
  "unique_2gram_corpus": 0.011950168224878677,
  "unique_2gram_sample": 0.05455362380751662,
  "unique_3gram_corpus": 0.03007775518755917,
  "unique_3gram_sample": 0.09290806080522429,
  "unique_4gram_corpus": 0.05428855504979105,
  "unique_4gram_sample": 0.14099703382594544
}
