{
  "empty_samples": 0,
  "gen_ppl": 307.7476310451403,
  "max_tokens": 1027,
  "mean_tokens": 1021.8046875,
  "method": "mdlm",
  "min_tokens": 1013,
  "nfe": 128,
  "num_samples": 256,
  "rank_wasserstein": 2.2304078780233003,
  "rep_1": 0.391912010286072,
  "rep_2": 0.06468129441975098,
  "rep_3": 0.017574205385028976,
  "source_entropy": 5.9119462966918945,
  "source_file": "/data/remote_cache/patrick/discrete_diffusion/gen-sample-candi-proj/mdlm-50k/samples_steps128_temp1.083.json",
  "source_gen_ppl": 307.7093200683594,
  "temperature": 1.0827586650848389,
  "temperature_label": "1.083",
  "unigram_entropy": 5.913377213347988,
  "unique_1gram_corpus": 0.08657323516144078,
  "unique_1gram_sample": 0.6080879897139282,
  "unique_2gram_corpus": 0.373391855383697,
  "unique_2gram_sample": 0.9353187055802487,
  "unique_3gram_corpus": 0.4715172176044739,
  "unique_3gram_sample": 0.9824257946149706,
  "unique_4gram_corpus": 0.49227418773532094,
  "unique_4gram_sample": 0.9965021233264675
}
