{
  "empty_samples": 0,
  "gen_ppl": 1551.4168222110745,
  "max_tokens": 1033,
  "mean_tokens": 1020.7734375,
  "method": "mdlm",
  "min_tokens": 1013,
  "nfe": 8,
  "num_samples": 256,
  "rank_wasserstein": 3.612793252640083,
  "rep_1": 0.3137534225897545,
  "rep_2": 0.029358094258140226,
  "rep_3": 0.004202875950302357,
  "source_entropy": 6.1517744064331055,
  "source_file": "/data/remote_cache/patrick/discrete_diffusion/gen-sample-candi-proj/mdlm-50k/samples_steps8_temp1.083.json",
  "source_gen_ppl": 1551.3575439453125,
  "temperature": 1.0827586650848389,
  "temperature_label": "1.083",
  "unigram_entropy": 6.167574209085631,
  "unique_1gram_corpus": 0.09445197039622223,
  "unique_1gram_sample": 0.6862465774102452,
  "unique_2gram_corpus": 0.42021818571833514,
  "unique_2gram_sample": 0.9706419057418593,
  "unique_3gram_corpus": 0.4890570002223875,
  "unique_3gram_sample": 0.9957971240496977,
  "unique_4gram_corpus": 0.4984072155056611,
  "unique_4gram_sample": 0.9997085526184304
}
