{
  "empty_samples": 0,
  "gen_ppl": 25959.920189410423,
  "max_tokens": 1057,
  "mean_tokens": 1036.5546875,
  "method": "mdlm",
  "min_tokens": 1023,
  "nfe": 128,
  "num_samples": 256,
  "rank_wasserstein": 6.548444821226858,
  "rep_1": 0.05407778059505363,
  "rep_2": 0.0006269359486988776,
  "rep_3": 3.0288606317258396e-05,
  "source_entropy": 6.854193687438965,
  "source_file": "/data/remote_cache/patrick/discrete_diffusion/gen-sample-candi-proj/mdlm-50k/samples_steps128_temp1.541.json",
  "source_gen_ppl": 25959.806640625,
  "temperature": 1.5413793325424194,
  "temperature_label": "1.541",
  "unigram_entropy": 6.860507145334834,
  "unique_1gram_corpus": 0.14431447327760988,
  "unique_1gram_sample": 0.9459222194049461,
  "unique_2gram_corpus": 0.4974538102315335,
  "unique_2gram_sample": 0.9993730640513014,
  "unique_3gram_corpus": 0.4999207086382275,
  "unique_3gram_sample": 0.9999697113936828,
  "unique_4gram_corpus": 0.5,
  "unique_4gram_sample": 1.0
}
