{
  "empty_samples": 0,
  "gen_ppl": 3.8061125244476828,
  "max_tokens": 1024,
  "mean_tokens": 999.9375,
  "method": "mdlm",
  "min_tokens": 912,
  "nfe": 32,
  "num_samples": 256,
  "rank_wasserstein": 0.8369788528076416,
  "rep_1": 0.963220529344807,
  "rep_2": 0.8971127620249484,
  "rep_3": 0.8152731324946313,
  "source_entropy": 2.060176134109497,
  "source_file": "/data/remote_cache/patrick/discrete_diffusion/gen-sample-candi-proj/mdlm-50k/samples_steps32_temp0.493.json",
  "source_gen_ppl": 3.8054025173187256,
  "temperature": 0.4931034445762634,
  "temperature_label": "0.493",
  "unigram_entropy": 2.1711258114321197,
  "unique_1gram_corpus": 0.0031525407837989876,
  "unique_1gram_sample": 0.036779470655192985,
  "unique_2gram_corpus": 0.020643026966151536,
  "unique_2gram_sample": 0.1028872379750516,
  "unique_3gram_corpus": 0.054859240934427254,
  "unique_3gram_sample": 0.18472686750536835,
  "unique_4gram_corpus": 0.10113002319603787,
  "unique_4gram_sample": 0.28013737195150096
}
