{
  "empty_samples": 0,
  "gen_ppl": 740.7376360939593,
  "max_tokens": 1029,
  "mean_tokens": 1020.9453125,
  "method": "mdlm",
  "min_tokens": 1014,
  "nfe": 16,
  "num_samples": 256,
  "rank_wasserstein": 2.9579179684388595,
  "rep_1": 0.34536570060823246,
  "rep_2": 0.04372101383908465,
  "rep_3": 0.00883163427434448,
  "source_entropy": 6.051390647888184,
  "source_file": "/data/remote_cache/patrick/discrete_diffusion/gen-sample-candi-proj/mdlm-50k/samples_steps16_temp1.083.json",
  "source_gen_ppl": 740.6821899414062,
  "temperature": 1.0827586650848389,
  "temperature_label": "1.083",
  "unigram_entropy": 6.059045457970197,
  "unique_1gram_corpus": 0.09181135742762911,
  "unique_1gram_sample": 0.6546342993917668,
  "unique_2gram_corpus": 0.3988418496702489,
  "unique_2gram_sample": 0.9562789861609161,
  "unique_3gram_corpus": 0.48179030093923714,
  "unique_3gram_sample": 0.9911683657256558,
  "unique_4gram_corpus": 0.49627389732687627,
  "unique_4gram_sample": 0.9990484570008117
}
