{
  "empty_samples": 0,
  "gen_ppl": 20826.60877130857,
  "max_tokens": 1048,
  "mean_tokens": 1034.0625,
  "method": "mdlm",
  "min_tokens": 1022,
  "nfe": 128,
  "num_samples": 256,
  "rank_wasserstein": 6.297486216018664,
  "rep_1": 0.06785008916604152,
  "rep_2": 0.0012345768032728157,
  "rep_3": 6.80603310292292e-05,
  "source_entropy": 6.826395034790039,
  "source_file": "/data/remote_cache/patrick/discrete_diffusion/gen-sample-candi-proj/mdlm-50k/samples_steps128_temp1.476.json",
  "source_gen_ppl": 20826.47265625,
  "temperature": 1.4758620262145996,
  "temperature_label": "1.476",
  "unigram_entropy": 6.832627040023377,
  "unique_1gram_corpus": 0.14113402840737382,
  "unique_1gram_sample": 0.9321499108339582,
  "unique_2gram_corpus": 0.4961355798898905,
  "unique_2gram_sample": 0.9987654231967269,
  "unique_3gram_corpus": 0.4998788833040635,
  "unique_3gram_sample": 0.9999319396689706,
  "unique_4gram_corpus": 0.49999621143238165,
  "unique_4gram_sample": 0.9999924076773568
}
