{
  "empty_samples": 0,
  "gen_ppl": 703.2948266707615,
  "max_tokens": 1031,
  "mean_tokens": 1022.3671875,
  "method": "mdlm",
  "min_tokens": 1014,
  "nfe": 128,
  "num_samples": 256,
  "rank_wasserstein": 2.929843912414042,
  "rep_1": 0.32162231790855994,
  "rep_2": 0.03980073629266822,
  "rep_3": 0.009587137917547665,
  "source_entropy": 6.136987209320068,
  "source_file": "/data/remote_cache/patrick/discrete_diffusion/gen-sample-candi-proj/mdlm-50k/samples_steps128_temp1.148.json",
  "source_gen_ppl": 703.231689453125,
  "temperature": 1.1482758522033691,
  "temperature_label": "1.148",
  "unigram_entropy": 6.138476783841586,
  "unique_1gram_corpus": 0.09837005112216593,
  "unique_1gram_sample": 0.6783776820914398,
  "unique_2gram_corpus": 0.41103759513519716,
  "unique_2gram_sample": 0.9601992637073323,
  "unique_3gram_corpus": 0.4837527850727756,
  "unique_3gram_sample": 0.990412862082453,
  "unique_4gram_corpus": 0.49629442285731806,
  "unique_4gram_sample": 0.9985738797228334
}
