{
  "empty_samples": 0,
  "gen_ppl": 88.41922222458382,
  "max_tokens": 1026,
  "mean_tokens": 1022.078125,
  "method": "mdlm",
  "min_tokens": 1017,
  "nfe": 64,
  "num_samples": 256,
  "rank_wasserstein": 1.2451586318517784,
  "rep_1": 0.510829957862559,
  "rep_2": 0.12862807424008657,
  "rep_3": 0.04090026313388308,
  "source_entropy": 5.516838550567627,
  "source_file": "/data/remote_cache/patrick/discrete_diffusion/gen-sample-candi-proj/mdlm-50k/samples_steps64_temp0.952.json",
  "source_gen_ppl": 88.40476989746094,
  "temperature": 0.951724112033844,
  "temperature_label": "0.952",
  "unigram_entropy": 5.519373864624381,
  "unique_1gram_corpus": 0.06327488419733081,
  "unique_1gram_sample": 0.4891700421374409,
  "unique_2gram_corpus": 0.2968293317418782,
  "unique_2gram_sample": 0.8713719257599135,
  "unique_3gram_corpus": 0.43450256567358503,
  "unique_3gram_sample": 0.959099736866116,
  "unique_4gram_corpus": 0.4758820011959338,
  "unique_4gram_sample": 0.9882994982097827
}
