{
  "empty_samples": 0,
  "gen_ppl": 53334.25722452275,
  "max_tokens": 1063,
  "mean_tokens": 1046.765625,
  "method": "mdlm",
  "min_tokens": 1030,
  "nfe": 16,
  "num_samples": 256,
  "rank_wasserstein": 7.366467254416659,
  "rep_1": 0.026744504270786645,
  "rep_2": 3.747433189479465e-05,
  "rep_3": 0.0,
  "source_entropy": 6.9030609130859375,
  "source_file": "/data/remote_cache/patrick/discrete_diffusion/gen-sample-candi-proj/mdlm-50k/samples_steps16_temp2.000.json",
  "source_gen_ppl": 53334.234375,
  "temperature": 2.0,
  "temperature_label": "2.000",
  "unigram_entropy": 6.91459989033767,
  "unique_1gram_corpus": 0.15575507888883913,
  "unique_1gram_sample": 0.9732554957292132,
  "unique_2gram_corpus": 0.49904376279340795,
  "unique_2gram_sample": 0.9999625256681052,
  "unique_3gram_corpus": 0.4999775667389516,
  "unique_3gram_sample": 1.0,
  "unique_4gram_corpus": 0.5,
  "unique_4gram_sample": 1.0
}
