{
  "empty_samples": 0,
  "gen_ppl": 42948.46809993031,
  "max_tokens": 1059,
  "mean_tokens": 1043.71875,
  "method": "mdlm",
  "min_tokens": 1029,
  "nfe": 8,
  "num_samples": 256,
  "rank_wasserstein": 7.118495397439008,
  "rep_1": 0.03431127697749129,
  "rep_2": 3.7511568065745106e-05,
  "rep_3": 0.0,
  "source_entropy": 6.88984489440918,
  "source_file": "/data/remote_cache/patrick/discrete_diffusion/gen-sample-candi-proj/mdlm-50k/samples_steps8_temp1.738.json",
  "source_gen_ppl": 42948.25390625,
  "temperature": 1.7379310131072998,
  "temperature_label": "1.738",
  "unigram_entropy": 6.900437215417273,
  "unique_1gram_corpus": 0.15073430342225816,
  "unique_1gram_sample": 0.965688723022509,
  "unique_2gram_corpus": 0.4988648964545809,
  "unique_2gram_sample": 0.9999624884319345,
  "unique_3gram_corpus": 0.49997750112494377,
  "unique_3gram_sample": 1.0,
  "unique_4gram_corpus": 0.5,
  "unique_4gram_sample": 1.0
}
