{
  "empty_samples": 0,
  "gen_ppl": 3.1692201313430255,
  "max_tokens": 1024,
  "mean_tokens": 1007.8046875,
  "method": "mdlm",
  "min_tokens": 893,
  "nfe": 64,
  "num_samples": 256,
  "rank_wasserstein": 0.9076848469139819,
  "rep_1": 0.963878227602313,
  "rep_2": 0.9059090911031373,
  "rep_3": 0.8392663258669074,
  "source_entropy": 2.1240410804748535,
  "source_file": "/data/remote_cache/patrick/discrete_diffusion/gen-sample-candi-proj/mdlm-50k/samples_steps64_temp0.493.json",
  "source_gen_ppl": 3.1686556339263916,
  "temperature": 0.4931034445762634,
  "temperature_label": "0.493",
  "unigram_entropy": 2.190863921063288,
  "unique_1gram_corpus": 0.0036666950906596176,
  "unique_1gram_sample": 0.036121772397686824,
  "unique_2gram_corpus": 0.02135468802135469,
  "unique_2gram_sample": 0.09409090889686278,
  "unique_3gram_corpus": 0.054065075382739254,
  "unique_3gram_sample": 0.1607336741330923,
  "unique_4gram_corpus": 0.09393150099133071,
  "unique_4gram_sample": 0.23683437543829933
}
