{
  "empty_samples": 0,
  "gen_ppl": 26755.46421051424,
  "max_tokens": 1052,
  "mean_tokens": 1036.53125,
  "method": "mdlm",
  "min_tokens": 1023,
  "nfe": 64,
  "num_samples": 256,
  "rank_wasserstein": 6.580737165123161,
  "rep_1": 0.052943901758990775,
  "rep_2": 0.0006568947621015328,
  "rep_3": 3.001263616739594e-05,
  "source_entropy": 6.8555216789245605,
  "source_file": "/data/remote_cache/patrick/discrete_diffusion/gen-sample-candi-proj/mdlm-50k/samples_steps64_temp1.541.json",
  "source_gen_ppl": 26754.857421875,
  "temperature": 1.5413793325424194,
  "temperature_label": "1.541",
  "unigram_entropy": 6.862233408012726,
  "unique_1gram_corpus": 0.14486418040941842,
  "unique_1gram_sample": 0.94705609824101,
  "unique_2gram_corpus": 0.49756691915381596,
  "unique_2gram_sample": 0.9993431052378994,
  "unique_3gram_corpus": 0.49990182751850176,
  "unique_3gram_sample": 0.9999699873638326,
  "unique_4gram_corpus": 0.4999962204819641,
  "unique_4gram_sample": 0.9999925095877278
}
