{
  "empty_samples": 0,
  "gen_ppl": 44.37290375243215,
  "max_tokens": 1030,
  "mean_tokens": 1022.7421875,
  "method": "mdlm",
  "min_tokens": 1016,
  "nfe": 128,
  "num_samples": 256,
  "rank_wasserstein": 0.7390564982521267,
  "rep_1": 0.5842941709965849,
  "rep_2": 0.19182056053735996,
  "rep_3": 0.0707620994031964,
  "source_entropy": 5.239211559295654,
  "source_file": "/data/remote_cache/patrick/discrete_diffusion/gen-sample-candi-proj/mdlm-50k/samples_steps128_temp0.886.json",
  "source_gen_ppl": 44.36508560180664,
  "temperature": 0.886206865310669,
  "temperature_label": "0.886",
  "unigram_entropy": 5.2413905691501315,
  "unique_1gram_corpus": 0.05177945321630726,
  "unique_1gram_sample": 0.41570582900341513,
  "unique_2gram_corpus": 0.25162674047850253,
  "unique_2gram_sample": 0.8081794394626406,
  "unique_3gram_corpus": 0.40197849297768934,
  "unique_3gram_sample": 0.9292379005968026,
  "unique_4gram_corpus": 0.4594873091391053,
  "unique_4gram_sample": 0.974005288729412
}
