{
  "empty_samples": 0,
  "gen_ppl": 2.5883728371597674,
  "max_tokens": 1024,
  "mean_tokens": 977.2421875,
  "method": "mdlm",
  "min_tokens": 794,
  "nfe": 32,
  "num_samples": 256,
  "rank_wasserstein": 1.0149256278582395,
  "rep_1": 0.9838096377958466,
  "rep_2": 0.953959762450123,
  "rep_3": 0.9145634891394461,
  "source_entropy": 1.4759762287139893,
  "source_file": "/data/remote_cache/patrick/discrete_diffusion/gen-sample-candi-proj/mdlm-50k/samples_steps32_temp0.297.json",
  "source_gen_ppl": 2.5879342555999756,
  "temperature": 0.2965517044067383,
  "temperature_label": "0.297",
  "unigram_entropy": 1.6434306360587905,
  "unique_1gram_corpus": 0.0008753907280532749,
  "unique_1gram_sample": 0.016190362204154273,
  "unique_2gram_corpus": 0.005717875463151914,
  "unique_2gram_sample": 0.046040237549877856,
  "unique_3gram_corpus": 0.016706587306037763,
  "unique_3gram_sample": 0.0854365108605535,
  "unique_4gram_corpus": 0.0348588245671716,
  "unique_4gram_sample": 0.13718940789531472
}
