{
  "empty_samples": 0,
  "gen_ppl": 26218.624529614906,
  "max_tokens": 1056,
  "mean_tokens": 1035.8203125,
  "method": "mdlm",
  "min_tokens": 1024,
  "nfe": 8,
  "num_samples": 256,
  "rank_wasserstein": 6.55102343083159,
  "rep_1": 0.061000675641029886,
  "rep_2": 0.0007092550566086993,
  "rep_3": 0.0,
  "source_entropy": 6.840024948120117,
  "source_file": "/data/remote_cache/patrick/discrete_diffusion/gen-sample-candi-proj/mdlm-50k/samples_steps8_temp1.476.json",
  "source_gen_ppl": 26218.513671875,
  "temperature": 1.4758620262145996,
  "temperature_label": "1.476",
  "unigram_entropy": 6.847298567239203,
  "unique_1gram_corpus": 0.14070596221292,
  "unique_1gram_sample": 0.9389993243589709,
  "unique_2gram_corpus": 0.49707829710774065,
  "unique_2gram_sample": 0.9992907449433925,
  "unique_3gram_corpus": 0.49994332308110845,
  "unique_3gram_sample": 1.0,
  "unique_4gram_corpus": 0.5,
  "unique_4gram_sample": 1.0
}
