{
  "empty_samples": 0,
  "gen_ppl": 39600.23470894633,
  "max_tokens": 1058,
  "mean_tokens": 1041.0078125,
  "method": "mdlm",
  "min_tokens": 1026,
  "nfe": 8,
  "num_samples": 256,
  "rank_wasserstein": 7.023393159398616,
  "rep_1": 0.0375598936110588,
  "rep_2": 0.0001199937090741749,
  "rep_3": 0.0,
  "source_entropy": 6.883347988128662,
  "source_file": "/data/remote_cache/patrick/discrete_diffusion/gen-sample-candi-proj/mdlm-50k/samples_steps8_temp1.672.json",
  "source_gen_ppl": 39600.1015625,
  "temperature": 1.6724138259887695,
  "temperature_label": "1.672",
  "unigram_entropy": 6.892828206363134,
  "unique_1gram_corpus": 0.14886040420566007,
  "unique_1gram_sample": 0.962440106388941,
  "unique_2gram_corpus": 0.49870418641686887,
  "unique_2gram_sample": 0.9998800062909259,
  "unique_3gram_corpus": 0.49996240403630265,
  "unique_3gram_sample": 1.0,
  "unique_4gram_corpus": 0.5,
  "unique_4gram_sample": 1.0
}
