{
  "empty_samples": 0,
  "gen_ppl": 55194.56634641211,
  "max_tokens": 1066,
  "mean_tokens": 1046.5859375,
  "method": "mdlm",
  "min_tokens": 1033,
  "nfe": 8,
  "num_samples": 256,
  "rank_wasserstein": 7.41228373960654,
  "rep_1": 0.02556629726455859,
  "rep_2": 7.461795606495021e-06,
  "rep_3": 0.0,
  "source_entropy": 6.904029369354248,
  "source_file": "/data/remote_cache/patrick/discrete_diffusion/gen-sample-candi-proj/mdlm-50k/samples_steps8_temp2.000.json",
  "source_gen_ppl": 55194.48046875,
  "temperature": 2.0,
  "temperature_label": "2.000",
  "unigram_entropy": 6.916125617069099,
  "unique_1gram_corpus": 0.15624463471256989,
  "unique_1gram_sample": 0.9744337027354413,
  "unique_2gram_corpus": 0.49912952516157955,
  "unique_2gram_sample": 0.9999925382043935,
  "unique_3gram_corpus": 0.4999813024000239,
  "unique_3gram_sample": 1.0,
  "unique_4gram_corpus": 0.5,
  "unique_4gram_sample": 1.0
}
