{
  "empty_samples": 0,
  "gen_ppl": 108.94818870526619,
  "max_tokens": 1026,
  "mean_tokens": 1021.46875,
  "method": "mdlm",
  "min_tokens": 1014,
  "nfe": 32,
  "num_samples": 256,
  "rank_wasserstein": 1.3996094027479855,
  "rep_1": 0.49892539445802103,
  "rep_2": 0.11836546129727962,
  "rep_3": 0.03652658234128034,
  "source_entropy": 5.544552803039551,
  "source_file": "/data/remote_cache/patrick/discrete_diffusion/gen-sample-candi-proj/mdlm-50k/samples_steps32_temp0.952.json",
  "source_gen_ppl": 108.93621826171875,
  "temperature": 0.951724112033844,
  "temperature_label": "0.952",
  "unigram_entropy": 5.5499812714591625,
  "unique_1gram_corpus": 0.06398185823110104,
  "unique_1gram_sample": 0.5010746055419789,
  "unique_2gram_corpus": 0.3031694993109784,
  "unique_2gram_sample": 0.8816345387027208,
  "unique_3gram_corpus": 0.43949437513410783,
  "unique_3gram_sample": 0.9634734176587196,
  "unique_4gram_corpus": 0.47942300021478323,
  "unique_4gram_sample": 0.9906437059006105
}
