{
  "empty_samples": 0,
  "gen_ppl": 74.50164484500388,
  "max_tokens": 1027,
  "mean_tokens": 1022.359375,
  "method": "mdlm",
  "min_tokens": 1016,
  "nfe": 128,
  "num_samples": 256,
  "rank_wasserstein": 1.1198074198217742,
  "rep_1": 0.5267181076494286,
  "rep_2": 0.13842026631105214,
  "rep_3": 0.04620879163562186,
  "source_entropy": 5.470721244812012,
  "source_file": "/data/remote_cache/patrick/discrete_diffusion/gen-sample-candi-proj/mdlm-50k/samples_steps128_temp0.952.json",
  "source_gen_ppl": 74.48905944824219,
  "temperature": 0.951724112033844,
  "temperature_label": "0.952",
  "unigram_entropy": 5.472298433090332,
  "unique_1gram_corpus": 0.06064403723005914,
  "unique_1gram_sample": 0.47328189235057105,
  "unique_2gram_corpus": 0.2867081248948246,
  "unique_2gram_sample": 0.8615797336889489,
  "unique_3gram_corpus": 0.428667136272453,
  "unique_3gram_sample": 0.9537912083643781,
  "unique_4gram_corpus": 0.4735625929275433,
  "unique_4gram_sample": 0.985563770891378
}
