{
  "empty_samples": 0,
  "gen_ppl": 4.738558413191358,
  "max_tokens": 1021,
  "mean_tokens": 987.765625,
  "method": "mdlm",
  "min_tokens": 906,
  "nfe": 16,
  "num_samples": 256,
  "rank_wasserstein": 0.7488857336237619,
  "rep_1": 0.9632649386342154,
  "rep_2": 0.8881768084096665,
  "rep_3": 0.7858253306373367,
  "source_entropy": 1.9682542085647583,
  "source_file": "/data/remote_cache/patrick/discrete_diffusion/gen-sample-candi-proj/mdlm-50k/samples_steps16_temp0.493.json",
  "source_gen_ppl": 4.737639904022217,
  "temperature": 0.4931034445762634,
  "temperature_label": "0.493",
  "unigram_entropy": 2.1297710935095466,
  "unique_1gram_corpus": 0.002633785216002025,
  "unique_1gram_sample": 0.036735061365785415,
  "unique_2gram_corpus": 0.01704590439092363,
  "unique_2gram_sample": 0.11182319159033337,
  "unique_3gram_corpus": 0.04878821981644978,
  "unique_3gram_sample": 0.21417466936266225,
  "unique_4gram_corpus": 0.09640222134073781,
  "unique_4gram_sample": 0.33468074787592156
}
