{
  "empty_samples": 0,
  "gen_ppl": 52.47457121012891,
  "max_tokens": 1025,
  "mean_tokens": 1018.640625,
  "method": "mdlm",
  "min_tokens": 1002,
  "nfe": 16,
  "num_samples": 256,
  "rank_wasserstein": 0.8379328663260874,
  "rep_1": 0.6221547167498385,
  "rep_2": 0.2178407476309021,
  "rep_3": 0.07565255080811709,
  "source_entropy": 4.964537143707275,
  "source_file": "/data/remote_cache/patrick/discrete_diffusion/gen-sample-candi-proj/mdlm-50k/samples_steps16_temp0.821.json",
  "source_gen_ppl": 52.46931076049805,
  "temperature": 0.8206896185874939,
  "temperature_label": "0.821",
  "unigram_entropy": 4.99856186543528,
  "unique_1gram_corpus": 0.04214792999248385,
  "unique_1gram_sample": 0.377845283250162,
  "unique_2gram_corpus": 0.2190498856116323,
  "unique_2gram_sample": 0.7821592523690982,
  "unique_3gram_corpus": 0.3788519173134558,
  "unique_3gram_sample": 0.9243474491918824,
  "unique_4gram_corpus": 0.45303918401255366,
  "unique_4gram_sample": 0.976968473994245
}
