{
  "empty_samples": 0,
  "gen_ppl": 2.879702852582363,
  "max_tokens": 1021,
  "mean_tokens": 950.09375,
  "method": "mdlm",
  "min_tokens": 803,
  "nfe": 16,
  "num_samples": 256,
  "rank_wasserstein": 0.9900197977422526,
  "rep_1": 0.9873784536281613,
  "rep_2": 0.9609445951798546,
  "rep_3": 0.9208075902701044,
  "source_entropy": 1.2426151037216187,
  "source_file": "/data/remote_cache/patrick/discrete_diffusion/gen-sample-candi-proj/mdlm-50k/samples_steps16_temp0.100.json",
  "source_gen_ppl": 2.8793718814849854,
  "temperature": 0.10000000149011612,
  "temperature_label": "0.100",
  "unigram_entropy": 1.4869894050577863,
  "unique_1gram_corpus": 0.00027546623688451795,
  "unique_1gram_sample": 0.012621546371838672,
  "unique_2gram_corpus": 0.002016726482499753,
  "unique_2gram_sample": 0.03905540482014525,
  "unique_3gram_corpus": 0.006369689178944593,
  "unique_3gram_sample": 0.07919240972989566,
  "unique_4gram_corpus": 0.014885175042069489,
  "unique_4gram_sample": 0.1375433989468584
}
