{
  "empty_samples": 0,
  "gen_ppl": 3.522378575653534,
  "max_tokens": 1022,
  "mean_tokens": 976.0390625,
  "method": "mdlm",
  "min_tokens": 842,
  "nfe": 16,
  "num_samples": 256,
  "rank_wasserstein": 0.9045748162819041,
  "rep_1": 0.9821434441990302,
  "rep_2": 0.942473615586574,
  "rep_3": 0.8827157530279206,
  "source_entropy": 1.5396225452423096,
  "source_file": "/data/remote_cache/patrick/discrete_diffusion/gen-sample-candi-proj/mdlm-50k/samples_steps16_temp0.297.json",
  "source_gen_ppl": 3.522066831588745,
  "temperature": 0.2965517044067383,
  "temperature_label": "0.297",
  "unigram_entropy": 1.7343496818848934,
  "unique_1gram_corpus": 0.0006523496594174477,
  "unique_1gram_sample": 0.01785655580096908,
  "unique_2gram_corpus": 0.004378830976323064,
  "unique_2gram_sample": 0.05752638441342564,
  "unique_3gram_corpus": 0.01445334744981031,
  "unique_3gram_sample": 0.11728424697207819,
  "unique_4gram_corpus": 0.034002681675485154,
  "unique_4gram_sample": 0.1980689241408034
}
