{
  "empty_samples": 0,
  "gen_ppl": 163.2437372909273,
  "max_tokens": 1027,
  "mean_tokens": 1020.625,
  "method": "mdlm",
  "min_tokens": 1015,
  "nfe": 16,
  "num_samples": 256,
  "rank_wasserstein": 1.7088351592557462,
  "rep_1": 0.48348509333402,
  "rep_2": 0.10538051307060538,
  "rep_3": 0.02887815269248384,
  "source_entropy": 5.5702056884765625,
  "source_file": "/data/remote_cache/patrick/discrete_diffusion/gen-sample-candi-proj/mdlm-50k/samples_steps16_temp0.952.json",
  "source_gen_ppl": 163.22256469726562,
  "temperature": 0.951724112033844,
  "temperature_label": "0.952",
  "unigram_entropy": 5.585972387063013,
  "unique_1gram_corpus": 0.06615508266993264,
  "unique_1gram_sample": 0.51651490666598,
  "unique_2gram_corpus": 0.31369529238690697,
  "unique_2gram_sample": 0.8946194869293945,
  "unique_3gram_corpus": 0.44614753343968583,
  "unique_3gram_sample": 0.9711218473075159,
  "unique_4gram_corpus": 0.48334049871023216,
  "unique_4gram_sample": 0.9941650644362472
}
