{
  "empty_samples": 0,
  "gen_ppl": 4.747889412261169,
  "max_tokens": 1024,
  "mean_tokens": 1010.1953125,
  "method": "mdlm",
  "min_tokens": 961,
  "nfe": 32,
  "num_samples": 256,
  "rank_wasserstein": 0.7165128257081215,
  "rep_1": 0.9419914847091932,
  "rep_2": 0.8413552757571113,
  "rep_3": 0.7297001394812481,
  "source_entropy": 2.4872992038726807,
  "source_file": "/data/remote_cache/patrick/discrete_diffusion/gen-sample-candi-proj/mdlm-50k/samples_steps32_temp0.559.json",
  "source_gen_ppl": 4.746991157531738,
  "temperature": 0.5586206912994385,
  "temperature_label": "0.559",
  "unigram_entropy": 2.561949931226998,
  "unique_1gram_corpus": 0.005645566683422915,
  "unique_1gram_sample": 0.058008515290806986,
  "unique_2gram_corpus": 0.03395341275923733,
  "unique_2gram_sample": 0.15864472424288775,
  "unique_3gram_corpus": 0.08470425962231401,
  "unique_3gram_sample": 0.2702998605187524,
  "unique_4gram_corpus": 0.14656650196632046,
  "unique_4gram_sample": 0.3890461967223268
}
