{
  "empty_samples": 0,
  "gen_ppl": 332.9592022034759,
  "max_tokens": 1028,
  "mean_tokens": 1021.140625,
  "method": "mdlm",
  "min_tokens": 1014,
  "nfe": 16,
  "num_samples": 256,
  "rank_wasserstein": 2.281762656977346,
  "rep_1": 0.41456239440590437,
  "rep_2": 0.07179339351689708,
  "rep_3": 0.017678262381673634,
  "source_entropy": 5.815267086029053,
  "source_file": "/data/remote_cache/patrick/discrete_diffusion/gen-sample-candi-proj/mdlm-50k/samples_steps16_temp1.017.json",
  "source_gen_ppl": 332.9246520996094,
  "temperature": 1.017241358757019,
  "temperature_label": "1.017",
  "unigram_entropy": 5.827510238080949,
  "unique_1gram_corpus": 0.07887166618211865,
  "unique_1gram_sample": 0.5854376055940955,
  "unique_2gram_corpus": 0.35676377337683224,
  "unique_2gram_sample": 0.9282066064831028,
  "unique_3gram_corpus": 0.4660367957071675,
  "unique_3gram_sample": 0.982321737618327,
  "unique_4gram_corpus": 0.4911757032580838,
  "unique_4gram_sample": 0.9973064519277179
}
