{
  "empty_samples": 0,
  "gen_ppl": 46390.38172283339,
  "max_tokens": 1062,
  "mean_tokens": 1044.5390625,
  "method": "mdlm",
  "min_tokens": 1031,
  "nfe": 128,
  "num_samples": 256,
  "rank_wasserstein": 7.210083226061926,
  "rep_1": 0.029569447465588657,
  "rep_2": 4.48454762336202e-05,
  "rep_3": 0.0,
  "source_entropy": 6.897773265838623,
  "source_file": "/data/remote_cache/patrick/discrete_diffusion/gen-sample-candi-proj/mdlm-50k/samples_steps128_temp1.869.json",
  "source_gen_ppl": 46390.37109375,
  "temperature": 1.86896550655365,
  "temperature_label": "1.869",
  "unigram_entropy": 6.908731666221513,
  "unique_1gram_corpus": 0.15445284627639286,
  "unique_1gram_sample": 0.9704305525344114,
  "unique_2gram_corpus": 0.4990716686755557,
  "unique_2gram_sample": 0.9999551545237664,
  "unique_3gram_corpus": 0.4999550376559631,
  "unique_3gram_sample": 1.0,
  "unique_4gram_corpus": 0.4999962495405687,
  "unique_4gram_sample": 1.0
}
