{
  "empty_samples": 0,
  "gen_ppl": 11114.083840458363,
  "max_tokens": 1043,
  "mean_tokens": 1029.6796875,
  "method": "mdlm",
  "min_tokens": 1017,
  "nfe": 32,
  "num_samples": 256,
  "rank_wasserstein": 5.599198668866181,
  "rep_1": 0.11345546683572634,
  "rep_2": 0.003791219531644678,
  "rep_3": 0.00022060225686809307,
  "source_entropy": 6.726009845733643,
  "source_file": "/data/remote_cache/patrick/discrete_diffusion/gen-sample-candi-proj/mdlm-50k/samples_steps32_temp1.345.json",
  "source_gen_ppl": 11113.9892578125,
  "temperature": 1.344827651977539,
  "temperature_label": "1.345",
  "unigram_entropy": 6.7316710181697905,
  "unique_1gram_corpus": 0.13087732076874634,
  "unique_1gram_sample": 0.8865445331642735,
  "unique_2gram_corpus": 0.48889656796105446,
  "unique_2gram_sample": 0.996208780468356,
  "unique_3gram_corpus": 0.4992854047725839,
  "unique_3gram_sample": 0.9997793977431315,
  "unique_4gram_corpus": 0.49996575733363774,
  "unique_4gram_sample": 0.9999771190276503
}
