{
  "empty_samples": 0,
  "gen_ppl": 4.115828879595587,
  "max_tokens": 1022,
  "mean_tokens": 983.0703125,
  "method": "mdlm",
  "min_tokens": 901,
  "nfe": 16,
  "num_samples": 256,
  "rank_wasserstein": 0.8268489138525005,
  "rep_1": 0.973301340534715,
  "rep_2": 0.9163821887055787,
  "rep_3": 0.8348209710383027,
  "source_entropy": 1.780070424079895,
  "source_file": "/data/remote_cache/patrick/discrete_diffusion/gen-sample-candi-proj/mdlm-50k/samples_steps16_temp0.428.json",
  "source_gen_ppl": 4.115048408508301,
  "temperature": 0.4275861978530884,
  "temperature_label": "0.428",
  "unigram_entropy": 1.9501386425088907,
  "unique_1gram_corpus": 0.001426493845016808,
  "unique_1gram_sample": 0.026698659465284873,
  "unique_2gram_corpus": 0.010130861938665924,
  "unique_2gram_sample": 0.08361781129442128,
  "unique_3gram_corpus": 0.030953120396250904,
  "unique_3gram_sample": 0.165179028961698,
  "unique_4gram_corpus": 0.06509418169933598,
  "unique_4gram_sample": 0.26802059173924675
}
