{
  "empty_samples": 0,
  "gen_ppl": 2.2717894787012884,
  "max_tokens": 1024,
  "mean_tokens": 991.390625,
  "method": "mdlm",
  "min_tokens": 818,
  "nfe": 64,
  "num_samples": 256,
  "rank_wasserstein": 1.065593261830692,
  "rep_1": 0.9839030259218892,
  "rep_2": 0.9590547882686519,
  "rep_3": 0.9287807908607649,
  "source_entropy": 1.5036193132400513,
  "source_file": "/data/remote_cache/patrick/discrete_diffusion/gen-sample-candi-proj/mdlm-50k/samples_steps64_temp0.297.json",
  "source_gen_ppl": 2.271416187286377,
  "temperature": 0.2965517044067383,
  "temperature_label": "0.297",
  "unigram_entropy": 1.6137348847912714,
  "unique_1gram_corpus": 0.0011426500023641035,
  "unique_1gram_sample": 0.01609697407811038,
  "unique_2gram_corpus": 0.007123136388735505,
  "unique_2gram_sample": 0.04094521173134776,
  "unique_3gram_corpus": 0.01866679300705927,
  "unique_3gram_sample": 0.07121920913923467,
  "unique_4gram_corpus": 0.03566798931343567,
  "unique_4gram_sample": 0.10997234134949799
}
