{
  "empty_samples": 0,
  "gen_ppl": 7974.617551149423,
  "max_tokens": 1043,
  "mean_tokens": 1027.1875,
  "method": "mdlm",
  "min_tokens": 1017,
  "nfe": 16,
  "num_samples": 256,
  "rank_wasserstein": 5.237898882643203,
  "rep_1": 0.14641734208683993,
  "rep_2": 0.006641288836141929,
  "rep_3": 0.0005872365480596936,
  "source_entropy": 6.642977714538574,
  "source_file": "/data/remote_cache/patrick/discrete_diffusion/gen-sample-candi-proj/mdlm-50k/samples_steps16_temp1.279.json",
  "source_gen_ppl": 7974.513671875,
  "temperature": 1.2793103456497192,
  "temperature_label": "1.279",
  "unigram_entropy": 6.649549942538838,
  "unique_1gram_corpus": 0.1240949193793733,
  "unique_1gram_sample": 0.8535826579131607,
  "unique_2gram_corpus": 0.4814353797429807,
  "unique_2gram_sample": 0.9933587111638588,
  "unique_3gram_corpus": 0.4984187343778577,
  "unique_3gram_sample": 0.9994127634519403,
  "unique_4gram_corpus": 0.4999275340208702,
  "unique_4gram_sample": 0.9999770961730071
}
