{
  "empty_samples": 0,
  "gen_ppl": 9.615483000806154,
  "max_tokens": 1023,
  "mean_tokens": 1001.890625,
  "method": "mdlm",
  "min_tokens": 960,
  "nfe": 16,
  "num_samples": 256,
  "rank_wasserstein": 0.34478570288073845,
  "rep_1": 0.8930511412760515,
  "rep_2": 0.7044481186857827,
  "rep_3": 0.521321886931455,
  "source_entropy": 2.917438507080078,
  "source_file": "/data/remote_cache/patrick/discrete_diffusion/gen-sample-candi-proj/mdlm-50k/samples_steps16_temp0.624.json",
  "source_gen_ppl": 9.613638877868652,
  "temperature": 0.6241379380226135,
  "temperature_label": "0.624",
  "unigram_entropy": 3.036521200426077,
  "unique_1gram_corpus": 0.009770589978322235,
  "unique_1gram_sample": 0.10694885872394908,
  "unique_2gram_corpus": 0.058475264217806015,
  "unique_2gram_sample": 0.29555188131421717,
  "unique_3gram_corpus": 0.14263669463847609,
  "unique_3gram_sample": 0.4786781130685451,
  "unique_4gram_corpus": 0.23370066792848315,
  "unique_4gram_sample": 0.6387362514801186
}
