{
  "empty_samples": 0,
  "gen_ppl": 47194.39747870959,
  "max_tokens": 1070,
  "mean_tokens": 1046.5546875,
  "method": "mdlm",
  "min_tokens": 1032,
  "nfe": 16,
  "num_samples": 256,
  "rank_wasserstein": 7.232089371330163,
  "rep_1": 0.030705721088120103,
  "rep_2": 6.690472436314196e-05,
  "rep_3": 7.356403013182751e-06,
  "source_entropy": 6.897324085235596,
  "source_file": "/data/remote_cache/patrick/discrete_diffusion/gen-sample-candi-proj/mdlm-50k/samples_steps16_temp1.869.json",
  "source_gen_ppl": 47194.26953125,
  "temperature": 1.86896550655365,
  "temperature_label": "1.869",
  "unigram_entropy": 6.908734852194016,
  "unique_1gram_corpus": 0.1538717070148329,
  "unique_1gram_sample": 0.9692942789118802,
  "unique_2gram_corpus": 0.49889786372365147,
  "unique_2gram_sample": 0.999933095275637,
  "unique_3gram_corpus": 0.4999401658900698,
  "unique_3gram_sample": 0.9999926435969868,
  "unique_4gram_corpus": 0.49998877035373385,
  "unique_4gram_sample": 1.0
}
