{
  "empty_samples": 0,
  "gen_ppl": 14907.181225908642,
  "max_tokens": 1047,
  "mean_tokens": 1031.6796875,
  "method": "mdlm",
  "min_tokens": 1019,
  "nfe": 128,
  "num_samples": 256,
  "rank_wasserstein": 5.925724189326571,
  "rep_1": 0.08654161718693752,
  "rep_2": 0.002311630267062422,
  "rep_3": 0.0001439413000756352,
  "source_entropy": 6.787118911743164,
  "source_file": "/data/remote_cache/patrick/discrete_diffusion/gen-sample-candi-proj/mdlm-50k/samples_steps128_temp1.410.json",
  "source_gen_ppl": 14907.0791015625,
  "temperature": 1.4103448390960693,
  "temperature_label": "1.410",
  "unigram_entropy": 6.792095350421877,
  "unique_1gram_corpus": 0.13698837605543146,
  "unique_1gram_sample": 0.9134583828130624,
  "unique_2gram_corpus": 0.49305297626717803,
  "unique_2gram_sample": 0.9976883697329384,
  "unique_3gram_corpus": 0.49952958671917086,
  "unique_3gram_sample": 0.9998560586999247,
  "unique_4gram_corpus": 0.4999582292228357,
  "unique_4gram_sample": 0.999962147874591
}
