{
  "empty_samples": 0,
  "gen_ppl": 5.514489107817735,
  "max_tokens": 1000,
  "mean_tokens": 966.1171875,
  "method": "mdlm",
  "min_tokens": 932,
  "nfe": 8,
  "num_samples": 256,
  "rank_wasserstein": 0.7158244199797418,
  "rep_1": 0.9744733683505249,
  "rep_2": 0.9096914541061547,
  "rep_3": 0.7999708068395281,
  "source_entropy": 1.7376130819320679,
  "source_file": "/data/remote_cache/patrick/discrete_diffusion/gen-sample-candi-proj/mdlm-50k/samples_steps8_temp0.362.json",
  "source_gen_ppl": 5.514744281768799,
  "temperature": 0.36206895112991333,
  "temperature_label": "0.362",
  "unigram_entropy": 1.9741856055940705,
  "unique_1gram_corpus": 0.0007520438611387399,
  "unique_1gram_sample": 0.025526631649474378,
  "unique_2gram_corpus": 0.005043105192860323,
  "unique_2gram_sample": 0.09030854589384543,
  "unique_3gram_corpus": 0.017255909308224005,
  "unique_3gram_sample": 0.20002919316047135,
  "unique_4gram_corpus": 0.04351511611872257,
  "unique_4gram_sample": 0.34127866143127195
}
