{
  "empty_samples": 0,
  "gen_ppl": 25.037552495920853,
  "max_tokens": 1025,
  "mean_tokens": 1022.71875,
  "method": "mdlm",
  "min_tokens": 1003,
  "nfe": 128,
  "num_samples": 256,
  "rank_wasserstein": 0.3376908689199419,
  "rep_1": 0.657791396647757,
  "rep_2": 0.2763288409340215,
  "rep_3": 0.12496095910259497,
  "source_entropy": 4.9291605949401855,
  "source_file": "/data/remote_cache/patrick/discrete_diffusion/gen-sample-candi-proj/mdlm-50k/samples_steps128_temp0.821.json",
  "source_gen_ppl": 25.033050537109375,
  "temperature": 0.8206896185874939,
  "temperature_label": "0.821",
  "unigram_entropy": 4.933509349855012,
  "unique_1gram_corpus": 0.03780899563051914,
  "unique_1gram_sample": 0.34220860335224257,
  "unique_2gram_corpus": 0.19934240709588621,
  "unique_2gram_sample": 0.7236711590659787,
  "unique_3gram_corpus": 0.35341211768667913,
  "unique_3gram_sample": 0.875039040897406,
  "unique_4gram_corpus": 0.4276301676320064,
  "unique_4gram_sample": 0.9409873170452723
}
