{
  "empty_samples": 0,
  "gen_ppl": 9.717523705769409,
  "max_tokens": 1007,
  "mean_tokens": 981.8515625,
  "method": "mdlm",
  "min_tokens": 913,
  "nfe": 8,
  "num_samples": 256,
  "rank_wasserstein": 0.40623137729819503,
  "rep_1": 0.9374497918307331,
  "rep_2": 0.7947746632880234,
  "rep_3": 0.6056639595066913,
  "source_entropy": 2.3780252933502197,
  "source_file": "/data/remote_cache/patrick/discrete_diffusion/gen-sample-candi-proj/mdlm-50k/samples_steps8_temp0.559.json",
  "source_gen_ppl": 9.715614318847656,
  "temperature": 0.5586206912994385,
  "temperature_label": "0.559",
  "unigram_entropy": 2.571384420123272,
  "unique_1gram_corpus": 0.004153504618983585,
  "unique_1gram_sample": 0.0625502081692676,
  "unique_2gram_corpus": 0.02892894407761113,
  "unique_2gram_sample": 0.20522533671197707,
  "unique_3gram_corpus": 0.08433595649851301,
  "unique_3gram_sample": 0.39433604049330967,
  "unique_4gram_corpus": 0.16300990478318822,
  "unique_4gram_sample": 0.5858900500939247
}
