{
  "empty_samples": 0,
  "gen_ppl": 9667.503667588055,
  "max_tokens": 1040,
  "mean_tokens": 1028.1484375,
  "method": "mdlm",
  "min_tokens": 1016,
  "nfe": 64,
  "num_samples": 256,
  "rank_wasserstein": 5.448023701357204,
  "rep_1": 0.12078686442240008,
  "rep_2": 0.004688364643770714,
  "rep_3": 0.00036607771426013045,
  "source_entropy": 6.708502292633057,
  "source_file": "/data/remote_cache/patrick/discrete_diffusion/gen-sample-candi-proj/mdlm-50k/samples_steps64_temp1.345.json",
  "source_gen_ppl": 9667.380859375,
  "temperature": 1.344827651977539,
  "temperature_label": "1.345",
  "unigram_entropy": 6.7132346908953044,
  "unique_1gram_corpus": 0.13095446152443332,
  "unique_1gram_sample": 0.8792131355776004,
  "unique_2gram_corpus": 0.4871154211827344,
  "unique_2gram_sample": 0.9953116353562297,
  "unique_3gram_corpus": 0.49905974251410384,
  "unique_3gram_sample": 0.9996339222857404,
  "unique_4gram_corpus": 0.4999161706765026,
  "unique_4gram_sample": 0.9999695121078955
}
