{
  "empty_samples": 0,
  "gen_ppl": 6698.301355011419,
  "max_tokens": 1044,
  "mean_tokens": 1026.3046875,
  "method": "mdlm",
  "min_tokens": 1015,
  "nfe": 8,
  "num_samples": 256,
  "rank_wasserstein": 5.049905403505116,
  "rep_1": 0.17617955173469915,
  "rep_2": 0.008930272905992685,
  "rep_3": 0.0006480698129393524,
  "source_entropy": 6.566500663757324,
  "source_file": "/data/remote_cache/patrick/discrete_diffusion/gen-sample-candi-proj/mdlm-50k/samples_steps8_temp1.214.json",
  "source_gen_ppl": 6698.20703125,
  "temperature": 1.213793158531189,
  "temperature_label": "1.214",
  "unigram_entropy": 6.576091791667447,
  "unique_1gram_corpus": 0.11703091339529714,
  "unique_1gram_sample": 0.823820448265302,
  "unique_2gram_corpus": 0.47475978939187286,
  "unique_2gram_sample": 0.9910697270940079,
  "unique_3gram_corpus": 0.4978338964694038,
  "unique_3gram_sample": 0.9993519301870604,
  "unique_4gram_corpus": 0.49985876029713777,
  "unique_4gram_sample": 1.0
}
