{
  "empty_samples": 0,
  "gen_ppl": 43554.87877804876,
  "max_tokens": 1067,
  "mean_tokens": 1044.6484375,
  "method": "mdlm",
  "min_tokens": 1031,
  "nfe": 32,
  "num_samples": 256,
  "rank_wasserstein": 7.140209445824566,
  "rep_1": 0.030524337080066286,
  "rep_2": 6.753746267822592e-05,
  "rep_3": 0.0,
  "source_entropy": 6.895547389984131,
  "source_file": "/data/remote_cache/patrick/discrete_diffusion/gen-sample-candi-proj/mdlm-50k/samples_steps32_temp1.803.json",
  "source_gen_ppl": 43554.66796875,
  "temperature": 1.8034483194351196,
  "temperature_label": "1.803",
  "unigram_entropy": 6.907317201493134,
  "unique_1gram_corpus": 0.15271659873611787,
  "unique_1gram_sample": 0.9694756629199343,
  "unique_2gram_corpus": 0.49887339336911524,
  "unique_2gram_sample": 0.9999324625373222,
  "unique_3gram_corpus": 0.4999775211862819,
  "unique_3gram_sample": 1.0,
  "unique_4gram_corpus": 0.5,
  "unique_4gram_sample": 1.0
}
