{
  "empty_samples": 0,
  "gen_ppl": 51741.1585528577,
  "max_tokens": 1064,
  "mean_tokens": 1045.421875,
  "method": "mdlm",
  "min_tokens": 1032,
  "nfe": 8,
  "num_samples": 256,
  "rank_wasserstein": 7.3438399527405664,
  "rep_1": 0.026712866772972854,
  "rep_2": 2.9848280927959568e-05,
  "rep_3": 0.0,
  "source_entropy": 6.902943134307861,
  "source_file": "/data/remote_cache/patrick/discrete_diffusion/gen-sample-candi-proj/mdlm-50k/samples_steps8_temp1.934.json",
  "source_gen_ppl": 51740.953125,
  "temperature": 1.9344828128814697,
  "temperature_label": "1.934",
  "unigram_entropy": 6.913422733560695,
  "unique_1gram_corpus": 0.1551930291299864,
  "unique_1gram_sample": 0.9732871332270274,
  "unique_2gram_corpus": 0.4991509956165941,
  "unique_2gram_sample": 0.9999701517190719,
  "unique_3gram_corpus": 0.4999700504649665,
  "unique_3gram_sample": 1.0,
  "unique_4gram_corpus": 0.5,
  "unique_4gram_sample": 1.0
}
