{
  "empty_samples": 0,
  "gen_ppl": 213.694857023925,
  "max_tokens": 1028,
  "mean_tokens": 1021.3515625,
  "method": "mdlm",
  "min_tokens": 1014,
  "nfe": 32,
  "num_samples": 256,
  "rank_wasserstein": 1.9289984344072435,
  "rep_1": 0.4365853935608924,
  "rep_2": 0.08487107412193762,
  "rep_3": 0.023702407675721744,
  "source_entropy": 5.7544145584106445,
  "source_file": "/data/remote_cache/patrick/discrete_diffusion/gen-sample-candi-proj/mdlm-50k/samples_steps32_temp1.017.json",
  "source_gen_ppl": 213.666748046875,
  "temperature": 1.017241358757019,
  "temperature_label": "1.017",
  "unigram_entropy": 5.759452797316011,
  "unique_1gram_corpus": 0.07597546143666863,
  "unique_1gram_sample": 0.563414606439108,
  "unique_2gram_corpus": 0.34466904023582556,
  "unique_2gram_sample": 0.9151289258780626,
  "unique_3gram_corpus": 0.45934915732274656,
  "unique_3gram_sample": 0.9762975923242786,
  "unique_4gram_corpus": 0.48778663434318636,
  "unique_4gram_sample": 0.9953062466639548
}
