{
  "empty_samples": 0,
  "gen_ppl": 5.019675614913147,
  "max_tokens": 999,
  "mean_tokens": 960.203125,
  "method": "mdlm",
  "min_tokens": 898,
  "nfe": 8,
  "num_samples": 256,
  "rank_wasserstein": 0.7620383332580563,
  "rep_1": 0.9798722874999523,
  "rep_2": 0.9264380560806531,
  "rep_3": 0.831746154404149,
  "source_entropy": 1.6084414720535278,
  "source_file": "/data/remote_cache/patrick/discrete_diffusion/gen-sample-candi-proj/mdlm-50k/samples_steps8_temp0.297.json",
  "source_gen_ppl": 5.0187578201293945,
  "temperature": 0.2965517044067383,
  "temperature_label": "0.297",
  "unigram_entropy": 1.8628020448338996,
  "unique_1gram_corpus": 0.0003905423657103803,
  "unique_1gram_sample": 0.02012771250004763,
  "unique_2gram_corpus": 0.0028913974816335173,
  "unique_2gram_sample": 0.073561943919348,
  "unique_3gram_corpus": 0.011027313493681207,
  "unique_3gram_sample": 0.16825384559585144,
  "unique_4gram_corpus": 0.030321085192863324,
  "unique_4gram_sample": 0.2968480580467332
}
