{
  "empty_samples": 0,
  "gen_ppl": 50491.91985238904,
  "max_tokens": 1060,
  "mean_tokens": 1046.0625,
  "method": "mdlm",
  "min_tokens": 1028,
  "nfe": 16,
  "num_samples": 256,
  "rank_wasserstein": 7.3087197866333335,
  "rep_1": 0.027786503115089976,
  "rep_2": 3.7338413155997736e-05,
  "rep_3": 0.0,
  "source_entropy": 6.901036739349365,
  "source_file": "/data/remote_cache/patrick/discrete_diffusion/gen-sample-candi-proj/mdlm-50k/samples_steps16_temp1.934.json",
  "source_gen_ppl": 50491.8359375,
  "temperature": 1.9344828128814697,
  "temperature_label": "1.934",
  "unigram_entropy": 6.912602748786762,
  "unique_1gram_corpus": 0.1548552607994264,
  "unique_1gram_sample": 0.9722134968849107,
  "unique_2gram_corpus": 0.4989347228036601,
  "unique_2gram_sample": 0.9999626615868439,
  "unique_3gram_corpus": 0.49997755163124813,
  "unique_3gram_sample": 1.0,
  "unique_4gram_corpus": 0.5,
  "unique_4gram_sample": 1.0
}
