{
  "empty_samples": 0,
  "gen_ppl": 41031.93409119161,
  "max_tokens": 1057,
  "mean_tokens": 1042.875,
  "method": "mdlm",
  "min_tokens": 1027,
  "nfe": 16,
  "num_samples": 256,
  "rank_wasserstein": 7.0664185796265375,
  "rep_1": 0.03497154935962114,
  "rep_2": 7.470550340488245e-05,
  "rep_3": 7.49041227229158e-06,
  "source_entropy": 6.889747142791748,
  "source_file": "/data/remote_cache/patrick/discrete_diffusion/gen-sample-candi-proj/mdlm-50k/samples_steps16_temp1.738.json",
  "source_gen_ppl": 41031.84375,
  "temperature": 1.7379310131072998,
  "temperature_label": "1.738",
  "unigram_entropy": 6.898795725845076,
  "unique_1gram_corpus": 0.15059031523432817,
  "unique_1gram_sample": 0.9650284506403791,
  "unique_2gram_corpus": 0.4986615176964607,
  "unique_2gram_sample": 0.9999252944965953,
  "unique_3gram_corpus": 0.49996997718265884,
  "unique_3gram_sample": 0.9999925095877277,
  "unique_4gram_corpus": 0.5,
  "unique_4gram_sample": 1.0
}
