{
  "empty_samples": 0,
  "gen_ppl": 21705.233013522524,
  "max_tokens": 1047,
  "mean_tokens": 1033.8046875,
  "method": "mdlm",
  "min_tokens": 1022,
  "nfe": 8,
  "num_samples": 256,
  "rank_wasserstein": 6.333638006345892,
  "rep_1": 0.07412761163383456,
  "rep_2": 0.001227360237694963,
  "rep_3": 3.031066342759625e-05,
  "source_entropy": 6.812098979949951,
  "source_file": "/data/remote_cache/patrick/discrete_diffusion/gen-sample-candi-proj/mdlm-50k/samples_steps8_temp1.410.json",
  "source_gen_ppl": 21705.107421875,
  "temperature": 1.4103448390960693,
  "temperature_label": "1.410",
  "unigram_entropy": 6.8193455550643005,
  "unique_1gram_corpus": 0.13698640489091418,
  "unique_1gram_sample": 0.9258723883661646,
  "unique_2gram_corpus": 0.49582825891269977,
  "unique_2gram_sample": 0.998772639762306,
  "unique_3gram_corpus": 0.4998372087740685,
  "unique_3gram_sample": 0.9999696893365725,
  "unique_4gram_corpus": 0.5,
  "unique_4gram_sample": 1.0
}
