{
  "empty_samples": 0,
  "gen_ppl": 2.068921114944433,
  "max_tokens": 1024,
  "mean_tokens": 999.5625,
  "method": "mdlm",
  "min_tokens": 853,
  "nfe": 128,
  "num_samples": 256,
  "rank_wasserstein": 1.088513872799366,
  "rep_1": 0.9831685884624135,
  "rep_2": 0.9598366265272996,
  "rep_3": 0.9324578239663376,
  "source_entropy": 1.525491714477539,
  "source_file": "/data/remote_cache/patrick/discrete_diffusion/gen-sample-candi-proj/mdlm-50k/samples_steps128_temp0.362.json",
  "source_gen_ppl": 2.0686941146850586,
  "temperature": 0.36206895112991333,
  "temperature_label": "0.362",
  "unigram_entropy": 1.6049989229456927,
  "unique_1gram_corpus": 0.001469392859375977,
  "unique_1gram_sample": 0.016831411537586077,
  "unique_2gram_corpus": 0.007843306002378418,
  "unique_2gram_sample": 0.04016337347269945,
  "unique_3gram_corpus": 0.01950065785351795,
  "unique_3gram_sample": 0.06754217603366149,
  "unique_4gram_corpus": 0.035253998118532456,
  "unique_4gram_sample": 0.10172548339427832
}
