{
  "empty_samples": 0,
  "gen_ppl": 45724.09992769371,
  "max_tokens": 1062,
  "mean_tokens": 1045.7578125,
  "method": "mdlm",
  "min_tokens": 1031,
  "nfe": 8,
  "num_samples": 256,
  "rank_wasserstein": 7.194220851355552,
  "rep_1": 0.032314733329190354,
  "rep_2": 5.239877922564012e-05,
  "rep_3": 0.0,
  "source_entropy": 6.893471717834473,
  "source_file": "/data/remote_cache/patrick/discrete_diffusion/gen-sample-candi-proj/mdlm-50k/samples_steps8_temp1.803.json",
  "source_gen_ppl": 45723.9765625,
  "temperature": 1.8034483194351196,
  "temperature_label": "1.803",
  "unigram_entropy": 6.905285176146859,
  "unique_1gram_corpus": 0.15224455949259283,
  "unique_1gram_sample": 0.9676852666708098,
  "unique_2gram_corpus": 0.49884467841679814,
  "unique_2gram_sample": 0.9999476012207742,
  "unique_3gram_corpus": 0.4999625751304257,
  "unique_3gram_sample": 1.0,
  "unique_4gram_corpus": 0.5,
  "unique_4gram_sample": 1.0
}
