{
  "empty_samples": 2,
  "gen_ppl": 29.78857189250464,
  "max_tokens": 1565,
  "mean_tokens": 652.01171875,
  "method": "ar",
  "min_tokens": 0,
  "nfe": 64,
  "num_samples": 256,
  "rank_wasserstein": 0.5227390818254681,
  "rep_1": 0.4844231159731755,
  "rep_2": 0.16126015230191823,
  "rep_3": 0.08091774141396982,
  "source_entropy": null,
  "source_file": "/kaggle/working/ranking_divergence/cache/generated_texts/gpt2/samples_steps64_temp0.900.json",
  "source_gen_ppl": null,
  "temperature": 0.9,
  "temperature_label": "0.900",
  "unigram_entropy": 4.887943413600293,
  "unique_1gram_corpus": 0.11541802713956205,
  "unique_1gram_sample": 0.5155768840268246,
  "unique_2gram_corpus": 0.5261758899802593,
  "unique_2gram_sample": 0.8387398476980821,
  "unique_3gram_corpus": 0.8079407717223435,
  "unique_3gram_sample": 0.9190822585860298,
  "unique_4gram_corpus": 0.9102453762496012,
  "unique_4gram_sample": 0.9426724850812805
}
