{
  "empty_samples": 2,
  "gen_ppl": 41.05794670368521,
  "max_tokens": 1351,
  "mean_tokens": 659.109375,
  "method": "ar",
  "min_tokens": 0,
  "nfe": 64,
  "num_samples": 256,
  "rank_wasserstein": 0.7454248738106188,
  "rep_1": 0.4641507711026074,
  "rep_2": 0.1422723783014645,
  "rep_3": 0.06977128161231036,
  "source_entropy": null,
  "source_file": "/kaggle/working/ranking_divergence/cache/generated_texts/gpt2/samples_steps64_temp0.925.json",
  "source_gen_ppl": null,
  "temperature": 0.925,
  "temperature_label": "0.925",
  "unigram_entropy": 4.975074599349249,
  "unique_1gram_corpus": 0.12539411611312615,
  "unique_1gram_sample": 0.5358492288973925,
  "unique_2gram_corpus": 0.5615866760051758,
  "unique_2gram_sample": 0.8577276216985351,
  "unique_3gram_corpus": 0.8331688700779912,
  "unique_3gram_sample": 0.9302287183876898,
  "unique_4gram_corpus": 0.9202595701613383,
  "unique_4gram_sample": 0.9499265968524958
}
