{
  "empty_samples": 1,
  "gen_ppl": 4.062807829460212,
  "max_tokens": 1457,
  "mean_tokens": 688.265625,
  "method": "ar",
  "min_tokens": 0,
  "nfe": 64,
  "num_samples": 256,
  "rank_wasserstein": 0.6496412830352778,
  "rep_1": 0.6874873030174234,
  "rep_2": 0.4461133180060111,
  "rep_3": 0.3476447362573787,
  "source_entropy": null,
  "source_file": "/kaggle/working/ranking_divergence/cache/generated_texts/gpt2/samples_steps64_temp0.700.json",
  "source_gen_ppl": null,
  "temperature": 0.7,
  "temperature_label": "0.700",
  "unigram_entropy": 4.208143148508009,
  "unique_1gram_corpus": 0.05280483098367727,
  "unique_1gram_sample": 0.312512696982576,
  "unique_2gram_corpus": 0.24849807605958815,
  "unique_2gram_sample": 0.553886681993989,
  "unique_3gram_corpus": 0.44586364309051374,
  "unique_3gram_sample": 0.6523552637426213,
  "unique_4gram_corpus": 0.5608928866619924,
  "unique_4gram_sample": 0.6992705814493858
}
