{
  "empty_samples": 1,
  "gen_ppl": 7.793870613499447,
  "max_tokens": 1435,
  "mean_tokens": 620.3671875,
  "method": "ar",
  "min_tokens": 0,
  "nfe": 64,
  "num_samples": 256,
  "rank_wasserstein": 0.3012880878198033,
  "rep_1": 0.5913699968192468,
  "rep_2": 0.30263733797894005,
  "rep_3": 0.20051432698606783,
  "source_entropy": null,
  "source_file": "/kaggle/working/ranking_divergence/cache/generated_texts/gpt2/samples_steps64_temp0.775.json",
  "source_gen_ppl": null,
  "temperature": 0.775,
  "temperature_label": "0.775",
  "unigram_entropy": 4.4389172055555095,
  "unique_1gram_corpus": 0.07501227851448865,
  "unique_1gram_sample": 0.40863000318075277,
  "unique_2gram_corpus": 0.351969929174629,
  "unique_2gram_sample": 0.6973626620210598,
  "unique_3gram_corpus": 0.6067945219324843,
  "unique_3gram_sample": 0.7994856730139323,
  "unique_4gram_corpus": 0.7345633316250024,
  "unique_4gram_sample": 0.8397515370066219
}
