{
  "empty_samples": 2,
  "gen_ppl": 63.29252786574674,
  "max_tokens": 1607,
  "mean_tokens": 669.94140625,
  "method": "ar",
  "min_tokens": 0,
  "nfe": 64,
  "num_samples": 256,
  "rank_wasserstein": 1.046716822764787,
  "rep_1": 0.43208179146728687,
  "rep_2": 0.11454033243857661,
  "rep_3": 0.048917258022419634,
  "source_entropy": null,
  "source_file": "/kaggle/working/ranking_divergence/cache/generated_texts/gpt2/samples_steps64_temp0.950.json",
  "source_gen_ppl": null,
  "temperature": 0.95,
  "temperature_label": "0.950",
  "unigram_entropy": 5.055807631775348,
  "unique_1gram_corpus": 0.13450336724876827,
  "unique_1gram_sample": 0.567918208532713,
  "unique_2gram_corpus": 0.6035118043106318,
  "unique_2gram_sample": 0.8854596675614231,
  "unique_3gram_corpus": 0.8628572431095283,
  "unique_3gram_sample": 0.9510827419775808,
  "unique_4gram_corpus": 0.9418307046262512,
  "unique_4gram_sample": 0.9689551331778932
}
