{
  "empty_samples": 1,
  "gen_ppl": 2.4329701529627674,
  "max_tokens": 1484,
  "mean_tokens": 767.0625,
  "method": "ar",
  "min_tokens": 0,
  "nfe": 64,
  "num_samples": 256,
  "rank_wasserstein": 0.8935116318094997,
  "rep_1": 0.7732938495336441,
  "rep_2": 0.6075406949503495,
  "rep_3": 0.5345337365588685,
  "source_entropy": null,
  "source_file": "/kaggle/working/ranking_divergence/cache/generated_texts/gpt2/samples_steps64_temp0.625.json",
  "source_gen_ppl": null,
  "temperature": 0.625,
  "temperature_label": "0.625",
  "unigram_entropy": 3.8609261276345754,
  "unique_1gram_corpus": 0.03824452049213721,
  "unique_1gram_sample": 0.22670615046635653,
  "unique_2gram_corpus": 0.16870885662857638,
  "unique_2gram_sample": 0.39245930504965054,
  "unique_3gram_corpus": 0.2992116737636451,
  "unique_3gram_sample": 0.46546626344113157,
  "unique_4gram_corpus": 0.3795902925824246,
  "unique_4gram_sample": 0.5045987456770754
}
