{
  "empty_samples": 1,
  "gen_ppl": 2.749656702853403,
  "max_tokens": 1460,
  "mean_tokens": 751.078125,
  "method": "ar",
  "min_tokens": 0,
  "nfe": 64,
  "num_samples": 256,
  "rank_wasserstein": 0.8341538046901781,
  "rep_1": 0.7534539200712016,
  "rep_2": 0.5723263619509129,
  "rep_3": 0.49315530612092867,
  "source_entropy": null,
  "source_file": "/kaggle/working/ranking_divergence/cache/generated_texts/gpt2/samples_steps64_temp0.650.json",
  "source_gen_ppl": null,
  "temperature": 0.65,
  "temperature_label": "0.650",
  "unigram_entropy": 3.9883629189844507,
  "unique_1gram_corpus": 0.043754810792818656,
  "unique_1gram_sample": 0.24654607992879826,
  "unique_2gram_corpus": 0.19002088313257404,
  "unique_2gram_sample": 0.4276736380490872,
  "unique_3gram_corpus": 0.3347047964706987,
  "unique_3gram_sample": 0.5068446938790713,
  "unique_4gram_corpus": 0.42046148785187276,
  "unique_4gram_sample": 0.5484031816017143
}
