{
  "empty_samples": 1,
  "gen_ppl": 19.567546490923448,
  "max_tokens": 1541,
  "mean_tokens": 633.6640625,
  "method": "ar",
  "min_tokens": 0,
  "nfe": 64,
  "num_samples": 256,
  "rank_wasserstein": 0.260319575172281,
  "rep_1": 0.5082767561174897,
  "rep_2": 0.1954164324530939,
  "rep_3": 0.10984954378573018,
  "source_entropy": null,
  "source_file": "/kaggle/working/ranking_divergence/cache/generated_texts/gpt2/samples_steps64_temp0.875.json",
  "source_gen_ppl": null,
  "temperature": 0.875,
  "temperature_label": "0.875",
  "unigram_entropy": 4.708875656564824,
  "unique_1gram_corpus": 0.10390955381030466,
  "unique_1gram_sample": 0.4917232438825105,
  "unique_2gram_corpus": 0.47634336237288766,
  "unique_2gram_sample": 0.8045835675469066,
  "unique_3gram_corpus": 0.7533702723427412,
  "unique_3gram_sample": 0.8901504562142699,
  "unique_4gram_corpus": 0.8626473338990295,
  "unique_4gram_sample": 0.916318320898523
}
