{
  "empty_samples": 1,
  "gen_ppl": 16.82434006559745,
  "max_tokens": 1376,
  "mean_tokens": 658.0078125,
  "method": "ar",
  "min_tokens": 0,
  "nfe": 64,
  "num_samples": 256,
  "rank_wasserstein": 0.1514681109301479,
  "rep_1": 0.5308343362716893,
  "rep_2": 0.21141377547218831,
  "rep_3": 0.11753662190275367,
  "source_entropy": null,
  "source_file": "/kaggle/working/ranking_divergence/cache/generated_texts/gpt2/samples_steps64_temp0.850.json",
  "source_gen_ppl": null,
  "temperature": 0.85,
  "temperature_label": "0.850",
  "unigram_entropy": 4.720919572777374,
  "unique_1gram_corpus": 0.09604630454140695,
  "unique_1gram_sample": 0.4691656637283107,
  "unique_2gram_corpus": 0.452415351229228,
  "unique_2gram_sample": 0.788586224527812,
  "unique_3gram_corpus": 0.742044777896868,
  "unique_3gram_sample": 0.8824633780972465,
  "unique_4gram_corpus": 0.8627307153293378,
  "unique_4gram_sample": 0.913203269876114
}
