{
  "empty_samples": 1,
  "gen_ppl": 9.636201107128109,
  "max_tokens": 1435,
  "mean_tokens": 659.80859375,
  "method": "ar",
  "min_tokens": 0,
  "nfe": 64,
  "num_samples": 256,
  "rank_wasserstein": 0.18117187142352373,
  "rep_1": 0.5816563175107721,
  "rep_2": 0.27842208669750257,
  "rep_3": 0.1753876631602969,
  "source_entropy": null,
  "source_file": "/kaggle/working/ranking_divergence/cache/generated_texts/gpt2/samples_steps64_temp0.800.json",
  "source_gen_ppl": null,
  "temperature": 0.8,
  "temperature_label": "0.800",
  "unigram_entropy": 4.546537521707002,
  "unique_1gram_corpus": 0.07933763934853266,
  "unique_1gram_sample": 0.4183436824892278,
  "unique_2gram_corpus": 0.38091144103974955,
  "unique_2gram_sample": 0.721577913302497,
  "unique_3gram_corpus": 0.6505246405900202,
  "unique_3gram_sample": 0.8246123368397035,
  "unique_4gram_corpus": 0.7782641276033923,
  "unique_4gram_sample": 0.8624326523544693
}
