{
  "empty_samples": 1,
  "gen_ppl": 6.3127488228403905,
  "max_tokens": 1401,
  "mean_tokens": 678.51171875,
  "method": "ar",
  "min_tokens": 0,
  "nfe": 64,
  "num_samples": 256,
  "rank_wasserstein": 0.4190955379441435,
  "rep_1": 0.621422769253528,
  "rep_2": 0.3447048091885132,
  "rep_3": 0.2415304552785143,
  "source_entropy": null,
  "source_file": "/kaggle/working/ranking_divergence/cache/generated_texts/gpt2/samples_steps64_temp0.750.json",
  "source_gen_ppl": null,
  "temperature": 0.75,
  "temperature_label": "0.750",
  "unigram_entropy": 4.415734794567027,
  "unique_1gram_corpus": 0.06693187640688777,
  "unique_1gram_sample": 0.37857723074647137,
  "unique_2gram_corpus": 0.31948640483383683,
  "unique_2gram_sample": 0.6552951908114861,
  "unique_3gram_corpus": 0.5594754863184151,
  "unique_3gram_sample": 0.7584695447214859,
  "unique_4gram_corpus": 0.6880428371517457,
  "unique_4gram_sample": 0.8023608551715626
}
