{
  "empty_samples": 2,
  "gen_ppl": 161.18174212279408,
  "max_tokens": 1460,
  "mean_tokens": 660.79296875,
  "method": "ar",
  "min_tokens": 0,
  "nfe": 64,
  "num_samples": 256,
  "rank_wasserstein": 1.7523444519148184,
  "rep_1": 0.365531922464357,
  "rep_2": 0.07947481644833566,
  "rep_3": 0.03100823336679251,
  "source_entropy": null,
  "source_file": "/kaggle/working/ranking_divergence/cache/generated_texts/gpt2/samples_steps64_temp1.000.json",
  "source_gen_ppl": null,
  "temperature": 1.0,
  "temperature_label": "1.000",
  "unigram_entropy": 5.195666737237951,
  "unique_1gram_corpus": 0.15813741775683807,
  "unique_1gram_sample": 0.6344680775356432,
  "unique_2gram_corpus": 0.6897619428212824,
  "unique_2gram_sample": 0.9205251835516648,
  "unique_3gram_corpus": 0.9053630191811687,
  "unique_3gram_sample": 0.9689917666332071,
  "unique_4gram_corpus": 0.9647389267284636,
  "unique_4gram_sample": 0.9808749636235476
}
