{
  "empty_samples": 1,
  "gen_ppl": 5.179783918184172,
  "max_tokens": 1457,
  "mean_tokens": 667.8671875,
  "method": "ar",
  "min_tokens": 0,
  "nfe": 64,
  "num_samples": 256,
  "rank_wasserstein": 0.5253359159081282,
  "rep_1": 0.6507174446082348,
  "rep_2": 0.38648998723661615,
  "rep_3": 0.28443170849263943,
  "source_entropy": null,
  "source_file": "/kaggle/working/ranking_divergence/cache/generated_texts/gpt2/samples_steps64_temp0.725.json",
  "source_gen_ppl": null,
  "temperature": 0.725,
  "temperature_label": "0.725",
  "unigram_entropy": 4.330585811242909,
  "unique_1gram_corpus": 0.061243229964789966,
  "unique_1gram_sample": 0.349282555391765,
  "unique_2gram_corpus": 0.2919475863846438,
  "unique_2gram_sample": 0.6135100127633842,
  "unique_3gram_corpus": 0.5164257555847569,
  "unique_3gram_sample": 0.7155682915073607,
  "unique_4gram_corpus": 0.6390085130633515,
  "unique_4gram_sample": 0.7606222340942508
}
