{
  "empty_samples": 2,
  "gen_ppl": 99.26765434634882,
  "max_tokens": 1434,
  "mean_tokens": 689.1796875,
  "method": "ar",
  "min_tokens": 0,
  "nfe": 64,
  "num_samples": 256,
  "rank_wasserstein": 1.3830584153052008,
  "rep_1": 0.3965092155263956,
  "rep_2": 0.09300599358837372,
  "rep_3": 0.038420105378602944,
  "source_entropy": null,
  "source_file": "/kaggle/working/ranking_divergence/cache/generated_texts/gpt2/samples_steps64_temp0.975.json",
  "source_gen_ppl": null,
  "temperature": 0.975,
  "temperature_label": "0.975",
  "unigram_entropy": 5.155321849426904,
  "unique_1gram_corpus": 0.1454797936858811,
  "unique_1gram_sample": 0.6034907844736047,
  "unique_2gram_corpus": 0.6463649986377259,
  "unique_2gram_sample": 0.9069940064116262,
  "unique_3gram_corpus": 0.8851877536635554,
  "unique_3gram_sample": 0.9615798946213966,
  "unique_4gram_corpus": 0.9521483707903545,
  "unique_4gram_sample": 0.9755044670437587
}
