{
  "empty_samples": 1,
  "gen_ppl": 2.082044578370017,
  "max_tokens": 1476,
  "mean_tokens": 784.703125,
  "method": "ar",
  "min_tokens": 0,
  "nfe": 64,
  "num_samples": 256,
  "rank_wasserstein": 0.966394849795267,
  "rep_1": 0.8052558442564919,
  "rep_2": 0.6621757557249136,
  "rep_3": 0.5987677441446384,
  "source_entropy": null,
  "source_file": "/kaggle/working/ranking_divergence/cache/generated_texts/gpt2/samples_steps64_temp0.600.json",
  "source_gen_ppl": null,
  "temperature": 0.6,
  "temperature_label": "0.600",
  "unigram_entropy": 3.734203397888877,
  "unique_1gram_corpus": 0.03167001851814978,
  "unique_1gram_sample": 0.19474415574350837,
  "unique_2gram_corpus": 0.1382751247327156,
  "unique_2gram_sample": 0.3378242442750864,
  "unique_3gram_corpus": 0.24576042799964068,
  "unique_3gram_sample": 0.40123225585536154,
  "unique_4gram_corpus": 0.31450287079187883,
  "unique_4gram_sample": 0.43760799380756815
}
