{
  "empty_samples": 1,
  "gen_ppl": 3.376040831360227,
  "max_tokens": 1338,
  "mean_tokens": 698.609375,
  "method": "ar",
  "min_tokens": 0,
  "nfe": 64,
  "num_samples": 256,
  "rank_wasserstein": 0.7419453069001437,
  "rep_1": 0.7118106044910495,
  "rep_2": 0.49529439964449834,
  "rep_3": 0.40558343560155946,
  "source_entropy": null,
  "source_file": "/kaggle/working/ranking_divergence/cache/generated_texts/gpt2/samples_steps64_temp0.675.json",
  "source_gen_ppl": null,
  "temperature": 0.675,
  "temperature_label": "0.675",
  "unigram_entropy": 4.109389337739256,
  "unique_1gram_corpus": 0.048584241014515445,
  "unique_1gram_sample": 0.28818939550895056,
  "unique_2gram_corpus": 0.21969438207280403,
  "unique_2gram_sample": 0.5047056003555016,
  "unique_3gram_corpus": 0.3913050792333487,
  "unique_3gram_sample": 0.5944165643984407,
  "unique_4gram_corpus": 0.49389315977740217,
  "unique_4gram_sample": 0.6395479940262242
}
