{
  "empty_samples": 1,
  "gen_ppl": 13.633732372794535,
  "max_tokens": 1817,
  "mean_tokens": 667.2421875,
  "method": "ar",
  "min_tokens": 0,
  "nfe": 64,
  "num_samples": 256,
  "rank_wasserstein": 0.020045853597798813,
  "rep_1": 0.5467202901358963,
  "rep_2": 0.2322674813324771,
  "rep_3": 0.13258150277833133,
  "source_entropy": null,
  "source_file": "/kaggle/working/ranking_divergence/cache/generated_texts/gpt2/samples_steps64_temp0.825.json",
  "source_gen_ppl": null,
  "temperature": 0.825,
  "temperature_label": "0.825",
  "unigram_entropy": 4.669237665320403,
  "unique_1gram_corpus": 0.08933693959511516,
  "unique_1gram_sample": 0.45327970986410404,
  "unique_2gram_corpus": 0.42611061274984025,
  "unique_2gram_sample": 0.7677325186675226,
  "unique_3gram_corpus": 0.7120913190529876,
  "unique_3gram_sample": 0.8674184972216689,
  "unique_4gram_corpus": 0.8389581826414739,
  "unique_4gram_sample": 0.9025821803344483
}
