{
  "metadata": {
    "cache_dir": "/home/patrick/.cache/discrete_diffusion/owt",
    "num_sampler_source": 4096,
    "num_samples": 128,
    "reference_histogram": "outputs/diffusion_sweep_analysis/mdlm-candi-duo-50k/reference_rank_histogram.pt",
    "sample_length": 1024,
    "sampler_source_split": "train[:-100000]",
    "scorer_model": "gpt2-large",
    "seed": 13
  },
  "metrics": [
    {
      "display_name": "mirror_5000",
      "empty_samples": 0,
      "gen_ppl": 1476.4114782138793,
      "max_tokens": 1024,
      "mean_tokens": 1024.0,
      "method": "mirror_5000",
      "min_tokens": 1024,
      "nfe": 0,
      "num_samples": 128,
      "rank_wasserstein": 3.508259676681206,
      "rep_1": 0.7141189575195312,
      "rep_2": 0.054618768328445706,
      "rep_3": 0.005931996086105693,
      "temperature": "",
      "temperature_label": "",
      "unigram_entropy": 5.153420232486925,
      "unique_1gram_corpus": 0.0359954833984375,
      "unique_1gram_sample": 0.28588104248046875,
      "unique_2gram_corpus": 0.6546768084066471,
      "unique_2gram_sample": 0.9453812316715546,
      "unique_3gram_corpus": 0.9602724437377691,
      "unique_3gram_sample": 0.9940680039138944,
      "unique_4gram_corpus": 0.9990282198824681,
      "unique_4gram_sample": 0.9998928746327131
    },
    {
      "display_name": "periodic_400",
      "empty_samples": 0,
      "gen_ppl": 21.797587788899477,
      "max_tokens": 1024,
      "mean_tokens": 1024.0,
      "method": "periodic_400",
      "min_tokens": 1024,
      "nfe": 0,
      "num_samples": 128,
      "rank_wasserstein": 1.0921635440049469,
      "rep_1": 0.609375,
      "rep_2": 0.6089931573802544,
      "rep_3": 0.6086105675146755,
      "temperature": "",
      "temperature_label": "",
      "unigram_entropy": 5.972238147843534,
      "unique_1gram_corpus": 0.0030517578125,
      "unique_1gram_sample": 0.390625,
      "unique_2gram_corpus": 0.0030547409579667643,
      "unique_2gram_sample": 0.39100684261974555,
      "unique_3gram_corpus": 0.003057729941291585,
      "unique_3gram_sample": 0.39138943248532376,
      "unique_4gram_corpus": 0.0030607247796278158,
      "unique_4gram_sample": 0.391772771792361
    },
    {
      "display_name": "phrase_bank_5000",
      "empty_samples": 0,
      "gen_ppl": 122.93901859820878,
      "max_tokens": 1024,
      "mean_tokens": 1024.0,
      "method": "phrase_bank_5000",
      "min_tokens": 1024,
      "nfe": 0,
      "num_samples": 128,
      "rank_wasserstein": 1.4347434619392456,
      "rep_1": 0.598297119140625,
      "rep_2": 0.277492668621701,
      "rep_3": 0.1347159368884539,
      "temperature": "",
      "temperature_label": "",
      "unigram_entropy": 4.969752494772346,
      "unique_1gram_corpus": 0.01645660400390625,
      "unique_1gram_sample": 0.401702880859375,
      "unique_2gram_corpus": 0.1547608137829912,
      "unique_2gram_sample": 0.7225073313782987,
      "unique_3gram_corpus": 0.34579103473581213,
      "unique_3gram_sample": 0.8652840631115473,
      "unique_4gram_corpus": 0.5434622918707149,
      "unique_4gram_sample": 0.9595219147894222
    },
    {
      "display_name": "top_k_iid_64",
      "empty_samples": 0,
      "gen_ppl": 146.04465151487994,
      "max_tokens": 1024,
      "mean_tokens": 1024.0,
      "method": "top_k_iid_64",
      "min_tokens": 1024,
      "nfe": 0,
      "num_samples": 128,
      "rank_wasserstein": 1.4235409400057257,
      "rep_1": 0.937774658203125,
      "rep_2": 0.3814913245356796,
      "rep_3": 0.03838215508806262,
      "temperature": "",
      "temperature_label": "",
      "unigram_entropy": 3.5611426334462135,
      "unique_1gram_corpus": 0.00048828125,
      "unique_1gram_sample": 0.062225341796875,
      "unique_2gram_corpus": 0.03082997311827957,
      "unique_2gram_sample": 0.6185086754643209,
      "unique_3gram_corpus": 0.4010518590998043,
      "unique_3gram_sample": 0.9616178449119382,
      "unique_4gram_corpus": 0.8709368878550441,
      "unique_4gram_sample": 0.9981100024485812
    }
  ]
}
