{
  "metadata": {
    "seed": 13,
    "sample_length": 1024,
    "num_samples": 16,
    "num_reference": 128,
    "num_sampler_source": 4096,
    "scorer_model": "gpt2-large",
    "generator_model": "gpt2",
    "temperature": 1.0,
    "top_p": 1.0,
    "generator_top_k": 0,
    "generator_do_sample": true,
    "generator_eos_token_id": 50256,
    "generator_stops_at_eos": true,
    "sampler_parameters": {
      "top_k": 64,
      "mirror_k": 5000,
      "periodic_k": 400,
      "phrase_bank_m": 5000,
      "phrase_bank_n": 5
    },
    "splits": {
      "sampler_source_split": "train[:-100000]",
      "heldout_split": "train[-100000:]",
      "scratch_dir": "/home/patrick/.cache/discrete_diffusion",
      "cache_dir": "/home/patrick/.cache/discrete_diffusion/owt",
      "reference_split": "train[-100000:]"
    }
  },
  "metrics": [
    {
      "name": "gpt2",
      "unigram_entropy": 5.689846041891859,
      "gen_ppl": 179.98069763183594,
      "rank_wasserstein": 1.8914842137901524,
      "unique_1gram_sample": 0.6321146518749667,
      "unique_1gram_corpus": 0.39155171070064687,
      "unique_2gram_sample": 0.9430377867346034,
      "unique_2gram_corpus": 0.8894264533749512,
      "unique_3gram_sample": 0.9845171813298768,
      "unique_3gram_corpus": 0.9803890928978827,
      "unique_4gram_sample": 0.9963602769192593,
      "unique_4gram_corpus": 0.9964796996010327,
      "rep_1": 0.36788534812503326,
      "rep_2": 0.056962213265396626,
      "rep_3": 0.015482818670123348
    },
    {
      "name": "top_k_iid_64",
      "unigram_entropy": 3.5619074203968655,
      "gen_ppl": 115.7197265625,
      "rank_wasserstein": 1.380956334931596,
      "unique_1gram_sample": 0.06231689453125,
      "unique_1gram_corpus": 0.00390625,
      "unique_2gram_sample": 0.6168132942326492,
      "unique_2gram_corpus": 0.1688049853372434,
      "unique_3gram_sample": 0.9590875733855183,
      "unique_3gram_corpus": 0.7281066536203522,
      "unique_4gram_sample": 0.9977962781586679,
      "unique_4gram_corpus": 0.9766160626836435,
      "rep_1": 0.93768310546875,
      "rep_2": 0.38318670576735087,
      "rep_3": 0.04091242661448142
    },
    {
      "name": "mirror_5000",
      "unigram_entropy": 5.146610029652863,
      "gen_ppl": 1312.8516845703125,
      "rank_wasserstein": 3.4570126523552416,
      "unique_1gram_sample": 0.28497314453125,
      "unique_1gram_corpus": 0.13214111328125,
      "unique_2gram_sample": 0.9468475073313782,
      "unique_2gram_corpus": 0.8164100684261975,
      "unique_3gram_sample": 0.9946183953033269,
      "unique_3gram_corpus": 0.9866682974559687,
      "unique_4gram_sample": 0.9998775710088149,
      "unique_4gram_corpus": 0.9996327130264446,
      "rep_1": 0.71502685546875,
      "rep_2": 0.05315249266862168,
      "rep_3": 0.005381604696673203
    },
    {
      "name": "periodic_400",
      "unigram_entropy": 5.972238147843526,
      "gen_ppl": 20.7801456451416,
      "rank_wasserstein": 1.0829182604920198,
      "unique_1gram_sample": 0.390625,
      "unique_1gram_corpus": 0.0244140625,
      "unique_2gram_sample": 0.3910068426197458,
      "unique_2gram_corpus": 0.024437927663734114,
      "unique_3gram_sample": 0.39138943248532276,
      "unique_3gram_corpus": 0.02446183953033268,
      "unique_4gram_sample": 0.3917727717923603,
      "unique_4gram_corpus": 0.024485798237022526,
      "rep_1": 0.609375,
      "rep_2": 0.6089931573802543,
      "rep_3": 0.6086105675146773
    },
    {
      "name": "phrase_bank_5000",
      "unigram_entropy": 4.960994240291763,
      "gen_ppl": 130.26287841796875,
      "rank_wasserstein": 1.4585691582334388,
      "unique_1gram_sample": 0.39776611328125,
      "unique_1gram_corpus": 0.10296630859375,
      "unique_2gram_sample": 0.7203079178885631,
      "unique_2gram_corpus": 0.36241446725317694,
      "unique_3gram_sample": 0.8639310176125246,
      "unique_3gram_corpus": 0.5776663405088063,
      "unique_4gram_sample": 0.9588638589618019,
      "unique_4gram_corpus": 0.7641405484818805,
      "rep_1": 0.60223388671875,
      "rep_2": 0.2796920821114368,
      "rep_3": 0.13606898238747556
    }
  ]
}
