{
  "empty_samples": 0,
  "gen_ppl": 4.1017655654360885,
  "max_tokens": 1025,
  "mean_tokens": 1023.8046875,
  "method": "ar",
  "min_tokens": 1017,
  "nfe": 64,
  "num_samples": 256,
  "rank_wasserstein": 0.7332694896530331,
  "rep_1": 0.7437561084304853,
  "rep_2": 0.5012961420167891,
  "rep_3": 0.3984157165544888,
  "source_entropy": 4.558135509490967,
  "source_file": "/data/remote_cache/patrick/discrete_diffusion/openwebtext-train/2026.06.22/004711/samples_steps64_temp0.700.json",
  "source_gen_ppl": 4.101202487945557,
  "temperature": 0.7000000476837158,
  "temperature_label": "0.700",
  "unigram_entropy": 4.5586487719733,
  "unique_1gram_corpus": 0.034270147351713506,
  "unique_1gram_sample": 0.25624389156951444,
  "unique_2gram_corpus": 0.1508337216141278,
  "unique_2gram_sample": 0.4987038579832108,
  "unique_3gram_corpus": 0.2506632719376716,
  "unique_3gram_sample": 0.6015842834455108,
  "unique_4gram_corpus": 0.30249955993663086,
  "unique_4gram_sample": 0.6566338866876199
}
