{
  "empty_samples": 0,
  "gen_ppl": 12.414166705275527,
  "max_tokens": 1025,
  "mean_tokens": 1023.3203125,
  "method": "ar",
  "min_tokens": 997,
  "nfe": 64,
  "num_samples": 256,
  "rank_wasserstein": 0.08985509458635656,
  "rep_1": 0.6065305593560886,
  "rep_2": 0.24762433364944467,
  "rep_3": 0.1313874908462638,
  "source_entropy": 5.188999652862549,
  "source_file": "/data/remote_cache/patrick/discrete_diffusion/openwebtext-train/2026.06.22/004711/samples_steps64_temp0.875.json",
  "source_gen_ppl": 12.412202835083008,
  "temperature": 0.875,
  "temperature_label": "0.875",
  "unigram_entropy": 5.1887899267343345,
  "unique_1gram_corpus": 0.05033019047982593,
  "unique_1gram_sample": 0.3934694406439111,
  "unique_2gram_corpus": 0.24002537120673711,
  "unique_2gram_sample": 0.7523756663505548,
  "unique_3gram_corpus": 0.37940701757069967,
  "unique_3gram_sample": 0.8686125091537356,
  "unique_4gram_corpus": 0.4346406229661335,
  "unique_4gram_sample": 0.9162432355328065
}
