{
  "empty_samples": 0,
  "gen_ppl": 5.566907197205188,
  "max_tokens": 1024,
  "mean_tokens": 1023.890625,
  "method": "ar",
  "min_tokens": 1022,
  "nfe": 64,
  "num_samples": 256,
  "rank_wasserstein": 0.5765995514912677,
  "rep_1": 0.7069427395777831,
  "rep_2": 0.4152599746768318,
  "rep_3": 0.2956360870119013,
  "source_entropy": 4.763652324676514,
  "source_file": "/data/remote_cache/patrick/discrete_diffusion/openwebtext-train/2026.06.22/004711/samples_steps64_temp0.750.json",
  "source_gen_ppl": 5.566102027893066,
  "temperature": 0.75,
  "temperature_label": "0.750",
  "unigram_entropy": 4.764031063935306,
  "unique_1gram_corpus": 0.0376512689038441,
  "unique_1gram_sample": 0.29305726042221686,
  "unique_2gram_corpus": 0.17439471473306348,
  "unique_2gram_sample": 0.5847400253231677,
  "unique_3gram_corpus": 0.292980994174401,
  "unique_3gram_sample": 0.7043639129880988,
  "unique_4gram_corpus": 0.3533411390177082,
  "unique_4gram_sample": 0.7660532200899555
}
