{
  "empty_samples": 0,
  "gen_ppl": 8.467329518906649,
  "max_tokens": 1025,
  "mean_tokens": 1023.7265625,
  "method": "ar",
  "min_tokens": 1017,
  "nfe": 64,
  "num_samples": 256,
  "rank_wasserstein": 0.3317044454093761,
  "rep_1": 0.64847582197633,
  "rep_2": 0.3079892712442353,
  "rep_3": 0.18385642020181392,
  "source_entropy": 4.999595642089844,
  "source_file": "/data/remote_cache/patrick/discrete_diffusion/openwebtext-train/2026.06.22/004711/samples_steps64_temp0.825.json",
  "source_gen_ppl": 8.466023445129395,
  "temperature": 0.824999988079071,
  "temperature_label": "0.825",
  "unigram_entropy": 4.999798748724728,
  "unique_1gram_corpus": 0.044205071849935516,
  "unique_1gram_sample": 0.3515241780236703,
  "unique_2gram_corpus": 0.2130029256964762,
  "unique_2gram_sample": 0.6920107287557647,
  "unique_3gram_corpus": 0.34856362927336537,
  "unique_3gram_sample": 0.8161435797981857,
  "unique_4gram_corpus": 0.4093208728463946,
  "unique_4gram_sample": 0.8727315820593127
}
