{
  "empty_samples": 0,
  "gen_ppl": 3.3692031734368575,
  "max_tokens": 1027,
  "mean_tokens": 1023.96875,
  "method": "ar",
  "min_tokens": 1022,
  "nfe": 64,
  "num_samples": 256,
  "rank_wasserstein": 0.8378852114911907,
  "rep_1": 0.7707567090160821,
  "rep_2": 0.556722368308885,
  "rep_3": 0.46343749952875113,
  "source_entropy": 4.418705463409424,
  "source_file": "/data/remote_cache/patrick/discrete_diffusion/openwebtext-train/2026.06.22/004711/samples_steps64_temp0.650.json",
  "source_gen_ppl": 3.368759870529175,
  "temperature": 0.6500000357627869,
  "temperature_label": "0.650",
  "unigram_entropy": 4.419196790170001,
  "unique_1gram_corpus": 0.030510879848628193,
  "unique_1gram_sample": 0.22924329098391788,
  "unique_2gram_corpus": 0.1319802963189247,
  "unique_2gram_sample": 0.44327763169111556,
  "unique_3gram_corpus": 0.22025502247500228,
  "unique_3gram_sample": 0.5365625004712491,
  "unique_4gram_corpus": 0.2680970891616418,
  "unique_4gram_sample": 0.5889537948321287
}
