{
  "empty_samples": 0,
  "gen_ppl": 17.057429637663958,
  "max_tokens": 1026,
  "mean_tokens": 1023.3125,
  "method": "ar",
  "min_tokens": 1004,
  "nfe": 64,
  "num_samples": 256,
  "rank_wasserstein": 0.12825322224919938,
  "rep_1": 0.562271496882082,
  "rep_2": 0.19782217232952118,
  "rep_3": 0.09659033920481201,
  "source_entropy": 5.346922874450684,
  "source_file": "/data/remote_cache/patrick/discrete_diffusion/openwebtext-train/2026.06.22/004711/samples_steps64_temp0.925.json",
  "source_gen_ppl": 17.05467414855957,
  "temperature": 0.925000011920929,
  "temperature_label": "0.925",
  "unigram_entropy": 5.346923833361662,
  "unique_1gram_corpus": 0.057468851157393266,
  "unique_1gram_sample": 0.43772850311791783,
  "unique_2gram_corpus": 0.27040792932689367,
  "unique_2gram_sample": 0.8021778276704787,
  "unique_3gram_corpus": 0.40559788262652224,
  "unique_3gram_sample": 0.9034096607951878,
  "unique_4gram_corpus": 0.45302067381316996,
  "unique_4gram_sample": 0.9423431354680498
}
