{
  "empty_samples": 0,
  "gen_ppl": 5.009582507589994,
  "max_tokens": 1026,
  "mean_tokens": 1023.859375,
  "method": "ar",
  "min_tokens": 1018,
  "nfe": 64,
  "num_samples": 256,
  "rank_wasserstein": 0.6369894501119241,
  "rep_1": 0.7151442654868185,
  "rep_2": 0.4376961692895902,
  "rep_3": 0.32290138535181767,
  "source_entropy": 4.724483966827393,
  "source_file": "/data/remote_cache/patrick/discrete_diffusion/openwebtext-train/2026.06.22/004711/samples_steps64_temp0.725.json",
  "source_gen_ppl": 5.008876323699951,
  "temperature": 0.7250000238418579,
  "temperature_label": "0.725",
  "unigram_entropy": 4.724944947836202,
  "unique_1gram_corpus": 0.03667953667953668,
  "unique_1gram_sample": 0.2848557345131817,
  "unique_2gram_corpus": 0.16860669385759894,
  "unique_2gram_sample": 0.56230383071041,
  "unique_3gram_corpus": 0.28209529197694155,
  "unique_3gram_sample": 0.6770986146481829,
  "unique_4gram_corpus": 0.33924007040636717,
  "unique_4gram_sample": 0.7358086483514843
}
