{
  "empty_samples": 0,
  "gen_ppl": 2.6948939188862426,
  "max_tokens": 1024,
  "mean_tokens": 1023.9375,
  "method": "ar",
  "min_tokens": 1022,
  "nfe": 64,
  "num_samples": 256,
  "rank_wasserstein": 0.9412304204763327,
  "rep_1": 0.8085426594452184,
  "rep_2": 0.6312148653441385,
  "rep_3": 0.5518527860244659,
  "source_entropy": 4.164146900177002,
  "source_file": "/data/remote_cache/patrick/discrete_diffusion/openwebtext-train/2026.06.22/004711/samples_steps64_temp0.625.json",
  "source_gen_ppl": 2.6945555210113525,
  "temperature": 0.625,
  "temperature_label": "0.625",
  "unigram_entropy": 4.164446507652521,
  "unique_1gram_corpus": 0.026021638283586643,
  "unique_1gram_sample": 0.1914573405547815,
  "unique_2gram_corpus": 0.10951151707704528,
  "unique_2gram_sample": 0.36878513465586144,
  "unique_3gram_corpus": 0.18300103969176199,
  "unique_3gram_sample": 0.44814721397553403,
  "unique_4gram_corpus": 0.22444903581267217,
  "unique_4gram_sample": 0.49431602686882276
}
