{
  "empty_samples": 0,
  "gen_ppl": 27.674126614565388,
  "max_tokens": 1025,
  "mean_tokens": 1023.234375,
  "method": "ar",
  "min_tokens": 1014,
  "nfe": 64,
  "num_samples": 256,
  "rank_wasserstein": 0.4573626935740652,
  "rep_1": 0.5249732839269033,
  "rep_2": 0.15253839821059217,
  "rep_3": 0.061178821164304106,
  "source_entropy": 5.4923295974731445,
  "source_file": "/data/remote_cache/patrick/discrete_diffusion/openwebtext-train/2026.06.22/004711/samples_steps64_temp0.975.json",
  "source_gen_ppl": 27.669517517089844,
  "temperature": 0.9750000238418579,
  "temperature_label": "0.975",
  "unigram_entropy": 5.4918322732578995,
  "unique_1gram_corpus": 0.06578023119092338,
  "unique_1gram_sample": 0.47502671607309677,
  "unique_2gram_corpus": 0.29869846995704874,
  "unique_2gram_sample": 0.8474616017894077,
  "unique_3gram_corpus": 0.4305260178399302,
  "unique_3gram_sample": 0.9388211788356955,
  "unique_4gram_corpus": 0.47128800061260434,
  "unique_4gram_sample": 0.9715902057658704
}
