{
  "empty_samples": 0,
  "gen_ppl": 2.500942708163196,
  "max_tokens": 1025,
  "mean_tokens": 1023.9140625,
  "method": "ar",
  "min_tokens": 1021,
  "nfe": 64,
  "num_samples": 256,
  "rank_wasserstein": 0.9783406754052695,
  "rep_1": 0.8240014438573954,
  "rep_2": 0.6643705778237582,
  "rep_3": 0.5933586882213948,
  "source_entropy": 4.11898136138916,
  "source_file": "/data/remote_cache/patrick/discrete_diffusion/openwebtext-train/2026.06.22/004711/samples_steps64_temp0.600.json",
  "source_gen_ppl": 2.5006344318389893,
  "temperature": 0.6000000238418579,
  "temperature_label": "0.600",
  "unigram_entropy": 4.119321685966728,
  "unique_1gram_corpus": 0.023843858966435476,
  "unique_1gram_sample": 0.17599855614260465,
  "unique_2gram_corpus": 0.09935997800401732,
  "unique_2gram_sample": 0.33562942217624137,
  "unique_3gram_corpus": 0.16577730209089866,
  "unique_3gram_sample": 0.40664131177860513,
  "unique_4gram_corpus": 0.2029852231073563,
  "unique_4gram_sample": 0.4489663376590343
}
