{
  "empty_samples": 0,
  "gen_ppl": 34.19660853632009,
  "max_tokens": 1026,
  "mean_tokens": 1023.3125,
  "method": "ar",
  "min_tokens": 1018,
  "nfe": 64,
  "num_samples": 256,
  "rank_wasserstein": 0.610117583943185,
  "rep_1": 0.49587032336255044,
  "rep_2": 0.13403779934156623,
  "rep_3": 0.052613059429588785,
  "source_entropy": 5.591472148895264,
  "source_file": "/data/remote_cache/patrick/discrete_diffusion/openwebtext-train/2026.06.22/004711/samples_steps64_temp1.000.json",
  "source_gen_ppl": 34.19096374511719,
  "temperature": 1.0,
  "temperature_label": "1.000",
  "unigram_entropy": 5.591223561556665,
  "unique_1gram_corpus": 0.06952375862700788,
  "unique_1gram_sample": 0.5041296766374496,
  "unique_2gram_corpus": 0.31511738093782476,
  "unique_2gram_sample": 0.865962200658434,
  "unique_3gram_corpus": 0.43951563551802214,
  "unique_3gram_sample": 0.9473869405704102,
  "unique_4gram_corpus": 0.47560490045941806,
  "unique_4gram_sample": 0.9762233936973269
}
