{
  "empty_samples": 0,
  "gen_ppl": 22.24441336549075,
  "max_tokens": 1034,
  "mean_tokens": 1023.6015625,
  "method": "ar",
  "min_tokens": 1017,
  "nfe": 64,
  "num_samples": 256,
  "rank_wasserstein": 0.3028889917856704,
  "rep_1": 0.5383441068647571,
  "rep_2": 0.16717394178695041,
  "rep_3": 0.07096351224382134,
  "source_entropy": 5.4540629386901855,
  "source_file": "/data/remote_cache/patrick/discrete_diffusion/openwebtext-train/2026.06.22/004711/samples_steps64_temp0.950.json",
  "source_gen_ppl": 22.24076271057129,
  "temperature": 0.949999988079071,
  "temperature_label": "0.950",
  "unigram_entropy": 5.454623469156482,
  "unique_1gram_corpus": 0.06220758504361896,
  "unique_1gram_sample": 0.4616558931352428,
  "unique_2gram_corpus": 0.2879909544437059,
  "unique_2gram_sample": 0.8328260582130494,
  "unique_3gram_corpus": 0.4221045386762513,
  "unique_3gram_sample": 0.9290364877561774,
  "unique_4gram_corpus": 0.4663150562244999,
  "unique_4gram_sample": 0.9657685707525174
}
