{
  "empty_samples": 0,
  "gen_ppl": 3.595059797400802,
  "max_tokens": 1024,
  "mean_tokens": 1023.8046875,
  "method": "ar",
  "min_tokens": 1017,
  "nfe": 64,
  "num_samples": 256,
  "rank_wasserstein": 0.8056408969791717,
  "rep_1": 0.7641084250100578,
  "rep_2": 0.5384765913509958,
  "rep_3": 0.44180881704442243,
  "source_entropy": 4.43058967590332,
  "source_file": "/data/remote_cache/patrick/discrete_diffusion/openwebtext-train/2026.06.22/004711/samples_steps64_temp0.675.json",
  "source_gen_ppl": 3.594580888748169,
  "temperature": 0.675000011920929,
  "temperature_label": "0.675",
  "unigram_entropy": 4.431026389950326,
  "unique_1gram_corpus": 0.03186261417659313,
  "unique_1gram_sample": 0.23589157498994218,
  "unique_2gram_corpus": 0.13863533940833644,
  "unique_2gram_sample": 0.4615234086490045,
  "unique_3gram_corpus": 0.23180111781391685,
  "unique_3gram_sample": 0.5581911829555775,
  "unique_4gram_corpus": 0.2807374696738939,
  "unique_4gram_sample": 0.610582175301423
}
