{
  "empty_samples": 0,
  "gen_ppl": 13.962104084959442,
  "max_tokens": 1025,
  "mean_tokens": 1023.609375,
  "method": "ar",
  "min_tokens": 1020,
  "nfe": 64,
  "num_samples": 256,
  "rank_wasserstein": 0.02606072523110476,
  "rep_1": 0.5852583502563948,
  "rep_2": 0.22358507766908517,
  "rep_3": 0.11578304383334223,
  "source_entropy": 5.270382881164551,
  "source_file": "/data/remote_cache/patrick/discrete_diffusion/openwebtext-train/2026.06.22/004711/samples_steps64_temp0.900.json",
  "source_gen_ppl": 13.959887504577637,
  "temperature": 0.8999999761581421,
  "temperature_label": "0.900",
  "unigram_entropy": 5.2706906742704005,
  "unique_1gram_corpus": 0.054483216559051154,
  "unique_1gram_sample": 0.41474164974360556,
  "unique_2gram_corpus": 0.2550193286170489,
  "unique_2gram_sample": 0.776414922330915,
  "unique_3gram_corpus": 0.3914358472385788,
  "unique_3gram_sample": 0.8842169561666573,
  "unique_4gram_corpus": 0.44288415315604956,
  "unique_4gram_sample": 0.9280112492567525
}
