{
  "empty_samples": 0,
  "gen_ppl": 8.082369913230206,
  "max_tokens": 1024,
  "mean_tokens": 1023.515625,
  "method": "ar",
  "min_tokens": 999,
  "nfe": 64,
  "num_samples": 256,
  "rank_wasserstein": 0.3621554933384601,
  "rep_1": 0.6512031391242219,
  "rep_2": 0.3110439604939165,
  "rep_3": 0.18431953161803735,
  "source_entropy": 5.032888412475586,
  "source_file": "/data/remote_cache/patrick/discrete_diffusion/openwebtext-train/2026.06.22/004711/samples_steps64_temp0.800.json",
  "source_gen_ppl": 8.081156730651855,
  "temperature": 0.800000011920929,
  "temperature_label": "0.800",
  "unigram_entropy": 5.033433956420941,
  "unique_1gram_corpus": 0.04311884588962674,
  "unique_1gram_sample": 0.34879686087577777,
  "unique_2gram_corpus": 0.21004034168182026,
  "unique_2gram_sample": 0.6889560395060841,
  "unique_3gram_corpus": 0.3469645288098261,
  "unique_3gram_sample": 0.8156804683819626,
  "unique_4gram_corpus": 0.4080772587386891,
  "unique_4gram_sample": 0.8740405405240149
}
