{
  "empty_samples": 0,
  "gen_ppl": 10.59323591821218,
  "max_tokens": 1026,
  "mean_tokens": 1023.78125,
  "method": "ar",
  "min_tokens": 1013,
  "nfe": 64,
  "num_samples": 256,
  "rank_wasserstein": 0.19307111901182647,
  "rep_1": 0.6151699988903103,
  "rep_2": 0.25947813516396173,
  "rep_3": 0.14011723941820514,
  "source_entropy": 5.165505886077881,
  "source_file": "/data/remote_cache/patrick/discrete_diffusion/openwebtext-train/2026.06.22/004711/samples_steps64_temp0.850.json",
  "source_gen_ppl": 10.591597557067871,
  "temperature": 0.8500000238418579,
  "temperature_label": "0.850",
  "unigram_entropy": 5.165919192445926,
  "unique_1gram_corpus": 0.04952916577638045,
  "unique_1gram_sample": 0.38483000110968985,
  "unique_2gram_corpus": 0.23347795533013535,
  "unique_2gram_sample": 0.7405218648360387,
  "unique_3gram_corpus": 0.373054102822889,
  "unique_3gram_sample": 0.8598827605817948,
  "unique_4gram_corpus": 0.43016225317618245,
  "unique_4gram_sample": 0.9100353555663212
}
