{
  "empty_samples": 0,
  "gen_ppl": 7.00737609127032,
  "max_tokens": 1024,
  "mean_tokens": 1023.625,
  "method": "ar",
  "min_tokens": 1010,
  "nfe": 64,
  "num_samples": 256,
  "rank_wasserstein": 0.45111453854699846,
  "rep_1": 0.668101543433258,
  "rep_2": 0.34264630875790186,
  "rep_3": 0.21854364433038936,
  "source_entropy": 4.960327625274658,
  "source_file": "/data/remote_cache/patrick/discrete_diffusion/openwebtext-train/2026.06.22/004711/samples_steps64_temp0.775.json",
  "source_gen_ppl": 7.006330490112305,
  "temperature": 0.7750000357627869,
  "temperature_label": "0.775",
  "unigram_entropy": 4.960407229231198,
  "unique_1gram_corpus": 0.0408322139455367,
  "unique_1gram_sample": 0.3318984565667419,
  "unique_2gram_corpus": 0.19619010512162327,
  "unique_2gram_sample": 0.6573536912420981,
  "unique_3gram_corpus": 0.3266930747583507,
  "unique_3gram_sample": 0.7814563556696101,
  "unique_4gram_corpus": 0.38892758726270665,
  "unique_4gram_sample": 0.8414457842394881
}
